<?xml version="1.0" encoding="UTF-8"?>
<!--
 *************************************************************************
 * The contents of this file are subject to the Openbravo  Public  License
 * Version  1.0  (the  "License"),  being   the  Mozilla   Public  License
 * Version 1.1  with a permitted attribution clause; you may not  use this
 * file except in compliance with the License. You  may  obtain  a copy of
 * the License at http://www.openbravo.com/legal/license.html
 * Software distributed under the License  is  distributed  on  an "AS IS"
 * basis, WITHOUT WARRANTY OF ANY KIND, either express or implied. See the
 * License for the specific  language  governing  rights  and  limitations
 * under the License.
 * The Original Code is Openbravo ERP.
 * The Initial Developer of the Original Code is Openbravo SLU
 * All portions are Copyright (C) 2010 Openbravo SLU
 * All Rights Reserved.
 * Contributor(s):  ______________________________________.
 *************************************************************************
-->
<REPORT>
	<template file="BatchPaymentExecution.html"/>
	<PARAMETER id="paramToolBar" name="toolbar" default=""/>
	<PARAMETER id="paramDirectory" name="directory" default=""/>
	<PARAMETER id="paramLanguage" name="paramLanguage" default=""/>
    <PARAMETER id="paramCSS" name="theme" attribute="href" replace="Default"/>
    <PARAMETER id="paramParentTabContainer" name="parentTabContainer" default=" "/>
    <PARAMETER id="paramMainTabContainer" name="mainTabContainer" default=" "/>
    <PARAMETER id="paramChildTabContainer" name="childTabContainer" default=" "/>
    <PARAMETER id="tdleftTabs" name="leftTabs" default=""/>
    <PARAMETER id="tdtopButtons" name="navigationBar" default=""/>
    <PARAMETER id="messageBoxID" name="messageType" attribute="class" replace="yy" default="HIDDEN"/>
    <PARAMETER id="messageBoxIDTitle" name="messageTitle" default=""/>
    <PARAMETER id="messageBoxIDMessage" name="messageMessage" default=""/>
    <PARAMETER id="fieldCalendar" name="calendar" attribute="src" replace="es" default="en"/>
	
    <PARAMETER id="param2" name="param2" default="2"/>
    <DISCARD id="discard"/>
    
    <PARAMETER id="paramDateFrom" name="dateFrom" attribute="value"/>
    <PARAMETER id="paramDateFrom" name="dateDisplayFormat" attribute="displayformat" replace="xx"/>
    <PARAMETER id="paramDateFrom" name="dateDisplayFormat" attribute="saveformat" replace="yy"/>    
    <PARAMETER id="paramDateTo" name="dateTo" attribute="value"/>
    <PARAMETER id="paramDateTo" name="dateDisplayFormat" attribute="displayformat" replace="xx"/>
    <PARAMETER id="paramDateTo" name="dateDisplayFormat" attribute="saveformat" replace="yy"/>
    
    <PARAMETER id="inpwindowId" name="windowId" attribute="value" default=""/>
    <PARAMETER id="inpTabId" name="tabId" attribute="value" default=""/>
    <PARAMETER id="inpChkIsReceipt" name="inpChkIsReceipt" attribute="value" default="Y"/>
    
    <!-- <PARAMETER id="fieldKey" name="key" attribute="value"/>
    <PARAMETER id="fieldName" name="name" attribute="value"/> -->
    
    <PARAMETER id="paramOrgId" name="orgId"/>
    <SUBREPORT id="reportAD_ORGID" name="reportAD_ORGID" report="org/openbravo/erpCommon/reference/List">
      <ARGUMENT name="parameterListSelected" withId="paramOrgId"/>
    </SUBREPORT>
    
    <PARAMETER id="grid" name="grid" attribute="numrows"/>
    <PARAMETER id="grid" name="grid_Offset" attribute="offset"/>
    <PARAMETER id="grid" name="grid_SortCols" attribute="sortcols"/>
    <PARAMETER id="grid" name="grid_SortDirs" attribute="sortdirs"/>
    <PARAMETER id="grid" name="grid_Default" attribute="defaultrow"/>
    
    <PARAMETER id="sectionDetailPaymentMethod" name="sectionDetailPaymentMethod"/>
    <PARAMETER id="sectionDetailFinancialAccount" name="sectionDetailFinancialAccount"/>

</REPORT>
