<?xml version="1.0" encoding="UTF-8"?>
<!--
 *************************************************************************
 * The contents of this file are subject to the Openbravo  Public  License
 * Version  1.0  (the  "License"),  being   the  Mozilla   Public  License
 * Version 1.1  with a permitted attribution clause; you may not  use this
 * file except in compliance with the License. You  may  obtain  a copy of
 * the License at http://www.openbravo.com/legal/license.html
 * Software distributed under the License  is  distributed  on  an "AS IS"
 * basis, WITHOUT WARRANTY OF ANY KIND, either express or implied. See the
 * License for the specific  language  governing  rights  and  limitations
 * under the License.
 * The Original Code is Openbravo ERP.
 * The Initial Developer of the Original Code is Openbravo SLU
 * All portions are Copyright (C) 2010 Openbravo SLU
 * All Rights Reserved.
 * Contributor(s):  ______________________________________.
 *************************************************************************
-->
<REPORT>
<template id="class" file="Transactions.html"></template>
    <PARAMETER id="paramCSS" name="theme" attribute="href" replace="Default"/>
    <PARAMETER id="paramCheck" name="check" default="Y"/>
    <PARAMETER id="paramLanguage" name="language" default=""/>
    <PARAMETER id="linkButtonSaveRelation" name="command" attribute="onclick" replace="xx"/>
    <PARAMETER id="linkButtonSaveNew" name="command" attribute="onclick" replace="xx"/>
    <PARAMETER id="linkButtonSaveEdit" name="command" attribute="onclick" replace="xx"/>
    <PARAMETER id="paramWindowId" name="windowId" attribute="value" default=""/>
    <PARAMETER id="paramDirectory" name="directory" default=""/>
    <PARAMETER id="paramCommandType" name="commandType" attribute="value"/>
    <PARAMETER id="fieldWindowName" name="windowName"/>
    <PARAMETER id="fieldTabName" name="tabName"/>
    <PARAMETER id="fieldWindowId" name="windowId" attribute="value"/>
    <PARAMETER id="fieldTabId" name="tabId" attribute="value"/>
    <PARAMETER id="fieldTableId" name="tableId" attribute="value"/>
    <PARAMETER id="fieldButtonAction" name="windowPath" attribute="onclick" replace="xx"/>
    <PARAMETER id="paramParentTabContainer" name="parentTabContainer" default=" "/>
    <PARAMETER id="paramMainTabContainer" name="mainTabContainer" default=" "/>
    <PARAMETER id="paramChildTabContainer" name="childTabContainer" default=" "/>
    <PARAMETER id="tdtopButtons" name="navigationBar" default=""/>
    <PARAMETER id="messageBoxID" name="messageType" attribute="class" replace="yy" default="HIDDEN"/>
    <PARAMETER id="messageBoxIDTitle" name="messageTitle" default=""/>
    <PARAMETER id="messageBoxIDMessage" name="messageMessage" default=""/>
    <PARAMETER id="paramToolBar" name="toolbar" default=""/>
    <PARAMETER id="tdleftTabs" name="leftTabs" default=""/>
    <PARAMETER id="paramAccount" name="account" default=""/>
    <PARAMETER id="paramLastReconcileDate" name="lastReconcileDate" default=""/>
    <PARAMETER id="lastRecBalance" name="lastRecBalance" default="" format="euroInform"/>
    <PARAMETER id="currentBalance" name="currentBalance" default="" format="euroInform"/>
    <PARAMETER id="paramItemNo" name="itemNo" default=""/>
    <PARAMETER id="Fin_Financial_Account_ID" name="finFinancialAccountId" attribute="value"/>
    <PARAMETER id="paramCheckbox" name="constantCheckbox" default="Y"/>
    <PARAMETER id="paramHideReconciled" name="hideReconciled" boolean="checked" withId="paramCheckbox"/>
    <PARAMETER id="paramType" name="type" default="" attribute="value"/>

    <PARAMETER id="grid" name="grid" attribute="numrows" />
    <PARAMETER id="grid" name="grid_Offset" attribute="offset" />
    <PARAMETER id="grid" name="grid_SortCols" attribute="sortcols" />
    <PARAMETER id="grid" name="grid_SortDirs" attribute="sortdirs" />
    <PARAMETER id="grid" name="grid_Default" attribute="defaultrow" />

    <DISCARD id="discard"/>
</REPORT>
