<?xml version="1.0" encoding="UTF-8"?>
<!--
 *************************************************************************
 * The contents of this file are subject to the Openbravo  Public  License
 * Version  1.0  (the  "License"),  being   the  Mozilla   Public  License
 * Version 1.1  with a permitted attribution clause; you may not  use this
 * file except in compliance with the License. You  may  obtain  a copy of
 * the License at http://www.openbravo.com/legal/license.html
 * Software distributed under the License  is  distributed  on  an "AS IS"
 * basis, WITHOUT WARRANTY OF ANY KIND, either express or implied. See the
 * License for the specific  language  governing  rights  and  limitations
 * under the License.
 * The Original Code is Openbravo ERP.
 * The Initial Developer of the Original Code is Openbravo SLU
 * All portions are Copyright (C) 2010-2012 Openbravo SLU
 * All Rights Reserved.
 * Contributor(s):  ______________________________________.
 *************************************************************************
-->
<REPORT>
  <template file="AddTransactionGrid.srpt"/> 
    
  <PARAMETER id="param2" name="param2" default="2"/>
    
  <structure name="structure">
    <FIELD id="fieldRownum1">rownum</FIELD>
    <FUNCTION id="funcEvenOddRow" name="MODULE" arg1="fieldRownum1" arg2="param2" format="integerEdition" attribute="class" replace="yy"/>
    <FIELD id="fieldFinAcc">finAcc</FIELD>
    <FIELD id="fieldPaymentId" attribute="value">paymentId</FIELD>
    <FIELD id="fieldPayment">paymentInfo</FIELD>
    <FIELD id="fieldDescription">paymentDescriptionTrunc</FIELD>
    <FIELD id="fieldDescription" attribute="title" replace="zz">paymentDescription</FIELD>
    <FIELD id="fieldDate">paymentDate</FIELD>
    <FIELD id="fieldDepositAmount">depositAmount</FIELD>
    <FIELD id="fieldPaymentAmount">paymentAmount</FIELD>

    <SECTION id="sectionLinesDetail"/>
  </structure>
</REPORT>
