<?xml version="1.0" encoding="UTF-8"?>
<!--
 *************************************************************************
 * The contents of this file are subject to the Openbravo  Public  License
 * Version  1.0  (the  "License"),  being   the  Mozilla   Public  License
 * Version 1.1  with a permitted attribution clause; you may not  use this
 * file except in compliance with the License. You  may  obtain  a copy of
 * the License at http://www.openbravo.com/legal/license.html
 * Software distributed under the License  is  distributed  on  an "AS IS"
 * basis, WITHOUT WARRANTY OF ANY KIND, either express or implied. See the
 * License for the specific  language  governing  rights  and  limitations
 * under the License.
 * The Original Code is Openbravo ERP.
 * The Initial Developer of the Original Code is Openbravo SLU
 * All portions are Copyright (C) 2010 Openbravo SLU
 * All Rights Reserved.
 * Contributor(s):  ______________________________________.
 *************************************************************************
-->
<REPORT>
  <template file="ExecutePayments.html"/>
  <PARAMETER id="paramLanguage" name="language" default=""/>
  <PARAMETER id="paramDirectory" name="directory" default=""/>
  <PARAMETER id="paramCSS" name="theme" attribute="href" replace="Default"/>

  <PARAMETER id="messageBoxID" name="messageType" attribute="class" replace="yy" default="HIDDEN"/>
  <PARAMETER id="messageBoxIDTitle" name="messageTitle" default=""/>
  <PARAMETER id="messageBoxIDMessage" name="messageMessage" default=""/>

  <PARAMETER id="paramExecutionProcess" name="executionProcess" attribute="value"/>
  <PARAMETER id="paramOrganization" name="organization" attribute="value"/>
  <PARAMETER id="paramTitle" name="title" default=""/>
  <PARAMETER id="paramHelp" name="help" default=""/>

  <PARAMETER id="fieldCheckValue" name="check" default="Y"/>

  <STRUCTURE name="structure">
    <FIELD id="fieldLabel">name</FIELD>
    <FIELD id="fieldTextStyle" attribute="style" replace="none">showtext</FIELD>
    <FIELD id="fieldText" attribute="name" replace="xx">parameterid</FIELD>
    <FIELD id="fieldText" attribute="value">defaulttext</FIELD>
    <FIELD id="fieldCheckStyle" attribute="style" replace="none">showcheck</FIELD>
    <FIELD id="fieldCheck" attribute="name" replace="xx">parameterid</FIELD>
    <FIELD id="fieldCheck" boolean="checked" withId="fieldCheckValue">defaultcheck</FIELD>
    <SECTION id="sectionDetail"/>
  </STRUCTURE>
</REPORT>
