<?xml version="1.0" encoding="UTF-8" ?>
<!--
 *************************************************************************
 * The contents of this file are subject to the Openbravo  Public  License
 * Version  1.0  (the  "License"),  being   the  Mozilla   Public  License
 * Version 1.1  with a permitted attribution clause; you may not  use this
 * file except in compliance with the License. You  may  obtain  a copy of
 * the License at http://www.openbravo.com/legal/license.html
 * Software distributed under the License  is  distributed  on  an "AS IS"
 * basis, WITHOUT WARRANTY OF ANY KIND, either express or implied. See the
 * License for the specific  language  governing  rights  and  limitations
 * under the License.
 * The Original Code is Openbravo ERP.
 * The Initial Developer of the Original Code is Openbravo SLU
 * All portions are Copyright (C) 2010 Openbravo SLU
 * All Rights Reserved.
 * Contributor(s):  ______________________________________.
 *************************************************************************
-->
<REPORT>
	<template file="ImportBankFile.html"/>
	<PARAMETER id="paramLanguage" name="language" default=""/>
	<PARAMETER id="paramFINFinancialAccountId" name="key" default="" attribute="value"/>
	<PARAMETER id="window" name="window" default="" attribute="value"/>
	<PARAMETER id="paramDirectory" name="directory" default=""/>
	<PARAMETER id="paramCSS" name="theme" attribute="href" replace="Default"/>
	<PARAMETER id="processDescription" name="description" replaceCharacters="htmlHelp" default=""/>
	<PARAMETER id="processHelp" name="help" replaceCharacters="htmlHelp" default=""/>
	<PARAMETER id="messageBoxID" name="messageType" attribute="class" replace="yy" default="HIDDEN"/>
	<PARAMETER id="messageBoxIDTitle" name="messageTitle" default=""/>
	<PARAMETER id="messageBoxIDMessage" name="messageMessage" default=""/>
    <PARAMETER id="finBankFileFormatId" name="finBankFileFormatId" attribute="value"/>
    <PARAMETER id="tabId" name="tabId" attribute="value"/>
    <SUBREPORT id="reportfinBankFileFormatId" name="reportfinBankFileFormatId" report="org/openbravo/erpCommon/reference/List">
        <ARGUMENT name="parameterListSelected" withId="finBankFileFormatId"/>
    </SUBREPORT>
	<DISCARD id="discard"/>
</REPORT>
