<?xml version="1.0" encoding="UTF-8"?>
<!--
 *************************************************************************
 * The contents of this file are subject to the Openbravo  Public  License
 * Version  1.0  (the  "License"),  being   the  Mozilla   Public  License
 * Version 1.1  with a permitted attribution clause; you may not  use this
 * file except in compliance with the License. You  may  obtain  a copy of
 * the License at http://www.openbravo.com/legal/license.html
 * Software distributed under the License  is  distributed  on  an "AS IS"
 * basis, WITHOUT WARRANTY OF ANY KIND, either express or implied. See the
 * License for the specific  language  governing  rights  and  limitations
 * under the License.
 * The Original Code is Openbravo ERP.
 * The Initial Developer of the Original Code is Openbravo SLU
 * All portions are Copyright (C) 2010-2013 Openbravo SLU
 * All Rights Reserved.
 * Contributor(s):  ______________________________________.
 *************************************************************************
-->
<REPORT>
  <template file="MatchTransactionGrid.srpt"/> 
  <PARAMETER id="param2" name="param2" default="2"/>
  <PARAMETER id="booleanY" name="booleanY" default="Y"/>

  <structure name="structure">
    <FIELD id="fieldRownum1">rownum</FIELD>
    <FIELD id="fieldYes">yes</FIELD>
    <FUNCTION id="funcEvenOddRow" name="MODULE" arg1="fieldRownum1" arg2="param2" format="integerEdition" attribute="class" replace="xx"/>

    <!--FIELD id="fieldBLId" attribute="name" replace="xx">finBankLineId</FIELD-->
    <FIELD id="fieldBLTransactionDate">bankLineTransactionDate</FIELD>
    <FIELD id="fieldBLBusinessPartner">bankLineBusinessPartner</FIELD>
    <FIELD id="fieldBLBusinessPartnerCeld" attribute="title">bankLineDescription</FIELD>
    <FIELD id="fieldBLBusinessPartner" attribute="style" replace="xx">textcolor</FIELD>
    <FIELD id="fieldBLReferenceNo">bankLineReferenceNo</FIELD>
    <FIELD id="inpBSAmount_xx" attribute="value" format="euroEdition">bankLineAmount</FIELD>
    <FIELD id="inpBSAmount_xx" attribute="id" replace="xx">finBankLineId</FIELD>
    <FIELD id="fieldAmount" format="euroEdition">bankLineAmount</FIELD>
    <FIELD id="inpMatchStyle_xx" attribute="style" replace="xx">matchStyle</FIELD>
    <FIELD id="inpMatchStyle_xx" attribute="name" replace="xx">finBankLineId</FIELD>
    <FIELD id="inpMatchStyle_xx" attribute="id" replace="xx">finBankLineId</FIELD>
    <FIELD id="fieldFindLink" attribute="onClick" replace="xx">finBankLineId</FIELD>
    <FIELD id="inpCheckBox_xx" attribute="value">finBankLineId</FIELD>
    <FIELD id="inpCheckBox_xx" boolean="disabled" withId="fieldYes">disabled</FIELD>
    <FIELD id="inpCheckBox_xx" boolean="checked" withId="fieldYes">checked</FIELD>
    <FIELD id="inpCheckBox_xx" attribute="id" replace="xx">finBankLineId</FIELD>
    <FIELD id="inpCheckBox_xx" attribute="onclick" replace="xx">finBankLineId</FIELD>
    <FIELD id="inpFinancialTransactionId_xx" attribute="value">finTransactionId</FIELD>
    <FIELD id="inpFinancialTransactionId_xx" attribute="name" replace="xx">finBankLineId</FIELD>
    <FIELD id="inpFinancialTransactionId_xx" attribute="id" replace="xx">finBankLineId</FIELD>
    <FIELD id="inpMatchingType_xx" attribute="value">matchingType</FIELD>
    <FIELD id="inpMatchingType_xx" attribute="name" replace="xx">finBankLineId</FIELD>
    <FIELD id="inpMatchingType_xx" attribute="id" replace="xx">finBankLineId</FIELD>
    <FIELD id="inpMatchType_xx">matchingTypeDescription</FIELD>
    <FIELD id="inpMatchType_xx" attribute="id" replace="xx">finBankLineId</FIELD>
    <FIELD id="inpMatchType_xx" attribute="title">trxDescription</FIELD>
    <FIELD id="fieldAddLink" attribute="onclick" replace="xx">finBankLineId</FIELD>
    <FIELD id="inpTransactionDate_xx">transactionDate</FIELD>
    <FIELD id="inpTransactionDate_xx" attribute="title">trxDescription</FIELD>
    <FIELD id="inpTransactionDate_xx" attribute="id" replace="xx">finBankLineId</FIELD>
    <FIELD id="inpMatchedDocument_xx">matchedDocument</FIELD>
    <FIELD id="inpMatchedDocument_xx" attribute="id" replace="xx">finBankLineId</FIELD>
    <FIELD id="inpMatchedDocument_xx" attribute="title">trxDescription</FIELD>
    <FIELD id="inpBPartner_xx">transactionBPartner</FIELD>
    <FIELD id="inpBPartner_xx" attribute="title">trxDescription</FIELD>
    <FIELD id="inpBPartner_xx" attribute="id" replace="xx">finBankLineId</FIELD>
    <FIELD id="inpReferenceNo_xx">transactionReferenceNo</FIELD>
    <FIELD id="inpReferenceNo_xx" attribute="title">trxDescription</FIELD>
    <FIELD id="inpReferenceNo_xx" attribute="id" replace="xx">finBankLineId</FIELD>
    <FIELD id="inpAmount_xx" format="euroEdition">transactionAmount</FIELD>
    <FIELD id="inpAmount_xx" attribute="title">trxDescription</FIELD>
    <FIELD id="inpAmount_xx" attribute="id" replace="xx">finBankLineId</FIELD>
    <SECTION id="sectionDetail"/>
  </structure>
</REPORT>
