<?xml version="1.0" encoding="UTF-8"?>
<!--
 *************************************************************************
 * The contents of this file are subject to the Openbravo  Public  License
 * Version  1.0  (the  "License"),  being   the  Mozilla   Public  License
 * Version 1.1  with a permitted attribution clause; you may not  use this
 * file except in compliance with the License. You  may  obtain  a copy of
 * the License at http://www.openbravo.com/legal/license.html
 * Software distributed under the License  is  distributed  on  an "AS IS"
 * basis, WITHOUT WARRANTY OF ANY KIND, either express or implied. See the
 * License for the specific  language  governing  rights  and  limitations
 * under the License.
 * The Original Code is Openbravo ERP.
 * The Initial Developer of the Original Code is Openbravo SLU
 * All portions are Copyright (C) 2010-2011 Openbravo SLU
 * All Rights Reserved.
 * Contributor(s):  ______________________________________.
 *************************************************************************
-->
<REPORT>
  <template file="PaymentGLItemGrid.srpt"/> 

  <parameter id="param2" name="param2" default="2"/>
  <structure name="structure">
    <FIELD id="fieldGLItemName">cglitemid</FIELD>
    <FIELD id="fieldAmount" format="euroEdition">amount</FIELD>
    <FIELD id="fieldHiddenAmt" attribute="value" format="euroEdition">amount</FIELD>
    <FIELD id="fieldHiddenAmt" attribute="name" replace="xx">finpaymentdetailid</FIELD>
    <FIELD id="buttonRemoveGLItem" attribute="onclick" replace="xx">finpaymentdetailid</FIELD>

    <!--FIELD id="fieldRownum">rownum</FIELD>
    <FUNCTION id="funcEvenOddRow" name="MODULE" arg1="fieldRownum" arg2="param2" format="integerEdition" attribute="class" replace="xx"/-->

    <SECTION id="sectionLinesDetail"/>
  </structure>
</REPORT>
