<?xml version="1.0" encoding="UTF-8"?>
<!--
 *************************************************************************
 * The contents of this file are subject to the Openbravo  Public  License
 * Version  1.0  (the  "License"),  being   the  Mozilla   Public  License
 * Version 1.1  with a permitted attribution clause; you may not  use this
 * file except in compliance with the License. You  may  obtain  a copy of
 * the License at http://www.openbravo.com/legal/license.html
 * Software distributed under the License  is  distributed  on  an "AS IS"
 * basis, WITHOUT WARRANTY OF ANY KIND, either express or implied. See the
 * License for the specific  language  governing  rights  and  limitations
 * under the License.
 * The Original Code is Openbravo ERP.
 * The Initial Developer of the Original Code is Openbravo SLU
 * All portions are Copyright (C) 2010 Openbravo SLU
 * All Rights Reserved.
 * Contributor(s):  ______________________________________.
 *************************************************************************
-->
<REPORT>
  <template file="ProcessPaymentProposal.html"/>
  <PARAMETER id="paramToolBar" name="toolbar" default=""/>
  <PARAMETER id="paramParentTabContainer" name="parentTabContainer" default=" "/>
  <PARAMETER id="paramMainTabContainer" name="mainTabContainer" default=" "/>
  <PARAMETER id="paramChildTabContainer" name="childTabContainer" default=" "/>
  <PARAMETER id="paramLanguage" name="language" default=""/>
  <PARAMETER id="paramDirectory" name="directory" default=""/>
  <PARAMETER id="paramCSS" name="theme" attribute="href" replace="Default"/>
  <PARAMETER id="tdleftTabs" name="leftTabs" default=""/>
  <PARAMETER id="tdtopButtons" name="navigationBar" default=""/>
  <PARAMETER id="messageBoxID" name="messageType" attribute="class" replace="yy" default="HIDDEN"/>
  <PARAMETER id="messageBoxIDTitle" name="messageTitle" default=""/>
  <PARAMETER id="messageBoxIDMessage" name="messageMessage" default=""/>
  <PARAMETER id="fieldTabId" name="tabId" attribute="value"/>

  <PARAMETER id="fieldFinPaymentProposalId" name="finPaymentProposalId" attribute="value"/>

  <PARAMETER id="fieldBusinessPartnerId" name="businessPartnerId" attribute="value"/>

  <PARAMETER id="paramPROCESS_PROPOSAL_ACTION" name="processProposalAction"/>
  <SUBREPORT id="reportPROCESS_PROPOSAL_ACTION" name="reportPROCESS_PROPOSAL_ACTION" report="org/openbravo/erpCommon/reference/List">
    <ARGUMENT name="parameterListSelected" withId="paramPROCESS_PROPOSAL_ACTION"/>
  </SUBREPORT> 

  <DISCARD id="discard"/>
</REPORT>

