<?xml version='1.0' encoding='UTF-8'?>
<data>
<!--FF8080813166DC99013166E9DC1A0007--><AD_AUXILIARINPUT>
<!--FF8080813166DC99013166E9DC1A0007-->  <AD_AUXILIARINPUT_ID><![CDATA[FF8080813166DC99013166E9DC1A0007]]></AD_AUXILIARINPUT_ID>
<!--FF8080813166DC99013166E9DC1A0007-->  <AD_CLIENT_ID><![CDATA[0]]></AD_CLIENT_ID>
<!--FF8080813166DC99013166E9DC1A0007-->  <AD_ORG_ID><![CDATA[0]]></AD_ORG_ID>
<!--FF8080813166DC99013166E9DC1A0007-->  <ISACTIVE><![CDATA[Y]]></ISACTIVE>
<!--FF8080813166DC99013166E9DC1A0007-->  <AD_TAB_ID><![CDATA[107]]></AD_TAB_ID>
<!--FF8080813166DC99013166E9DC1A0007-->  <NAME><![CDATA[OBUIAPP_Field_Reference]]></NAME>
<!--FF8080813166DC99013166E9DC1A0007-->  <CODE><![CDATA[@SQL=SELECT AD_REFERENCE_ID FROM AD_COLUMN WHERE AD_COLUMN_ID = @AD_COLUMN_ID@]]></CODE>
<!--FF8080813166DC99013166E9DC1A0007-->  <AD_MODULE_ID><![CDATA[9BA0836A3CD74EE4AB48753A47211BCC]]></AD_MODULE_ID>
<!--FF8080813166DC99013166E9DC1A0007--></AD_AUXILIARINPUT>

</data>
