<?xml version='1.0' encoding='UTF-8'?>
<data>
<!--49F3F09E8FC9476F9A70A9828B7B754D--><AD_DATASET_TABLE>
<!--49F3F09E8FC9476F9A70A9828B7B754D-->  <AD_DATASET_TABLE_ID><![CDATA[49F3F09E8FC9476F9A70A9828B7B754D]]></AD_DATASET_TABLE_ID>
<!--49F3F09E8FC9476F9A70A9828B7B754D-->  <AD_CLIENT_ID><![CDATA[0]]></AD_CLIENT_ID>
<!--49F3F09E8FC9476F9A70A9828B7B754D-->  <AD_ORG_ID><![CDATA[0]]></AD_ORG_ID>
<!--49F3F09E8FC9476F9A70A9828B7B754D-->  <ISACTIVE><![CDATA[Y]]></ISACTIVE>
<!--49F3F09E8FC9476F9A70A9828B7B754D-->  <AD_DATASET_ID><![CDATA[D81C5C810AEF47C690E4F688ABC8AAC8]]></AD_DATASET_ID>
<!--49F3F09E8FC9476F9A70A9828B7B754D-->  <AD_TABLE_ID><![CDATA[FF80818132D85DB50132D860924E0004]]></AD_TABLE_ID>
<!--49F3F09E8FC9476F9A70A9828B7B754D-->  <INCLUDEALLCOLUMNS><![CDATA[Y]]></INCLUDEALLCOLUMNS>
<!--49F3F09E8FC9476F9A70A9828B7B754D-->  <WHERECLAUSE><![CDATA[client.id=:ClientID]]></WHERECLAUSE>
<!--49F3F09E8FC9476F9A70A9828B7B754D-->  <EXCLUDEAUDITINFO><![CDATA[N]]></EXCLUDEAUDITINFO>
<!--49F3F09E8FC9476F9A70A9828B7B754D-->  <ISBUSINESSOBJECT><![CDATA[N]]></ISBUSINESSOBJECT>
<!--49F3F09E8FC9476F9A70A9828B7B754D-->  <AD_MODULE_ID><![CDATA[9BA0836A3CD74EE4AB48753A47211BCC]]></AD_MODULE_ID>
<!--49F3F09E8FC9476F9A70A9828B7B754D--></AD_DATASET_TABLE>

<!--6BA89D87574D49EA84F641C20E21DE3E--><AD_DATASET_TABLE>
<!--6BA89D87574D49EA84F641C20E21DE3E-->  <AD_DATASET_TABLE_ID><![CDATA[6BA89D87574D49EA84F641C20E21DE3E]]></AD_DATASET_TABLE_ID>
<!--6BA89D87574D49EA84F641C20E21DE3E-->  <AD_CLIENT_ID><![CDATA[0]]></AD_CLIENT_ID>
<!--6BA89D87574D49EA84F641C20E21DE3E-->  <AD_ORG_ID><![CDATA[0]]></AD_ORG_ID>
<!--6BA89D87574D49EA84F641C20E21DE3E-->  <ISACTIVE><![CDATA[Y]]></ISACTIVE>
<!--6BA89D87574D49EA84F641C20E21DE3E-->  <AD_DATASET_ID><![CDATA[0]]></AD_DATASET_ID>
<!--6BA89D87574D49EA84F641C20E21DE3E-->  <AD_TABLE_ID><![CDATA[457C2166008B451093B2DA54A0F7E2EC]]></AD_TABLE_ID>
<!--6BA89D87574D49EA84F641C20E21DE3E-->  <INCLUDEALLCOLUMNS><![CDATA[Y]]></INCLUDEALLCOLUMNS>
<!--6BA89D87574D49EA84F641C20E21DE3E-->  <WHERECLAUSE><![CDATA[obclker_template_id in (select obclker_template_id from obclker_template where ad_module_id in (:moduleid))]]></WHERECLAUSE>
<!--6BA89D87574D49EA84F641C20E21DE3E-->  <EXCLUDEAUDITINFO><![CDATA[Y]]></EXCLUDEAUDITINFO>
<!--6BA89D87574D49EA84F641C20E21DE3E-->  <ISBUSINESSOBJECT><![CDATA[N]]></ISBUSINESSOBJECT>
<!--6BA89D87574D49EA84F641C20E21DE3E-->  <AD_MODULE_ID><![CDATA[9BA0836A3CD74EE4AB48753A47211BCC]]></AD_MODULE_ID>
<!--6BA89D87574D49EA84F641C20E21DE3E--></AD_DATASET_TABLE>

<!--70E31CA2540F40E2A4151BD17C9DFC70--><AD_DATASET_TABLE>
<!--70E31CA2540F40E2A4151BD17C9DFC70-->  <AD_DATASET_TABLE_ID><![CDATA[70E31CA2540F40E2A4151BD17C9DFC70]]></AD_DATASET_TABLE_ID>
<!--70E31CA2540F40E2A4151BD17C9DFC70-->  <AD_CLIENT_ID><![CDATA[0]]></AD_CLIENT_ID>
<!--70E31CA2540F40E2A4151BD17C9DFC70-->  <AD_ORG_ID><![CDATA[0]]></AD_ORG_ID>
<!--70E31CA2540F40E2A4151BD17C9DFC70-->  <ISACTIVE><![CDATA[Y]]></ISACTIVE>
<!--70E31CA2540F40E2A4151BD17C9DFC70-->  <AD_DATASET_ID><![CDATA[0]]></AD_DATASET_ID>
<!--70E31CA2540F40E2A4151BD17C9DFC70-->  <AD_TABLE_ID><![CDATA[6EDC4A262444493BAE672E7E144A36F7]]></AD_TABLE_ID>
<!--70E31CA2540F40E2A4151BD17C9DFC70-->  <INCLUDEALLCOLUMNS><![CDATA[Y]]></INCLUDEALLCOLUMNS>
<!--70E31CA2540F40E2A4151BD17C9DFC70-->  <WHERECLAUSE><![CDATA[ad_module_id in (:moduleid)]]></WHERECLAUSE>
<!--70E31CA2540F40E2A4151BD17C9DFC70-->  <EXCLUDEAUDITINFO><![CDATA[Y]]></EXCLUDEAUDITINFO>
<!--70E31CA2540F40E2A4151BD17C9DFC70-->  <ISBUSINESSOBJECT><![CDATA[N]]></ISBUSINESSOBJECT>
<!--70E31CA2540F40E2A4151BD17C9DFC70-->  <AD_MODULE_ID><![CDATA[9BA0836A3CD74EE4AB48753A47211BCC]]></AD_MODULE_ID>
<!--70E31CA2540F40E2A4151BD17C9DFC70--></AD_DATASET_TABLE>

<!--74B0D35B8E54480ABBCBD0C930BA7399--><AD_DATASET_TABLE>
<!--74B0D35B8E54480ABBCBD0C930BA7399-->  <AD_DATASET_TABLE_ID><![CDATA[74B0D35B8E54480ABBCBD0C930BA7399]]></AD_DATASET_TABLE_ID>
<!--74B0D35B8E54480ABBCBD0C930BA7399-->  <AD_CLIENT_ID><![CDATA[0]]></AD_CLIENT_ID>
<!--74B0D35B8E54480ABBCBD0C930BA7399-->  <AD_ORG_ID><![CDATA[0]]></AD_ORG_ID>
<!--74B0D35B8E54480ABBCBD0C930BA7399-->  <ISACTIVE><![CDATA[Y]]></ISACTIVE>
<!--74B0D35B8E54480ABBCBD0C930BA7399-->  <AD_DATASET_ID><![CDATA[0]]></AD_DATASET_ID>
<!--74B0D35B8E54480ABBCBD0C930BA7399-->  <AD_TABLE_ID><![CDATA[79127717F4514B459D9014C91E793CE9]]></AD_TABLE_ID>
<!--74B0D35B8E54480ABBCBD0C930BA7399-->  <INCLUDEALLCOLUMNS><![CDATA[Y]]></INCLUDEALLCOLUMNS>
<!--74B0D35B8E54480ABBCBD0C930BA7399-->  <WHERECLAUSE><![CDATA[ad_module_id in (:moduleid)]]></WHERECLAUSE>
<!--74B0D35B8E54480ABBCBD0C930BA7399-->  <EXCLUDEAUDITINFO><![CDATA[Y]]></EXCLUDEAUDITINFO>
<!--74B0D35B8E54480ABBCBD0C930BA7399-->  <ISBUSINESSOBJECT><![CDATA[N]]></ISBUSINESSOBJECT>
<!--74B0D35B8E54480ABBCBD0C930BA7399-->  <AD_MODULE_ID><![CDATA[9BA0836A3CD74EE4AB48753A47211BCC]]></AD_MODULE_ID>
<!--74B0D35B8E54480ABBCBD0C930BA7399--></AD_DATASET_TABLE>

<!--7AA152F1C7D340CD9C29F2D4926EBFE0--><AD_DATASET_TABLE>
<!--7AA152F1C7D340CD9C29F2D4926EBFE0-->  <AD_DATASET_TABLE_ID><![CDATA[7AA152F1C7D340CD9C29F2D4926EBFE0]]></AD_DATASET_TABLE_ID>
<!--7AA152F1C7D340CD9C29F2D4926EBFE0-->  <AD_CLIENT_ID><![CDATA[0]]></AD_CLIENT_ID>
<!--7AA152F1C7D340CD9C29F2D4926EBFE0-->  <AD_ORG_ID><![CDATA[0]]></AD_ORG_ID>
<!--7AA152F1C7D340CD9C29F2D4926EBFE0-->  <ISACTIVE><![CDATA[Y]]></ISACTIVE>
<!--7AA152F1C7D340CD9C29F2D4926EBFE0-->  <AD_DATASET_ID><![CDATA[0]]></AD_DATASET_ID>
<!--7AA152F1C7D340CD9C29F2D4926EBFE0-->  <AD_TABLE_ID><![CDATA[C7CAB786F3EF4DF0B5E7B9AC6EC7DED8]]></AD_TABLE_ID>
<!--7AA152F1C7D340CD9C29F2D4926EBFE0-->  <INCLUDEALLCOLUMNS><![CDATA[Y]]></INCLUDEALLCOLUMNS>
<!--7AA152F1C7D340CD9C29F2D4926EBFE0-->  <WHERECLAUSE><![CDATA[obuiapp_process_id in (select obuiapp_process_id from obuiapp_process where ad_module_id in (:moduleid))]]></WHERECLAUSE>
<!--7AA152F1C7D340CD9C29F2D4926EBFE0-->  <EXCLUDEAUDITINFO><![CDATA[Y]]></EXCLUDEAUDITINFO>
<!--7AA152F1C7D340CD9C29F2D4926EBFE0-->  <ISBUSINESSOBJECT><![CDATA[N]]></ISBUSINESSOBJECT>
<!--7AA152F1C7D340CD9C29F2D4926EBFE0-->  <AD_MODULE_ID><![CDATA[9BA0836A3CD74EE4AB48753A47211BCC]]></AD_MODULE_ID>
<!--7AA152F1C7D340CD9C29F2D4926EBFE0--></AD_DATASET_TABLE>

<!--D0D11CB1AA8D4914AADD67471D58C3F0--><AD_DATASET_TABLE>
<!--D0D11CB1AA8D4914AADD67471D58C3F0-->  <AD_DATASET_TABLE_ID><![CDATA[D0D11CB1AA8D4914AADD67471D58C3F0]]></AD_DATASET_TABLE_ID>
<!--D0D11CB1AA8D4914AADD67471D58C3F0-->  <AD_CLIENT_ID><![CDATA[0]]></AD_CLIENT_ID>
<!--D0D11CB1AA8D4914AADD67471D58C3F0-->  <AD_ORG_ID><![CDATA[0]]></AD_ORG_ID>
<!--D0D11CB1AA8D4914AADD67471D58C3F0-->  <ISACTIVE><![CDATA[Y]]></ISACTIVE>
<!--D0D11CB1AA8D4914AADD67471D58C3F0-->  <AD_DATASET_ID><![CDATA[0]]></AD_DATASET_ID>
<!--D0D11CB1AA8D4914AADD67471D58C3F0-->  <AD_TABLE_ID><![CDATA[FF80818132F263D40132F26C10790010]]></AD_TABLE_ID>
<!--D0D11CB1AA8D4914AADD67471D58C3F0-->  <INCLUDEALLCOLUMNS><![CDATA[Y]]></INCLUDEALLCOLUMNS>
<!--D0D11CB1AA8D4914AADD67471D58C3F0-->  <WHERECLAUSE><![CDATA[ad_reference_id in (select ad_reference_id from ad_reference where ad_module_id in (:moduleid))]]></WHERECLAUSE>
<!--D0D11CB1AA8D4914AADD67471D58C3F0-->  <EXCLUDEAUDITINFO><![CDATA[Y]]></EXCLUDEAUDITINFO>
<!--D0D11CB1AA8D4914AADD67471D58C3F0-->  <ISBUSINESSOBJECT><![CDATA[N]]></ISBUSINESSOBJECT>
<!--D0D11CB1AA8D4914AADD67471D58C3F0-->  <AD_MODULE_ID><![CDATA[9BA0836A3CD74EE4AB48753A47211BCC]]></AD_MODULE_ID>
<!--D0D11CB1AA8D4914AADD67471D58C3F0--></AD_DATASET_TABLE>

<!--FF80808131897C460131898682860016--><AD_DATASET_TABLE>
<!--FF80808131897C460131898682860016-->  <AD_DATASET_TABLE_ID><![CDATA[FF80808131897C460131898682860016]]></AD_DATASET_TABLE_ID>
<!--FF80808131897C460131898682860016-->  <AD_CLIENT_ID><![CDATA[0]]></AD_CLIENT_ID>
<!--FF80808131897C460131898682860016-->  <AD_ORG_ID><![CDATA[0]]></AD_ORG_ID>
<!--FF80808131897C460131898682860016-->  <ISACTIVE><![CDATA[Y]]></ISACTIVE>
<!--FF80808131897C460131898682860016-->  <AD_DATASET_ID><![CDATA[0]]></AD_DATASET_ID>
<!--FF80808131897C460131898682860016-->  <AD_TABLE_ID><![CDATA[B733B9E74A0D4FE1A3EC2A100E0ADD47]]></AD_TABLE_ID>
<!--FF80808131897C460131898682860016-->  <INCLUDEALLCOLUMNS><![CDATA[Y]]></INCLUDEALLCOLUMNS>
<!--FF80808131897C460131898682860016-->  <WHERECLAUSE><![CDATA[ad_module_id in (:moduleid)]]></WHERECLAUSE>
<!--FF80808131897C460131898682860016-->  <EXCLUDEAUDITINFO><![CDATA[Y]]></EXCLUDEAUDITINFO>
<!--FF80808131897C460131898682860016-->  <ISBUSINESSOBJECT><![CDATA[N]]></ISBUSINESSOBJECT>
<!--FF80808131897C460131898682860016-->  <AD_MODULE_ID><![CDATA[9BA0836A3CD74EE4AB48753A47211BCC]]></AD_MODULE_ID>
<!--FF80808131897C460131898682860016--></AD_DATASET_TABLE>

<!--FF8081813185C265013185C8D7AE000E--><AD_DATASET_TABLE>
<!--FF8081813185C265013185C8D7AE000E-->  <AD_DATASET_TABLE_ID><![CDATA[FF8081813185C265013185C8D7AE000E]]></AD_DATASET_TABLE_ID>
<!--FF8081813185C265013185C8D7AE000E-->  <AD_CLIENT_ID><![CDATA[0]]></AD_CLIENT_ID>
<!--FF8081813185C265013185C8D7AE000E-->  <AD_ORG_ID><![CDATA[0]]></AD_ORG_ID>
<!--FF8081813185C265013185C8D7AE000E-->  <ISACTIVE><![CDATA[Y]]></ISACTIVE>
<!--FF8081813185C265013185C8D7AE000E-->  <AD_DATASET_ID><![CDATA[0]]></AD_DATASET_ID>
<!--FF8081813185C265013185C8D7AE000E-->  <AD_TABLE_ID><![CDATA[FF8081813157AED2013157B1F75F0007]]></AD_TABLE_ID>
<!--FF8081813185C265013185C8D7AE000E-->  <INCLUDEALLCOLUMNS><![CDATA[Y]]></INCLUDEALLCOLUMNS>
<!--FF8081813185C265013185C8D7AE000E-->  <WHERECLAUSE><![CDATA[ad_module_id in (:moduleid)]]></WHERECLAUSE>
<!--FF8081813185C265013185C8D7AE000E-->  <EXCLUDEAUDITINFO><![CDATA[Y]]></EXCLUDEAUDITINFO>
<!--FF8081813185C265013185C8D7AE000E-->  <ISBUSINESSOBJECT><![CDATA[N]]></ISBUSINESSOBJECT>
<!--FF8081813185C265013185C8D7AE000E-->  <AD_MODULE_ID><![CDATA[9BA0836A3CD74EE4AB48753A47211BCC]]></AD_MODULE_ID>
<!--FF8081813185C265013185C8D7AE000E-->  <SECONDARYWHERECLAUSE><![CDATA[ad_module_id is not null]]></SECONDARYWHERECLAUSE>
<!--FF8081813185C265013185C8D7AE000E--></AD_DATASET_TABLE>

<!--FF80818132D871EC0132D88BF0920025--><AD_DATASET_TABLE>
<!--FF80818132D871EC0132D88BF0920025-->  <AD_DATASET_TABLE_ID><![CDATA[FF80818132D871EC0132D88BF0920025]]></AD_DATASET_TABLE_ID>
<!--FF80818132D871EC0132D88BF0920025-->  <AD_CLIENT_ID><![CDATA[0]]></AD_CLIENT_ID>
<!--FF80818132D871EC0132D88BF0920025-->  <AD_ORG_ID><![CDATA[0]]></AD_ORG_ID>
<!--FF80818132D871EC0132D88BF0920025-->  <ISACTIVE><![CDATA[Y]]></ISACTIVE>
<!--FF80818132D871EC0132D88BF0920025-->  <AD_DATASET_ID><![CDATA[0]]></AD_DATASET_ID>
<!--FF80818132D871EC0132D88BF0920025-->  <AD_TABLE_ID><![CDATA[FF80818132D7FB620132D8129D1A0028]]></AD_TABLE_ID>
<!--FF80818132D871EC0132D88BF0920025-->  <INCLUDEALLCOLUMNS><![CDATA[Y]]></INCLUDEALLCOLUMNS>
<!--FF80818132D871EC0132D88BF0920025-->  <WHERECLAUSE><![CDATA[ad_module_id in (:moduleid)]]></WHERECLAUSE>
<!--FF80818132D871EC0132D88BF0920025-->  <EXCLUDEAUDITINFO><![CDATA[Y]]></EXCLUDEAUDITINFO>
<!--FF80818132D871EC0132D88BF0920025-->  <ISBUSINESSOBJECT><![CDATA[N]]></ISBUSINESSOBJECT>
<!--FF80818132D871EC0132D88BF0920025-->  <AD_MODULE_ID><![CDATA[9BA0836A3CD74EE4AB48753A47211BCC]]></AD_MODULE_ID>
<!--FF80818132D871EC0132D88BF0920025--></AD_DATASET_TABLE>

<!--FF98CEB6C3BF4FEF8E3B098D8E23B2CF--><AD_DATASET_TABLE>
<!--FF98CEB6C3BF4FEF8E3B098D8E23B2CF-->  <AD_DATASET_TABLE_ID><![CDATA[FF98CEB6C3BF4FEF8E3B098D8E23B2CF]]></AD_DATASET_TABLE_ID>
<!--FF98CEB6C3BF4FEF8E3B098D8E23B2CF-->  <AD_CLIENT_ID><![CDATA[0]]></AD_CLIENT_ID>
<!--FF98CEB6C3BF4FEF8E3B098D8E23B2CF-->  <AD_ORG_ID><![CDATA[0]]></AD_ORG_ID>
<!--FF98CEB6C3BF4FEF8E3B098D8E23B2CF-->  <ISACTIVE><![CDATA[Y]]></ISACTIVE>
<!--FF98CEB6C3BF4FEF8E3B098D8E23B2CF-->  <AD_DATASET_ID><![CDATA[0]]></AD_DATASET_ID>
<!--FF98CEB6C3BF4FEF8E3B098D8E23B2CF-->  <AD_TABLE_ID><![CDATA[30123B1001FC4E82BB4CB9725E069B48]]></AD_TABLE_ID>
<!--FF98CEB6C3BF4FEF8E3B098D8E23B2CF-->  <INCLUDEALLCOLUMNS><![CDATA[Y]]></INCLUDEALLCOLUMNS>
<!--FF98CEB6C3BF4FEF8E3B098D8E23B2CF-->  <WHERECLAUSE><![CDATA[ad_module_id in (:moduleid)]]></WHERECLAUSE>
<!--FF98CEB6C3BF4FEF8E3B098D8E23B2CF-->  <EXCLUDEAUDITINFO><![CDATA[Y]]></EXCLUDEAUDITINFO>
<!--FF98CEB6C3BF4FEF8E3B098D8E23B2CF-->  <ISBUSINESSOBJECT><![CDATA[N]]></ISBUSINESSOBJECT>
<!--FF98CEB6C3BF4FEF8E3B098D8E23B2CF-->  <AD_MODULE_ID><![CDATA[9BA0836A3CD74EE4AB48753A47211BCC]]></AD_MODULE_ID>
<!--FF98CEB6C3BF4FEF8E3B098D8E23B2CF--></AD_DATASET_TABLE>

</data>
