<?xml version='1.0' encoding='UTF-8'?>
<data>
<!--068F82959A0D4C958A0A04E55961E3D9--><AD_EP_PROCEDURES>
<!--068F82959A0D4C958A0A04E55961E3D9-->  <AD_EP_PROCEDURES_ID><![CDATA[068F82959A0D4C958A0A04E55961E3D9]]></AD_EP_PROCEDURES_ID>
<!--068F82959A0D4C958A0A04E55961E3D9-->  <AD_CLIENT_ID><![CDATA[0]]></AD_CLIENT_ID>
<!--068F82959A0D4C958A0A04E55961E3D9-->  <AD_ORG_ID><![CDATA[0]]></AD_ORG_ID>
<!--068F82959A0D4C958A0A04E55961E3D9-->  <ISACTIVE><![CDATA[Y]]></ISACTIVE>
<!--068F82959A0D4C958A0A04E55961E3D9-->  <AD_EXTENSION_POINTS_ID><![CDATA[C485210A6F754FE0A6E32FA24B3B243C]]></AD_EXTENSION_POINTS_ID>
<!--068F82959A0D4C958A0A04E55961E3D9-->  <PROCEDURENAME><![CDATA[OBUIAPP_Language_Create]]></PROCEDURENAME>
<!--068F82959A0D4C958A0A04E55961E3D9-->  <AD_MODULE_ID><![CDATA[9BA0836A3CD74EE4AB48753A47211BCC]]></AD_MODULE_ID>
<!--068F82959A0D4C958A0A04E55961E3D9--></AD_EP_PROCEDURES>

<!--0A50593430F34776A5A167E44B361DB6--><AD_EP_PROCEDURES>
<!--0A50593430F34776A5A167E44B361DB6-->  <AD_EP_PROCEDURES_ID><![CDATA[0A50593430F34776A5A167E44B361DB6]]></AD_EP_PROCEDURES_ID>
<!--0A50593430F34776A5A167E44B361DB6-->  <AD_CLIENT_ID><![CDATA[0]]></AD_CLIENT_ID>
<!--0A50593430F34776A5A167E44B361DB6-->  <AD_ORG_ID><![CDATA[0]]></AD_ORG_ID>
<!--0A50593430F34776A5A167E44B361DB6-->  <ISACTIVE><![CDATA[Y]]></ISACTIVE>
<!--0A50593430F34776A5A167E44B361DB6-->  <AD_EXTENSION_POINTS_ID><![CDATA[1C3043156C334398AA114F7E0AB6A18B]]></AD_EXTENSION_POINTS_ID>
<!--0A50593430F34776A5A167E44B361DB6-->  <PROCEDURENAME><![CDATA[obuiapp_synchronize]]></PROCEDURENAME>
<!--0A50593430F34776A5A167E44B361DB6-->  <AD_MODULE_ID><![CDATA[9BA0836A3CD74EE4AB48753A47211BCC]]></AD_MODULE_ID>
<!--0A50593430F34776A5A167E44B361DB6--></AD_EP_PROCEDURES>

<!--3BD06D12FD0C42179171273CA4DB8F8E--><AD_EP_PROCEDURES>
<!--3BD06D12FD0C42179171273CA4DB8F8E-->  <AD_EP_PROCEDURES_ID><![CDATA[3BD06D12FD0C42179171273CA4DB8F8E]]></AD_EP_PROCEDURES_ID>
<!--3BD06D12FD0C42179171273CA4DB8F8E-->  <AD_CLIENT_ID><![CDATA[0]]></AD_CLIENT_ID>
<!--3BD06D12FD0C42179171273CA4DB8F8E-->  <AD_ORG_ID><![CDATA[0]]></AD_ORG_ID>
<!--3BD06D12FD0C42179171273CA4DB8F8E-->  <ISACTIVE><![CDATA[Y]]></ISACTIVE>
<!--3BD06D12FD0C42179171273CA4DB8F8E-->  <AD_EXTENSION_POINTS_ID><![CDATA[8261F79453B64AC7998873A9F81A1E5A]]></AD_EXTENSION_POINTS_ID>
<!--3BD06D12FD0C42179171273CA4DB8F8E-->  <PROCEDURENAME><![CDATA[OBUIAPP_Update_Access]]></PROCEDURENAME>
<!--3BD06D12FD0C42179171273CA4DB8F8E-->  <AD_MODULE_ID><![CDATA[9BA0836A3CD74EE4AB48753A47211BCC]]></AD_MODULE_ID>
<!--3BD06D12FD0C42179171273CA4DB8F8E--></AD_EP_PROCEDURES>

</data>
