<?xml version='1.0' encoding='UTF-8'?>
<data>
<!--1005400002--><AD_MENU>
<!--1005400002-->  <AD_MENU_ID><![CDATA[1005400002]]></AD_MENU_ID>
<!--1005400002-->  <AD_CLIENT_ID><![CDATA[0]]></AD_CLIENT_ID>
<!--1005400002-->  <AD_ORG_ID><![CDATA[0]]></AD_ORG_ID>
<!--1005400002-->  <ISACTIVE><![CDATA[N]]></ISACTIVE>
<!--1005400002-->  <NAME><![CDATA[Register]]></NAME>
<!--1005400002-->  <DESCRIPTION><![CDATA[Register your installation of Openbravo ERP in order to receive development and commercial updates and information]]></DESCRIPTION>
<!--1005400002-->  <ISSUMMARY><![CDATA[N]]></ISSUMMARY>
<!--1005400002-->  <ACTION><![CDATA[OBUIAPP_OpenView]]></ACTION>
<!--1005400002-->  <AD_MODULE_ID><![CDATA[9BA0836A3CD74EE4AB48753A47211BCC]]></AD_MODULE_ID>
<!--1005400002-->  <OPENLINKINBROWSER><![CDATA[N]]></OPENLINKINBROWSER>
<!--1005400002-->  <EM_OBUIAPP_VIEW_IMPL_ID><![CDATA[FF808081329B023101329B0CE2080013]]></EM_OBUIAPP_VIEW_IMPL_ID>
<!--1005400002--></AD_MENU>

<!--53A93D1C7EB84409B05847A8691FA9AB--><AD_MENU>
<!--53A93D1C7EB84409B05847A8691FA9AB-->  <AD_MENU_ID><![CDATA[53A93D1C7EB84409B05847A8691FA9AB]]></AD_MENU_ID>
<!--53A93D1C7EB84409B05847A8691FA9AB-->  <AD_CLIENT_ID><![CDATA[0]]></AD_CLIENT_ID>
<!--53A93D1C7EB84409B05847A8691FA9AB-->  <AD_ORG_ID><![CDATA[0]]></AD_ORG_ID>
<!--53A93D1C7EB84409B05847A8691FA9AB-->  <ISACTIVE><![CDATA[Y]]></ISACTIVE>
<!--53A93D1C7EB84409B05847A8691FA9AB-->  <NAME><![CDATA[Data Pool Selection]]></NAME>
<!--53A93D1C7EB84409B05847A8691FA9AB-->  <DESCRIPTION><![CDATA[Defines which database pool should be used for a particular report.]]></DESCRIPTION>
<!--53A93D1C7EB84409B05847A8691FA9AB-->  <ISSUMMARY><![CDATA[N]]></ISSUMMARY>
<!--53A93D1C7EB84409B05847A8691FA9AB-->  <ACTION><![CDATA[W]]></ACTION>
<!--53A93D1C7EB84409B05847A8691FA9AB-->  <AD_WINDOW_ID><![CDATA[48B7215F9BF6458E813E6B280DEDB958]]></AD_WINDOW_ID>
<!--53A93D1C7EB84409B05847A8691FA9AB-->  <AD_MODULE_ID><![CDATA[9BA0836A3CD74EE4AB48753A47211BCC]]></AD_MODULE_ID>
<!--53A93D1C7EB84409B05847A8691FA9AB-->  <OPENLINKINBROWSER><![CDATA[N]]></OPENLINKINBROWSER>
<!--53A93D1C7EB84409B05847A8691FA9AB--></AD_MENU>

<!--6FD97ECD72B4405FA1442FD8673AE571--><AD_MENU>
<!--6FD97ECD72B4405FA1442FD8673AE571-->  <AD_MENU_ID><![CDATA[6FD97ECD72B4405FA1442FD8673AE571]]></AD_MENU_ID>
<!--6FD97ECD72B4405FA1442FD8673AE571-->  <AD_CLIENT_ID><![CDATA[0]]></AD_CLIENT_ID>
<!--6FD97ECD72B4405FA1442FD8673AE571-->  <AD_ORG_ID><![CDATA[0]]></AD_ORG_ID>
<!--6FD97ECD72B4405FA1442FD8673AE571-->  <ISACTIVE><![CDATA[Y]]></ISACTIVE>
<!--6FD97ECD72B4405FA1442FD8673AE571-->  <NAME><![CDATA[Navigation Bar Components]]></NAME>
<!--6FD97ECD72B4405FA1442FD8673AE571-->  <DESCRIPTION><![CDATA[Navigation Bar Components]]></DESCRIPTION>
<!--6FD97ECD72B4405FA1442FD8673AE571-->  <ISSUMMARY><![CDATA[N]]></ISSUMMARY>
<!--6FD97ECD72B4405FA1442FD8673AE571-->  <ACTION><![CDATA[W]]></ACTION>
<!--6FD97ECD72B4405FA1442FD8673AE571-->  <AD_WINDOW_ID><![CDATA[54AE252A40C34DA285FC48DA94EB3847]]></AD_WINDOW_ID>
<!--6FD97ECD72B4405FA1442FD8673AE571-->  <AD_MODULE_ID><![CDATA[9BA0836A3CD74EE4AB48753A47211BCC]]></AD_MODULE_ID>
<!--6FD97ECD72B4405FA1442FD8673AE571-->  <OPENLINKINBROWSER><![CDATA[N]]></OPENLINKINBROWSER>
<!--6FD97ECD72B4405FA1442FD8673AE571--></AD_MENU>

<!--7CBC6E3EE9CD4121BC336C5DF5524085--><AD_MENU>
<!--7CBC6E3EE9CD4121BC336C5DF5524085-->  <AD_MENU_ID><![CDATA[7CBC6E3EE9CD4121BC336C5DF5524085]]></AD_MENU_ID>
<!--7CBC6E3EE9CD4121BC336C5DF5524085-->  <AD_CLIENT_ID><![CDATA[0]]></AD_CLIENT_ID>
<!--7CBC6E3EE9CD4121BC336C5DF5524085-->  <AD_ORG_ID><![CDATA[0]]></AD_ORG_ID>
<!--7CBC6E3EE9CD4121BC336C5DF5524085-->  <ISACTIVE><![CDATA[Y]]></ISACTIVE>
<!--7CBC6E3EE9CD4121BC336C5DF5524085-->  <NAME><![CDATA[Grid Configuration at System Level]]></NAME>
<!--7CBC6E3EE9CD4121BC336C5DF5524085-->  <DESCRIPTION><![CDATA[Define the Grid Configuration at System Level]]></DESCRIPTION>
<!--7CBC6E3EE9CD4121BC336C5DF5524085-->  <ISSUMMARY><![CDATA[N]]></ISSUMMARY>
<!--7CBC6E3EE9CD4121BC336C5DF5524085-->  <ACTION><![CDATA[W]]></ACTION>
<!--7CBC6E3EE9CD4121BC336C5DF5524085-->  <AD_WINDOW_ID><![CDATA[FD487747E8A2425B8BAE570FCA569D66]]></AD_WINDOW_ID>
<!--7CBC6E3EE9CD4121BC336C5DF5524085-->  <AD_MODULE_ID><![CDATA[9BA0836A3CD74EE4AB48753A47211BCC]]></AD_MODULE_ID>
<!--7CBC6E3EE9CD4121BC336C5DF5524085-->  <OPENLINKINBROWSER><![CDATA[N]]></OPENLINKINBROWSER>
<!--7CBC6E3EE9CD4121BC336C5DF5524085--></AD_MENU>

<!--B487FABEB36F45C28E22CD309914FD71--><AD_MENU>
<!--B487FABEB36F45C28E22CD309914FD71-->  <AD_MENU_ID><![CDATA[B487FABEB36F45C28E22CD309914FD71]]></AD_MENU_ID>
<!--B487FABEB36F45C28E22CD309914FD71-->  <AD_CLIENT_ID><![CDATA[0]]></AD_CLIENT_ID>
<!--B487FABEB36F45C28E22CD309914FD71-->  <AD_ORG_ID><![CDATA[0]]></AD_ORG_ID>
<!--B487FABEB36F45C28E22CD309914FD71-->  <ISACTIVE><![CDATA[Y]]></ISACTIVE>
<!--B487FABEB36F45C28E22CD309914FD71-->  <NAME><![CDATA[View Implementation]]></NAME>
<!--B487FABEB36F45C28E22CD309914FD71-->  <DESCRIPTION><![CDATA[A view is shown in the main user interface, the view implementation defines the javaclass responsible for generating the client-side javascript.]]></DESCRIPTION>
<!--B487FABEB36F45C28E22CD309914FD71-->  <ISSUMMARY><![CDATA[N]]></ISSUMMARY>
<!--B487FABEB36F45C28E22CD309914FD71-->  <ACTION><![CDATA[W]]></ACTION>
<!--B487FABEB36F45C28E22CD309914FD71-->  <AD_WINDOW_ID><![CDATA[EBA40241D46D4FA4A24E4A09C61994AA]]></AD_WINDOW_ID>
<!--B487FABEB36F45C28E22CD309914FD71-->  <AD_MODULE_ID><![CDATA[9BA0836A3CD74EE4AB48753A47211BCC]]></AD_MODULE_ID>
<!--B487FABEB36F45C28E22CD309914FD71-->  <OPENLINKINBROWSER><![CDATA[N]]></OPENLINKINBROWSER>
<!--B487FABEB36F45C28E22CD309914FD71--></AD_MENU>

<!--F8841106C28A4D769320A8010FD6E8DC--><AD_MENU>
<!--F8841106C28A4D769320A8010FD6E8DC-->  <AD_MENU_ID><![CDATA[F8841106C28A4D769320A8010FD6E8DC]]></AD_MENU_ID>
<!--F8841106C28A4D769320A8010FD6E8DC-->  <AD_CLIENT_ID><![CDATA[0]]></AD_CLIENT_ID>
<!--F8841106C28A4D769320A8010FD6E8DC-->  <AD_ORG_ID><![CDATA[0]]></AD_ORG_ID>
<!--F8841106C28A4D769320A8010FD6E8DC-->  <ISACTIVE><![CDATA[Y]]></ISACTIVE>
<!--F8841106C28A4D769320A8010FD6E8DC-->  <NAME><![CDATA[Grid Configuration at Window/Tab/Field Level]]></NAME>
<!--F8841106C28A4D769320A8010FD6E8DC-->  <DESCRIPTION><![CDATA[Grid Configuration at Tab and Field level]]></DESCRIPTION>
<!--F8841106C28A4D769320A8010FD6E8DC-->  <ISSUMMARY><![CDATA[N]]></ISSUMMARY>
<!--F8841106C28A4D769320A8010FD6E8DC-->  <ACTION><![CDATA[W]]></ACTION>
<!--F8841106C28A4D769320A8010FD6E8DC-->  <AD_WINDOW_ID><![CDATA[7E72F3A16C704449BC50FCE1512C3805]]></AD_WINDOW_ID>
<!--F8841106C28A4D769320A8010FD6E8DC-->  <AD_MODULE_ID><![CDATA[9BA0836A3CD74EE4AB48753A47211BCC]]></AD_MODULE_ID>
<!--F8841106C28A4D769320A8010FD6E8DC-->  <OPENLINKINBROWSER><![CDATA[N]]></OPENLINKINBROWSER>
<!--F8841106C28A4D769320A8010FD6E8DC--></AD_MENU>

<!--FF8080812EB90459012EBA72B4E7004D--><AD_MENU>
<!--FF8080812EB90459012EBA72B4E7004D-->  <AD_MENU_ID><![CDATA[FF8080812EB90459012EBA72B4E7004D]]></AD_MENU_ID>
<!--FF8080812EB90459012EBA72B4E7004D-->  <AD_CLIENT_ID><![CDATA[0]]></AD_CLIENT_ID>
<!--FF8080812EB90459012EBA72B4E7004D-->  <AD_ORG_ID><![CDATA[0]]></AD_ORG_ID>
<!--FF8080812EB90459012EBA72B4E7004D-->  <ISACTIVE><![CDATA[Y]]></ISACTIVE>
<!--FF8080812EB90459012EBA72B4E7004D-->  <NAME><![CDATA[Alert Management]]></NAME>
<!--FF8080812EB90459012EBA72B4E7004D-->  <ISSUMMARY><![CDATA[N]]></ISSUMMARY>
<!--FF8080812EB90459012EBA72B4E7004D-->  <ACTION><![CDATA[OBUIAPP_OpenView]]></ACTION>
<!--FF8080812EB90459012EBA72B4E7004D-->  <AD_MODULE_ID><![CDATA[9BA0836A3CD74EE4AB48753A47211BCC]]></AD_MODULE_ID>
<!--FF8080812EB90459012EBA72B4E7004D-->  <OPENLINKINBROWSER><![CDATA[N]]></OPENLINKINBROWSER>
<!--FF8080812EB90459012EBA72B4E7004D-->  <EM_OBUIAPP_VIEW_IMPL_ID><![CDATA[FF8080812EB90459012EBA225DDB0029]]></EM_OBUIAPP_VIEW_IMPL_ID>
<!--FF8080812EB90459012EBA72B4E7004D--></AD_MENU>

<!--FF8081813157AED2013157C149F40039--><AD_MENU>
<!--FF8081813157AED2013157C149F40039-->  <AD_MENU_ID><![CDATA[FF8081813157AED2013157C149F40039]]></AD_MENU_ID>
<!--FF8081813157AED2013157C149F40039-->  <AD_CLIENT_ID><![CDATA[0]]></AD_CLIENT_ID>
<!--FF8081813157AED2013157C149F40039-->  <AD_ORG_ID><![CDATA[0]]></AD_ORG_ID>
<!--FF8081813157AED2013157C149F40039-->  <ISACTIVE><![CDATA[Y]]></ISACTIVE>
<!--FF8081813157AED2013157C149F40039-->  <NAME><![CDATA[Window Personalization]]></NAME>
<!--FF8081813157AED2013157C149F40039-->  <DESCRIPTION><![CDATA[Maintains ui personalization records]]></DESCRIPTION>
<!--FF8081813157AED2013157C149F40039-->  <ISSUMMARY><![CDATA[N]]></ISSUMMARY>
<!--FF8081813157AED2013157C149F40039-->  <ACTION><![CDATA[W]]></ACTION>
<!--FF8081813157AED2013157C149F40039-->  <AD_WINDOW_ID><![CDATA[FF8081813157AED2013157BE93460020]]></AD_WINDOW_ID>
<!--FF8081813157AED2013157C149F40039-->  <AD_MODULE_ID><![CDATA[9BA0836A3CD74EE4AB48753A47211BCC]]></AD_MODULE_ID>
<!--FF8081813157AED2013157C149F40039-->  <OPENLINKINBROWSER><![CDATA[N]]></OPENLINKINBROWSER>
<!--FF8081813157AED2013157C149F40039--></AD_MENU>

<!--FF80818132D822FF0132D8291C960011--><AD_MENU>
<!--FF80818132D822FF0132D8291C960011-->  <AD_MENU_ID><![CDATA[FF80818132D822FF0132D8291C960011]]></AD_MENU_ID>
<!--FF80818132D822FF0132D8291C960011-->  <AD_CLIENT_ID><![CDATA[0]]></AD_CLIENT_ID>
<!--FF80818132D822FF0132D8291C960011-->  <AD_ORG_ID><![CDATA[0]]></AD_ORG_ID>
<!--FF80818132D822FF0132D8291C960011-->  <ISACTIVE><![CDATA[Y]]></ISACTIVE>
<!--FF80818132D822FF0132D8291C960011-->  <NAME><![CDATA[Process Definition]]></NAME>
<!--FF80818132D822FF0132D8291C960011-->  <ISSUMMARY><![CDATA[N]]></ISSUMMARY>
<!--FF80818132D822FF0132D8291C960011-->  <ACTION><![CDATA[W]]></ACTION>
<!--FF80818132D822FF0132D8291C960011-->  <AD_WINDOW_ID><![CDATA[FF80818132D7FB620132D8193C0C0043]]></AD_WINDOW_ID>
<!--FF80818132D822FF0132D8291C960011-->  <AD_MODULE_ID><![CDATA[9BA0836A3CD74EE4AB48753A47211BCC]]></AD_MODULE_ID>
<!--FF80818132D822FF0132D8291C960011-->  <OPENLINKINBROWSER><![CDATA[N]]></OPENLINKINBROWSER>
<!--FF80818132D822FF0132D8291C960011--></AD_MENU>

</data>
