<?xml version='1.0' encoding='UTF-8'?>
<data>
<!--28D385B356E74EC797B7FA1D9EE7EEE1--><AD_MODEL_OBJECT>
<!--28D385B356E74EC797B7FA1D9EE7EEE1-->  <AD_MODEL_OBJECT_ID><![CDATA[28D385B356E74EC797B7FA1D9EE7EEE1]]></AD_MODEL_OBJECT_ID>
<!--28D385B356E74EC797B7FA1D9EE7EEE1-->  <AD_CLIENT_ID><![CDATA[0]]></AD_CLIENT_ID>
<!--28D385B356E74EC797B7FA1D9EE7EEE1-->  <AD_ORG_ID><![CDATA[0]]></AD_ORG_ID>
<!--28D385B356E74EC797B7FA1D9EE7EEE1-->  <ISACTIVE><![CDATA[Y]]></ISACTIVE>
<!--28D385B356E74EC797B7FA1D9EE7EEE1-->  <ACTION><![CDATA[C]]></ACTION>
<!--28D385B356E74EC797B7FA1D9EE7EEE1-->  <CLASSNAME><![CDATA[org.openbravo.client.application.window.GridConfigurationSequenceNumberCallout]]></CLASSNAME>
<!--28D385B356E74EC797B7FA1D9EE7EEE1-->  <ISDEFAULT><![CDATA[Y]]></ISDEFAULT>
<!--28D385B356E74EC797B7FA1D9EE7EEE1-->  <AD_CALLOUT_ID><![CDATA[8DF4A2C8C24B45F3BA397C122422F000]]></AD_CALLOUT_ID>
<!--28D385B356E74EC797B7FA1D9EE7EEE1-->  <OBJECT_TYPE><![CDATA[S]]></OBJECT_TYPE>
<!--28D385B356E74EC797B7FA1D9EE7EEE1--></AD_MODEL_OBJECT>

<!--2FF54F2CDA7F06CDE0530100007F54CE--><AD_MODEL_OBJECT>
<!--2FF54F2CDA7F06CDE0530100007F54CE-->  <AD_MODEL_OBJECT_ID><![CDATA[2FF54F2CDA7F06CDE0530100007F54CE]]></AD_MODEL_OBJECT_ID>
<!--2FF54F2CDA7F06CDE0530100007F54CE-->  <AD_CLIENT_ID><![CDATA[0]]></AD_CLIENT_ID>
<!--2FF54F2CDA7F06CDE0530100007F54CE-->  <AD_ORG_ID><![CDATA[0]]></AD_ORG_ID>
<!--2FF54F2CDA7F06CDE0530100007F54CE-->  <ISACTIVE><![CDATA[Y]]></ISACTIVE>
<!--2FF54F2CDA7F06CDE0530100007F54CE-->  <ACTION><![CDATA[C]]></ACTION>
<!--2FF54F2CDA7F06CDE0530100007F54CE-->  <CLASSNAME><![CDATA[org.openbravo.client.application.attachment.MetadataOnTab]]></CLASSNAME>
<!--2FF54F2CDA7F06CDE0530100007F54CE-->  <ISDEFAULT><![CDATA[Y]]></ISDEFAULT>
<!--2FF54F2CDA7F06CDE0530100007F54CE-->  <AD_CALLOUT_ID><![CDATA[DA3F30F442CA4870AAF4D0D54A308DE5]]></AD_CALLOUT_ID>
<!--2FF54F2CDA7F06CDE0530100007F54CE-->  <OBJECT_TYPE><![CDATA[S]]></OBJECT_TYPE>
<!--2FF54F2CDA7F06CDE0530100007F54CE--></AD_MODEL_OBJECT>

<!--974EBD0DC79A0489E040007F01005279--><AD_MODEL_OBJECT>
<!--974EBD0DC79A0489E040007F01005279-->  <AD_MODEL_OBJECT_ID><![CDATA[974EBD0DC79A0489E040007F01005279]]></AD_MODEL_OBJECT_ID>
<!--974EBD0DC79A0489E040007F01005279-->  <AD_CLIENT_ID><![CDATA[0]]></AD_CLIENT_ID>
<!--974EBD0DC79A0489E040007F01005279-->  <AD_ORG_ID><![CDATA[0]]></AD_ORG_ID>
<!--974EBD0DC79A0489E040007F01005279-->  <ISACTIVE><![CDATA[Y]]></ISACTIVE>
<!--974EBD0DC79A0489E040007F01005279-->  <ACTION><![CDATA[C]]></ACTION>
<!--974EBD0DC79A0489E040007F01005279-->  <CLASSNAME><![CDATA[org.openbravo.client.application.FixedValueExpressionCallout]]></CLASSNAME>
<!--974EBD0DC79A0489E040007F01005279-->  <ISDEFAULT><![CDATA[Y]]></ISDEFAULT>
<!--974EBD0DC79A0489E040007F01005279-->  <AD_CALLOUT_ID><![CDATA[9C99E3CC80944AC388AEE23DE96C87F6]]></AD_CALLOUT_ID>
<!--974EBD0DC79A0489E040007F01005279-->  <OBJECT_TYPE><![CDATA[S]]></OBJECT_TYPE>
<!--974EBD0DC79A0489E040007F01005279--></AD_MODEL_OBJECT>

</data>
