<?xml version='1.0' encoding='UTF-8'?>
<data>
<!--055DF8E83F4047468195B341FAF9EDED--><AD_MODULE_DBPREFIX>
<!--055DF8E83F4047468195B341FAF9EDED-->  <AD_MODULE_DBPREFIX_ID><![CDATA[055DF8E83F4047468195B341FAF9EDED]]></AD_MODULE_DBPREFIX_ID>
<!--055DF8E83F4047468195B341FAF9EDED-->  <AD_CLIENT_ID><![CDATA[0]]></AD_CLIENT_ID>
<!--055DF8E83F4047468195B341FAF9EDED-->  <AD_ORG_ID><![CDATA[0]]></AD_ORG_ID>
<!--055DF8E83F4047468195B341FAF9EDED-->  <ISACTIVE><![CDATA[Y]]></ISACTIVE>
<!--055DF8E83F4047468195B341FAF9EDED-->  <AD_MODULE_ID><![CDATA[9BA0836A3CD74EE4AB48753A47211BCC]]></AD_MODULE_ID>
<!--055DF8E83F4047468195B341FAF9EDED-->  <NAME><![CDATA[UINAVBA]]></NAME>
<!--055DF8E83F4047468195B341FAF9EDED--></AD_MODULE_DBPREFIX>

<!--AADB4F34CD3A4D1C87FB524F30DB746C--><AD_MODULE_DBPREFIX>
<!--AADB4F34CD3A4D1C87FB524F30DB746C-->  <AD_MODULE_DBPREFIX_ID><![CDATA[AADB4F34CD3A4D1C87FB524F30DB746C]]></AD_MODULE_DBPREFIX_ID>
<!--AADB4F34CD3A4D1C87FB524F30DB746C-->  <AD_CLIENT_ID><![CDATA[0]]></AD_CLIENT_ID>
<!--AADB4F34CD3A4D1C87FB524F30DB746C-->  <AD_ORG_ID><![CDATA[0]]></AD_ORG_ID>
<!--AADB4F34CD3A4D1C87FB524F30DB746C-->  <ISACTIVE><![CDATA[Y]]></ISACTIVE>
<!--AADB4F34CD3A4D1C87FB524F30DB746C-->  <AD_MODULE_ID><![CDATA[9BA0836A3CD74EE4AB48753A47211BCC]]></AD_MODULE_ID>
<!--AADB4F34CD3A4D1C87FB524F30DB746C-->  <NAME><![CDATA[OBUIAPP]]></NAME>
<!--AADB4F34CD3A4D1C87FB524F30DB746C--></AD_MODULE_DBPREFIX>

</data>
