<?xml version='1.0' encoding='UTF-8'?>
<data>
<!--57165E9B4C92481486F233A96F0E38F0--><AD_MODULE_MERGE>
<!--57165E9B4C92481486F233A96F0E38F0-->  <AD_MODULE_MERGE_ID><![CDATA[57165E9B4C92481486F233A96F0E38F0]]></AD_MODULE_MERGE_ID>
<!--57165E9B4C92481486F233A96F0E38F0-->  <AD_CLIENT_ID><![CDATA[0]]></AD_CLIENT_ID>
<!--57165E9B4C92481486F233A96F0E38F0-->  <AD_ORG_ID><![CDATA[0]]></AD_ORG_ID>
<!--57165E9B4C92481486F233A96F0E38F0-->  <ISACTIVE><![CDATA[Y]]></ISACTIVE>
<!--57165E9B4C92481486F233A96F0E38F0-->  <AD_MODULE_ID><![CDATA[9BA0836A3CD74EE4AB48753A47211BCC]]></AD_MODULE_ID>
<!--57165E9B4C92481486F233A96F0E38F0-->  <MERGED_MODULE_UUID><![CDATA[0BFC35F28CFF48E2B9A1923A8C2924AA]]></MERGED_MODULE_UUID>
<!--57165E9B4C92481486F233A96F0E38F0-->  <MERGED_MODULE_NAME><![CDATA[Openbravo 3.0 Navigation Bar Components]]></MERGED_MODULE_NAME>
<!--57165E9B4C92481486F233A96F0E38F0--></AD_MODULE_MERGE>

</data>
