<?xml version='1.0' encoding='UTF-8'?>
<data>
<!--BA250A68426F4D71BACAE830EF4EC696--><AD_PACKAGE>
<!--BA250A68426F4D71BACAE830EF4EC696-->  <AD_PACKAGE_ID><![CDATA[BA250A68426F4D71BACAE830EF4EC696]]></AD_PACKAGE_ID>
<!--BA250A68426F4D71BACAE830EF4EC696-->  <AD_CLIENT_ID><![CDATA[0]]></AD_CLIENT_ID>
<!--BA250A68426F4D71BACAE830EF4EC696-->  <AD_ORG_ID><![CDATA[0]]></AD_ORG_ID>
<!--BA250A68426F4D71BACAE830EF4EC696-->  <NAME><![CDATA[org.openbravo.client.application]]></NAME>
<!--BA250A68426F4D71BACAE830EF4EC696-->  <DESCRIPTION><![CDATA[Client application data package]]></DESCRIPTION>
<!--BA250A68426F4D71BACAE830EF4EC696-->  <JAVAPACKAGE><![CDATA[org.openbravo.client.application]]></JAVAPACKAGE>
<!--BA250A68426F4D71BACAE830EF4EC696-->  <AD_MODULE_ID><![CDATA[9BA0836A3CD74EE4AB48753A47211BCC]]></AD_MODULE_ID>
<!--BA250A68426F4D71BACAE830EF4EC696-->  <ISACTIVE><![CDATA[Y]]></ISACTIVE>
<!--BA250A68426F4D71BACAE830EF4EC696--></AD_PACKAGE>

</data>
