<?xml version='1.0' encoding='UTF-8'?>
<data>
<!--0BD87850221D409596E57FBFE58B1392--><AD_REFERENCE>
<!--0BD87850221D409596E57FBFE58B1392-->  <AD_REFERENCE_ID><![CDATA[0BD87850221D409596E57FBFE58B1392]]></AD_REFERENCE_ID>
<!--0BD87850221D409596E57FBFE58B1392-->  <AD_CLIENT_ID><![CDATA[0]]></AD_CLIENT_ID>
<!--0BD87850221D409596E57FBFE58B1392-->  <AD_ORG_ID><![CDATA[0]]></AD_ORG_ID>
<!--0BD87850221D409596E57FBFE58B1392-->  <ISACTIVE><![CDATA[Y]]></ISACTIVE>
<!--0BD87850221D409596E57FBFE58B1392-->  <NAME><![CDATA[AD_Tab Selection Type]]></NAME>
<!--0BD87850221D409596E57FBFE58B1392-->  <DESCRIPTION><![CDATA[List with the selection types available in a grid]]></DESCRIPTION>
<!--0BD87850221D409596E57FBFE58B1392-->  <HELP><![CDATA[List with the selection types available in a grid.
Its value can be:
 * "None": no rows can be selected
 * "Single": only one row can be selected
 * "Multiple": multiple rows can be selected]]></HELP>
<!--0BD87850221D409596E57FBFE58B1392-->  <AD_MODULE_ID><![CDATA[9BA0836A3CD74EE4AB48753A47211BCC]]></AD_MODULE_ID>
<!--0BD87850221D409596E57FBFE58B1392-->  <ISBASEREFERENCE><![CDATA[N]]></ISBASEREFERENCE>
<!--0BD87850221D409596E57FBFE58B1392-->  <PARENTREFERENCE_ID><![CDATA[17]]></PARENTREFERENCE_ID>
<!--0BD87850221D409596E57FBFE58B1392-->  <ISVALUEDISPLAYED><![CDATA[N]]></ISVALUEDISPLAYED>
<!--0BD87850221D409596E57FBFE58B1392--></AD_REFERENCE>

<!--159EBE3F67A6431B842695888C5F1E79--><AD_REFERENCE>
<!--159EBE3F67A6431B842695888C5F1E79-->  <AD_REFERENCE_ID><![CDATA[159EBE3F67A6431B842695888C5F1E79]]></AD_REFERENCE_ID>
<!--159EBE3F67A6431B842695888C5F1E79-->  <AD_CLIENT_ID><![CDATA[0]]></AD_CLIENT_ID>
<!--159EBE3F67A6431B842695888C5F1E79-->  <AD_ORG_ID><![CDATA[0]]></AD_ORG_ID>
<!--159EBE3F67A6431B842695888C5F1E79-->  <ISACTIVE><![CDATA[Y]]></ISACTIVE>
<!--159EBE3F67A6431B842695888C5F1E79-->  <NAME><![CDATA[Database Pool Type]]></NAME>
<!--159EBE3F67A6431B842695888C5F1E79-->  <DESCRIPTION><![CDATA[Lists all possible database pools which OBDal can use to retrieve data.]]></DESCRIPTION>
<!--159EBE3F67A6431B842695888C5F1E79-->  <HELP><![CDATA[Lists all possible database pools which OBDal can use to retrieve data.]]></HELP>
<!--159EBE3F67A6431B842695888C5F1E79-->  <AD_MODULE_ID><![CDATA[9BA0836A3CD74EE4AB48753A47211BCC]]></AD_MODULE_ID>
<!--159EBE3F67A6431B842695888C5F1E79-->  <ISBASEREFERENCE><![CDATA[N]]></ISBASEREFERENCE>
<!--159EBE3F67A6431B842695888C5F1E79-->  <PARENTREFERENCE_ID><![CDATA[17]]></PARENTREFERENCE_ID>
<!--159EBE3F67A6431B842695888C5F1E79-->  <ISVALUEDISPLAYED><![CDATA[N]]></ISVALUEDISPLAYED>
<!--159EBE3F67A6431B842695888C5F1E79--></AD_REFERENCE>

<!--1AC7885279E44C4F976267C28270E1F9--><AD_REFERENCE>
<!--1AC7885279E44C4F976267C28270E1F9-->  <AD_REFERENCE_ID><![CDATA[1AC7885279E44C4F976267C28270E1F9]]></AD_REFERENCE_ID>
<!--1AC7885279E44C4F976267C28270E1F9-->  <AD_CLIENT_ID><![CDATA[0]]></AD_CLIENT_ID>
<!--1AC7885279E44C4F976267C28270E1F9-->  <AD_ORG_ID><![CDATA[0]]></AD_ORG_ID>
<!--1AC7885279E44C4F976267C28270E1F9-->  <ISACTIVE><![CDATA[Y]]></ISACTIVE>
<!--1AC7885279E44C4F976267C28270E1F9-->  <NAME><![CDATA[Text Filter Behavior (Window/Tab/Field)]]></NAME>
<!--1AC7885279E44C4F976267C28270E1F9-->  <AD_MODULE_ID><![CDATA[9BA0836A3CD74EE4AB48753A47211BCC]]></AD_MODULE_ID>
<!--1AC7885279E44C4F976267C28270E1F9-->  <ISBASEREFERENCE><![CDATA[N]]></ISBASEREFERENCE>
<!--1AC7885279E44C4F976267C28270E1F9-->  <PARENTREFERENCE_ID><![CDATA[17]]></PARENTREFERENCE_ID>
<!--1AC7885279E44C4F976267C28270E1F9-->  <ISVALUEDISPLAYED><![CDATA[N]]></ISVALUEDISPLAYED>
<!--1AC7885279E44C4F976267C28270E1F9--></AD_REFERENCE>

<!--892231CFE03848758D74B0209B801C14--><AD_REFERENCE>
<!--892231CFE03848758D74B0209B801C14-->  <AD_REFERENCE_ID><![CDATA[892231CFE03848758D74B0209B801C14]]></AD_REFERENCE_ID>
<!--892231CFE03848758D74B0209B801C14-->  <AD_CLIENT_ID><![CDATA[0]]></AD_CLIENT_ID>
<!--892231CFE03848758D74B0209B801C14-->  <AD_ORG_ID><![CDATA[0]]></AD_ORG_ID>
<!--892231CFE03848758D74B0209B801C14-->  <ISACTIVE><![CDATA[Y]]></ISACTIVE>
<!--892231CFE03848758D74B0209B801C14-->  <NAME><![CDATA[Yes/No/Default]]></NAME>
<!--892231CFE03848758D74B0209B801C14-->  <AD_MODULE_ID><![CDATA[9BA0836A3CD74EE4AB48753A47211BCC]]></AD_MODULE_ID>
<!--892231CFE03848758D74B0209B801C14-->  <ISBASEREFERENCE><![CDATA[N]]></ISBASEREFERENCE>
<!--892231CFE03848758D74B0209B801C14-->  <PARENTREFERENCE_ID><![CDATA[17]]></PARENTREFERENCE_ID>
<!--892231CFE03848758D74B0209B801C14-->  <ISVALUEDISPLAYED><![CDATA[N]]></ISVALUEDISPLAYED>
<!--892231CFE03848758D74B0209B801C14--></AD_REFERENCE>

<!--9613657373F54165954A69D54803F65F--><AD_REFERENCE>
<!--9613657373F54165954A69D54803F65F-->  <AD_REFERENCE_ID><![CDATA[9613657373F54165954A69D54803F65F]]></AD_REFERENCE_ID>
<!--9613657373F54165954A69D54803F65F-->  <AD_CLIENT_ID><![CDATA[0]]></AD_CLIENT_ID>
<!--9613657373F54165954A69D54803F65F-->  <AD_ORG_ID><![CDATA[0]]></AD_ORG_ID>
<!--9613657373F54165954A69D54803F65F-->  <ISACTIVE><![CDATA[Y]]></ISACTIVE>
<!--9613657373F54165954A69D54803F65F-->  <NAME><![CDATA[Pool Report Selector]]></NAME>
<!--9613657373F54165954A69D54803F65F-->  <DESCRIPTION><![CDATA[This selector groups all reports from Process Definition and Report and Process.]]></DESCRIPTION>
<!--9613657373F54165954A69D54803F65F-->  <HELP><![CDATA[This selector groups all reports from Process Definition and Report and Process.]]></HELP>
<!--9613657373F54165954A69D54803F65F-->  <AD_MODULE_ID><![CDATA[9BA0836A3CD74EE4AB48753A47211BCC]]></AD_MODULE_ID>
<!--9613657373F54165954A69D54803F65F-->  <ISBASEREFERENCE><![CDATA[N]]></ISBASEREFERENCE>
<!--9613657373F54165954A69D54803F65F-->  <PARENTREFERENCE_ID><![CDATA[95E2A8B50A254B2AAE6774B8C2F28120]]></PARENTREFERENCE_ID>
<!--9613657373F54165954A69D54803F65F-->  <ISVALUEDISPLAYED><![CDATA[N]]></ISVALUEDISPLAYED>
<!--9613657373F54165954A69D54803F65F--></AD_REFERENCE>

<!--BCDF0DC3ECD14B07AC54287DCB1276D2--><AD_REFERENCE>
<!--BCDF0DC3ECD14B07AC54287DCB1276D2-->  <AD_REFERENCE_ID><![CDATA[BCDF0DC3ECD14B07AC54287DCB1276D2]]></AD_REFERENCE_ID>
<!--BCDF0DC3ECD14B07AC54287DCB1276D2-->  <AD_CLIENT_ID><![CDATA[0]]></AD_CLIENT_ID>
<!--BCDF0DC3ECD14B07AC54287DCB1276D2-->  <AD_ORG_ID><![CDATA[0]]></AD_ORG_ID>
<!--BCDF0DC3ECD14B07AC54287DCB1276D2-->  <ISACTIVE><![CDATA[Y]]></ISACTIVE>
<!--BCDF0DC3ECD14B07AC54287DCB1276D2-->  <NAME><![CDATA[Text Filter Behavior (System)]]></NAME>
<!--BCDF0DC3ECD14B07AC54287DCB1276D2-->  <AD_MODULE_ID><![CDATA[9BA0836A3CD74EE4AB48753A47211BCC]]></AD_MODULE_ID>
<!--BCDF0DC3ECD14B07AC54287DCB1276D2-->  <ISBASEREFERENCE><![CDATA[N]]></ISBASEREFERENCE>
<!--BCDF0DC3ECD14B07AC54287DCB1276D2-->  <PARENTREFERENCE_ID><![CDATA[17]]></PARENTREFERENCE_ID>
<!--BCDF0DC3ECD14B07AC54287DCB1276D2-->  <ISVALUEDISPLAYED><![CDATA[N]]></ISVALUEDISPLAYED>
<!--BCDF0DC3ECD14B07AC54287DCB1276D2--></AD_REFERENCE>

<!--BF6302EFCC854FA3B75658737442CEC9--><AD_REFERENCE>
<!--BF6302EFCC854FA3B75658737442CEC9-->  <AD_REFERENCE_ID><![CDATA[BF6302EFCC854FA3B75658737442CEC9]]></AD_REFERENCE_ID>
<!--BF6302EFCC854FA3B75658737442CEC9-->  <AD_CLIENT_ID><![CDATA[0]]></AD_CLIENT_ID>
<!--BF6302EFCC854FA3B75658737442CEC9-->  <AD_ORG_ID><![CDATA[0]]></AD_ORG_ID>
<!--BF6302EFCC854FA3B75658737442CEC9-->  <ISACTIVE><![CDATA[Y]]></ISACTIVE>
<!--BF6302EFCC854FA3B75658737442CEC9-->  <NAME><![CDATA[Process Definition for Selector]]></NAME>
<!--BF6302EFCC854FA3B75658737442CEC9-->  <DESCRIPTION><![CDATA[Process Definition]]></DESCRIPTION>
<!--BF6302EFCC854FA3B75658737442CEC9-->  <HELP><![CDATA[Process Definitions that have checked the flag: "Can Add Records to a Selector"]]></HELP>
<!--BF6302EFCC854FA3B75658737442CEC9-->  <AD_MODULE_ID><![CDATA[9BA0836A3CD74EE4AB48753A47211BCC]]></AD_MODULE_ID>
<!--BF6302EFCC854FA3B75658737442CEC9-->  <ISBASEREFERENCE><![CDATA[N]]></ISBASEREFERENCE>
<!--BF6302EFCC854FA3B75658737442CEC9-->  <PARENTREFERENCE_ID><![CDATA[18]]></PARENTREFERENCE_ID>
<!--BF6302EFCC854FA3B75658737442CEC9-->  <ISVALUEDISPLAYED><![CDATA[N]]></ISVALUEDISPLAYED>
<!--BF6302EFCC854FA3B75658737442CEC9--></AD_REFERENCE>

<!--D6193AA7FAB6429C8F34249FBF5A5F50--><AD_REFERENCE>
<!--D6193AA7FAB6429C8F34249FBF5A5F50-->  <AD_REFERENCE_ID><![CDATA[D6193AA7FAB6429C8F34249FBF5A5F50]]></AD_REFERENCE_ID>
<!--D6193AA7FAB6429C8F34249FBF5A5F50-->  <AD_CLIENT_ID><![CDATA[0]]></AD_CLIENT_ID>
<!--D6193AA7FAB6429C8F34249FBF5A5F50-->  <AD_ORG_ID><![CDATA[0]]></AD_ORG_ID>
<!--D6193AA7FAB6429C8F34249FBF5A5F50-->  <ISACTIVE><![CDATA[Y]]></ISACTIVE>
<!--D6193AA7FAB6429C8F34249FBF5A5F50-->  <NAME><![CDATA[OBUIAPP_ViewImplementation]]></NAME>
<!--D6193AA7FAB6429C8F34249FBF5A5F50-->  <DESCRIPTION><![CDATA[OBUIAPP_ViewImplementation]]></DESCRIPTION>
<!--D6193AA7FAB6429C8F34249FBF5A5F50-->  <AD_MODULE_ID><![CDATA[9BA0836A3CD74EE4AB48753A47211BCC]]></AD_MODULE_ID>
<!--D6193AA7FAB6429C8F34249FBF5A5F50-->  <ISBASEREFERENCE><![CDATA[N]]></ISBASEREFERENCE>
<!--D6193AA7FAB6429C8F34249FBF5A5F50-->  <PARENTREFERENCE_ID><![CDATA[18]]></PARENTREFERENCE_ID>
<!--D6193AA7FAB6429C8F34249FBF5A5F50-->  <ISVALUEDISPLAYED><![CDATA[N]]></ISVALUEDISPLAYED>
<!--D6193AA7FAB6429C8F34249FBF5A5F50--></AD_REFERENCE>

<!--FF8081813201F2DE013201F5628C0003--><AD_REFERENCE>
<!--FF8081813201F2DE013201F5628C0003-->  <AD_REFERENCE_ID><![CDATA[FF8081813201F2DE013201F5628C0003]]></AD_REFERENCE_ID>
<!--FF8081813201F2DE013201F5628C0003-->  <AD_CLIENT_ID><![CDATA[0]]></AD_CLIENT_ID>
<!--FF8081813201F2DE013201F5628C0003-->  <AD_ORG_ID><![CDATA[0]]></AD_ORG_ID>
<!--FF8081813201F2DE013201F5628C0003-->  <ISACTIVE><![CDATA[Y]]></ISACTIVE>
<!--FF8081813201F2DE013201F5628C0003-->  <NAME><![CDATA[Personalization Type]]></NAME>
<!--FF8081813201F2DE013201F5628C0003-->  <DESCRIPTION><![CDATA[The type of the personalization record]]></DESCRIPTION>
<!--FF8081813201F2DE013201F5628C0003-->  <HELP><![CDATA[The type of the personalization record]]></HELP>
<!--FF8081813201F2DE013201F5628C0003-->  <AD_MODULE_ID><![CDATA[9BA0836A3CD74EE4AB48753A47211BCC]]></AD_MODULE_ID>
<!--FF8081813201F2DE013201F5628C0003-->  <ISBASEREFERENCE><![CDATA[N]]></ISBASEREFERENCE>
<!--FF8081813201F2DE013201F5628C0003-->  <PARENTREFERENCE_ID><![CDATA[17]]></PARENTREFERENCE_ID>
<!--FF8081813201F2DE013201F5628C0003-->  <ISVALUEDISPLAYED><![CDATA[N]]></ISVALUEDISPLAYED>
<!--FF8081813201F2DE013201F5628C0003--></AD_REFERENCE>

<!--FF80818132D8F0F30132D9BC395D0038--><AD_REFERENCE>
<!--FF80818132D8F0F30132D9BC395D0038-->  <AD_REFERENCE_ID><![CDATA[FF80818132D8F0F30132D9BC395D0038]]></AD_REFERENCE_ID>
<!--FF80818132D8F0F30132D9BC395D0038-->  <AD_CLIENT_ID><![CDATA[0]]></AD_CLIENT_ID>
<!--FF80818132D8F0F30132D9BC395D0038-->  <AD_ORG_ID><![CDATA[0]]></AD_ORG_ID>
<!--FF80818132D8F0F30132D9BC395D0038-->  <ISACTIVE><![CDATA[Y]]></ISACTIVE>
<!--FF80818132D8F0F30132D9BC395D0038-->  <NAME><![CDATA[Window Reference]]></NAME>
<!--FF80818132D8F0F30132D9BC395D0038-->  <AD_MODULE_ID><![CDATA[9BA0836A3CD74EE4AB48753A47211BCC]]></AD_MODULE_ID>
<!--FF80818132D8F0F30132D9BC395D0038-->  <ISBASEREFERENCE><![CDATA[Y]]></ISBASEREFERENCE>
<!--FF80818132D8F0F30132D9BC395D0038-->  <MODEL_IMPL><![CDATA[org.openbravo.base.model.domaintype.StringDomainType]]></MODEL_IMPL>
<!--FF80818132D8F0F30132D9BC395D0038-->  <WAD_IMPL><![CDATA[org.openbravo.wad.controls.WADString]]></WAD_IMPL>
<!--FF80818132D8F0F30132D9BC395D0038-->  <UI_IMPL><![CDATA[org.openbravo.reference.ui.UIString]]></UI_IMPL>
<!--FF80818132D8F0F30132D9BC395D0038-->  <ISVALUEDISPLAYED><![CDATA[N]]></ISVALUEDISPLAYED>
<!--FF80818132D8F0F30132D9BC395D0038--></AD_REFERENCE>

<!--FF80818132F94B500132F9575619000A--><AD_REFERENCE>
<!--FF80818132F94B500132F9575619000A-->  <AD_REFERENCE_ID><![CDATA[FF80818132F94B500132F9575619000A]]></AD_REFERENCE_ID>
<!--FF80818132F94B500132F9575619000A-->  <AD_CLIENT_ID><![CDATA[0]]></AD_CLIENT_ID>
<!--FF80818132F94B500132F9575619000A-->  <AD_ORG_ID><![CDATA[0]]></AD_ORG_ID>
<!--FF80818132F94B500132F9575619000A-->  <ISACTIVE><![CDATA[Y]]></ISACTIVE>
<!--FF80818132F94B500132F9575619000A-->  <NAME><![CDATA[Button List]]></NAME>
<!--FF80818132F94B500132F9575619000A-->  <DESCRIPTION><![CDATA[Defines the list of actions/buttons to be displayed in the form]]></DESCRIPTION>
<!--FF80818132F94B500132F9575619000A-->  <AD_MODULE_ID><![CDATA[9BA0836A3CD74EE4AB48753A47211BCC]]></AD_MODULE_ID>
<!--FF80818132F94B500132F9575619000A-->  <ISBASEREFERENCE><![CDATA[Y]]></ISBASEREFERENCE>
<!--FF80818132F94B500132F9575619000A-->  <MODEL_IMPL><![CDATA[org.openbravo.base.model.domaintype.StringEnumerateDomainType]]></MODEL_IMPL>
<!--FF80818132F94B500132F9575619000A-->  <WAD_IMPL><![CDATA[org.openbravo.wad.controls.WADList]]></WAD_IMPL>
<!--FF80818132F94B500132F9575619000A-->  <UI_IMPL><![CDATA[org.openbravo.reference.ui.UIList]]></UI_IMPL>
<!--FF80818132F94B500132F9575619000A-->  <ISVALUEDISPLAYED><![CDATA[N]]></ISVALUEDISPLAYED>
<!--FF80818132F94B500132F9575619000A--></AD_REFERENCE>

<!--FF8081813310CEAE0133116AA792014D--><AD_REFERENCE>
<!--FF8081813310CEAE0133116AA792014D-->  <AD_REFERENCE_ID><![CDATA[FF8081813310CEAE0133116AA792014D]]></AD_REFERENCE_ID>
<!--FF8081813310CEAE0133116AA792014D-->  <AD_CLIENT_ID><![CDATA[0]]></AD_CLIENT_ID>
<!--FF8081813310CEAE0133116AA792014D-->  <AD_ORG_ID><![CDATA[0]]></AD_ORG_ID>
<!--FF8081813310CEAE0133116AA792014D-->  <ISACTIVE><![CDATA[Y]]></ISACTIVE>
<!--FF8081813310CEAE0133116AA792014D-->  <NAME><![CDATA[OBUIAPP_ProcessDefinition]]></NAME>
<!--FF8081813310CEAE0133116AA792014D-->  <DESCRIPTION><![CDATA[Process Definition]]></DESCRIPTION>
<!--FF8081813310CEAE0133116AA792014D-->  <AD_MODULE_ID><![CDATA[9BA0836A3CD74EE4AB48753A47211BCC]]></AD_MODULE_ID>
<!--FF8081813310CEAE0133116AA792014D-->  <ISBASEREFERENCE><![CDATA[N]]></ISBASEREFERENCE>
<!--FF8081813310CEAE0133116AA792014D-->  <PARENTREFERENCE_ID><![CDATA[18]]></PARENTREFERENCE_ID>
<!--FF8081813310CEAE0133116AA792014D-->  <ISVALUEDISPLAYED><![CDATA[N]]></ISVALUEDISPLAYED>
<!--FF8081813310CEAE0133116AA792014D--></AD_REFERENCE>

</data>
