<?xml version='1.0' encoding='UTF-8'?>
<data>
<!--BF6302EFCC854FA3B75658737442CEC9--><AD_REF_TABLE>
<!--BF6302EFCC854FA3B75658737442CEC9-->  <AD_REFERENCE_ID><![CDATA[BF6302EFCC854FA3B75658737442CEC9]]></AD_REFERENCE_ID>
<!--BF6302EFCC854FA3B75658737442CEC9-->  <AD_CLIENT_ID><![CDATA[0]]></AD_CLIENT_ID>
<!--BF6302EFCC854FA3B75658737442CEC9-->  <AD_ORG_ID><![CDATA[0]]></AD_ORG_ID>
<!--BF6302EFCC854FA3B75658737442CEC9-->  <ISACTIVE><![CDATA[Y]]></ISACTIVE>
<!--BF6302EFCC854FA3B75658737442CEC9-->  <AD_TABLE_ID><![CDATA[FF80818132D7FB620132D8129D1A0028]]></AD_TABLE_ID>
<!--BF6302EFCC854FA3B75658737442CEC9-->  <AD_KEY><![CDATA[0785044C8E2F41AA9F8999360F70837D]]></AD_KEY>
<!--BF6302EFCC854FA3B75658737442CEC9-->  <AD_DISPLAY><![CDATA[6B89B4DC342B48F989E55D70BB2CC9B0]]></AD_DISPLAY>
<!--BF6302EFCC854FA3B75658737442CEC9-->  <ISVALUEDISPLAYED><![CDATA[N]]></ISVALUEDISPLAYED>
<!--BF6302EFCC854FA3B75658737442CEC9-->  <WHERECLAUSE><![CDATA[OBUIAPP_Process.ISCANADDRECORDSTOSELECTOR='Y']]></WHERECLAUSE>
<!--BF6302EFCC854FA3B75658737442CEC9--></AD_REF_TABLE>

<!--D6193AA7FAB6429C8F34249FBF5A5F50--><AD_REF_TABLE>
<!--D6193AA7FAB6429C8F34249FBF5A5F50-->  <AD_REFERENCE_ID><![CDATA[D6193AA7FAB6429C8F34249FBF5A5F50]]></AD_REFERENCE_ID>
<!--D6193AA7FAB6429C8F34249FBF5A5F50-->  <AD_CLIENT_ID><![CDATA[0]]></AD_CLIENT_ID>
<!--D6193AA7FAB6429C8F34249FBF5A5F50-->  <AD_ORG_ID><![CDATA[0]]></AD_ORG_ID>
<!--D6193AA7FAB6429C8F34249FBF5A5F50-->  <ISACTIVE><![CDATA[Y]]></ISACTIVE>
<!--D6193AA7FAB6429C8F34249FBF5A5F50-->  <AD_TABLE_ID><![CDATA[79127717F4514B459D9014C91E793CE9]]></AD_TABLE_ID>
<!--D6193AA7FAB6429C8F34249FBF5A5F50-->  <AD_KEY><![CDATA[C7D7CF78838A49048B48DBD3CAC16754]]></AD_KEY>
<!--D6193AA7FAB6429C8F34249FBF5A5F50-->  <AD_DISPLAY><![CDATA[D5128BD152A44494A9F60DBF4E33B67F]]></AD_DISPLAY>
<!--D6193AA7FAB6429C8F34249FBF5A5F50-->  <ISVALUEDISPLAYED><![CDATA[N]]></ISVALUEDISPLAYED>
<!--D6193AA7FAB6429C8F34249FBF5A5F50--></AD_REF_TABLE>

<!--FF8081813310CEAE0133116AA792014D--><AD_REF_TABLE>
<!--FF8081813310CEAE0133116AA792014D-->  <AD_REFERENCE_ID><![CDATA[FF8081813310CEAE0133116AA792014D]]></AD_REFERENCE_ID>
<!--FF8081813310CEAE0133116AA792014D-->  <AD_CLIENT_ID><![CDATA[0]]></AD_CLIENT_ID>
<!--FF8081813310CEAE0133116AA792014D-->  <AD_ORG_ID><![CDATA[0]]></AD_ORG_ID>
<!--FF8081813310CEAE0133116AA792014D-->  <ISACTIVE><![CDATA[Y]]></ISACTIVE>
<!--FF8081813310CEAE0133116AA792014D-->  <AD_TABLE_ID><![CDATA[FF80818132D7FB620132D8129D1A0028]]></AD_TABLE_ID>
<!--FF8081813310CEAE0133116AA792014D-->  <AD_KEY><![CDATA[0785044C8E2F41AA9F8999360F70837D]]></AD_KEY>
<!--FF8081813310CEAE0133116AA792014D-->  <AD_DISPLAY><![CDATA[6B89B4DC342B48F989E55D70BB2CC9B0]]></AD_DISPLAY>
<!--FF8081813310CEAE0133116AA792014D-->  <ISVALUEDISPLAYED><![CDATA[N]]></ISVALUEDISPLAYED>
<!--FF8081813310CEAE0133116AA792014D--></AD_REF_TABLE>

</data>
