<?xml version='1.0' encoding='UTF-8'?>
<data>
<!--13FE911F7F684A47801DF55525BAD4A1--><AD_TAB>
<!--13FE911F7F684A47801DF55525BAD4A1-->  <AD_TAB_ID><![CDATA[13FE911F7F684A47801DF55525BAD4A1]]></AD_TAB_ID>
<!--13FE911F7F684A47801DF55525BAD4A1-->  <AD_CLIENT_ID><![CDATA[0]]></AD_CLIENT_ID>
<!--13FE911F7F684A47801DF55525BAD4A1-->  <AD_ORG_ID><![CDATA[0]]></AD_ORG_ID>
<!--13FE911F7F684A47801DF55525BAD4A1-->  <ISACTIVE><![CDATA[Y]]></ISACTIVE>
<!--13FE911F7F684A47801DF55525BAD4A1-->  <NAME><![CDATA[Grid Configuration at System Level]]></NAME>
<!--13FE911F7F684A47801DF55525BAD4A1-->  <DESCRIPTION><![CDATA[Define the Grid Configuration at System Level]]></DESCRIPTION>
<!--13FE911F7F684A47801DF55525BAD4A1-->  <HELP><![CDATA[In this tab the user can set some properties that will be used to define how the grid filtering should work at system level. The values set here will be used in all grids, unless its properties are overriden at tab or field level.]]></HELP>
<!--13FE911F7F684A47801DF55525BAD4A1-->  <AD_TABLE_ID><![CDATA[5D50320222DD4865ADFD50364C84291D]]></AD_TABLE_ID>
<!--13FE911F7F684A47801DF55525BAD4A1-->  <AD_WINDOW_ID><![CDATA[FD487747E8A2425B8BAE570FCA569D66]]></AD_WINDOW_ID>
<!--13FE911F7F684A47801DF55525BAD4A1-->  <SEQNO><![CDATA[10]]></SEQNO>
<!--13FE911F7F684A47801DF55525BAD4A1-->  <TABLEVEL><![CDATA[0]]></TABLEVEL>
<!--13FE911F7F684A47801DF55525BAD4A1-->  <ISSINGLEROW><![CDATA[N]]></ISSINGLEROW>
<!--13FE911F7F684A47801DF55525BAD4A1-->  <ISINFOTAB><![CDATA[N]]></ISINFOTAB>
<!--13FE911F7F684A47801DF55525BAD4A1-->  <ISTRANSLATIONTAB><![CDATA[N]]></ISTRANSLATIONTAB>
<!--13FE911F7F684A47801DF55525BAD4A1-->  <ISREADONLY><![CDATA[N]]></ISREADONLY>
<!--13FE911F7F684A47801DF55525BAD4A1-->  <HASTREE><![CDATA[N]]></HASTREE>
<!--13FE911F7F684A47801DF55525BAD4A1-->  <PROCESSING><![CDATA[N]]></PROCESSING>
<!--13FE911F7F684A47801DF55525BAD4A1-->  <IMPORTFIELDS><![CDATA[N]]></IMPORTFIELDS>
<!--13FE911F7F684A47801DF55525BAD4A1-->  <ISSORTTAB><![CDATA[N]]></ISSORTTAB>
<!--13FE911F7F684A47801DF55525BAD4A1-->  <AD_MODULE_ID><![CDATA[9BA0836A3CD74EE4AB48753A47211BCC]]></AD_MODULE_ID>
<!--13FE911F7F684A47801DF55525BAD4A1-->  <UIPATTERN><![CDATA[STD]]></UIPATTERN>
<!--13FE911F7F684A47801DF55525BAD4A1-->  <SHOWPARENTBUTTONS><![CDATA[Y]]></SHOWPARENTBUTTONS>
<!--13FE911F7F684A47801DF55525BAD4A1-->  <DISABLE_PARENT_KEY_PROPERTY><![CDATA[N]]></DISABLE_PARENT_KEY_PROPERTY>
<!--13FE911F7F684A47801DF55525BAD4A1-->  <ISREADONLYTREE><![CDATA[N]]></ISREADONLYTREE>
<!--13FE911F7F684A47801DF55525BAD4A1-->  <ISSHOWTREENODEICONS><![CDATA[Y]]></ISSHOWTREENODEICONS>
<!--13FE911F7F684A47801DF55525BAD4A1-->  <EM_OBUIAPP_CAN_ADD><![CDATA[N]]></EM_OBUIAPP_CAN_ADD>
<!--13FE911F7F684A47801DF55525BAD4A1-->  <EM_OBUIAPP_CAN_DELETE><![CDATA[N]]></EM_OBUIAPP_CAN_DELETE>
<!--13FE911F7F684A47801DF55525BAD4A1-->  <EM_OBUIAPP_SHOW_SELECT><![CDATA[Y]]></EM_OBUIAPP_SHOW_SELECT>
<!--13FE911F7F684A47801DF55525BAD4A1--></AD_TAB>

<!--25EB9212730C4E88B95C75BFCD6F5EBF--><AD_TAB>
<!--25EB9212730C4E88B95C75BFCD6F5EBF-->  <AD_TAB_ID><![CDATA[25EB9212730C4E88B95C75BFCD6F5EBF]]></AD_TAB_ID>
<!--25EB9212730C4E88B95C75BFCD6F5EBF-->  <AD_CLIENT_ID><![CDATA[0]]></AD_CLIENT_ID>
<!--25EB9212730C4E88B95C75BFCD6F5EBF-->  <AD_ORG_ID><![CDATA[0]]></AD_ORG_ID>
<!--25EB9212730C4E88B95C75BFCD6F5EBF-->  <ISACTIVE><![CDATA[Y]]></ISACTIVE>
<!--25EB9212730C4E88B95C75BFCD6F5EBF-->  <NAME><![CDATA[Navigation Bar Component]]></NAME>
<!--25EB9212730C4E88B95C75BFCD6F5EBF-->  <DESCRIPTION><![CDATA[Navigation Bar Component]]></DESCRIPTION>
<!--25EB9212730C4E88B95C75BFCD6F5EBF-->  <AD_TABLE_ID><![CDATA[6EDC4A262444493BAE672E7E144A36F7]]></AD_TABLE_ID>
<!--25EB9212730C4E88B95C75BFCD6F5EBF-->  <AD_WINDOW_ID><![CDATA[54AE252A40C34DA285FC48DA94EB3847]]></AD_WINDOW_ID>
<!--25EB9212730C4E88B95C75BFCD6F5EBF-->  <SEQNO><![CDATA[10]]></SEQNO>
<!--25EB9212730C4E88B95C75BFCD6F5EBF-->  <TABLEVEL><![CDATA[0]]></TABLEVEL>
<!--25EB9212730C4E88B95C75BFCD6F5EBF-->  <ISSINGLEROW><![CDATA[N]]></ISSINGLEROW>
<!--25EB9212730C4E88B95C75BFCD6F5EBF-->  <ISINFOTAB><![CDATA[N]]></ISINFOTAB>
<!--25EB9212730C4E88B95C75BFCD6F5EBF-->  <ISTRANSLATIONTAB><![CDATA[N]]></ISTRANSLATIONTAB>
<!--25EB9212730C4E88B95C75BFCD6F5EBF-->  <ISREADONLY><![CDATA[N]]></ISREADONLY>
<!--25EB9212730C4E88B95C75BFCD6F5EBF-->  <HASTREE><![CDATA[N]]></HASTREE>
<!--25EB9212730C4E88B95C75BFCD6F5EBF-->  <PROCESSING><![CDATA[N]]></PROCESSING>
<!--25EB9212730C4E88B95C75BFCD6F5EBF-->  <IMPORTFIELDS><![CDATA[N]]></IMPORTFIELDS>
<!--25EB9212730C4E88B95C75BFCD6F5EBF-->  <ISSORTTAB><![CDATA[N]]></ISSORTTAB>
<!--25EB9212730C4E88B95C75BFCD6F5EBF-->  <AD_MODULE_ID><![CDATA[9BA0836A3CD74EE4AB48753A47211BCC]]></AD_MODULE_ID>
<!--25EB9212730C4E88B95C75BFCD6F5EBF-->  <UIPATTERN><![CDATA[STD]]></UIPATTERN>
<!--25EB9212730C4E88B95C75BFCD6F5EBF-->  <SHOWPARENTBUTTONS><![CDATA[Y]]></SHOWPARENTBUTTONS>
<!--25EB9212730C4E88B95C75BFCD6F5EBF-->  <DISABLE_PARENT_KEY_PROPERTY><![CDATA[N]]></DISABLE_PARENT_KEY_PROPERTY>
<!--25EB9212730C4E88B95C75BFCD6F5EBF-->  <ISREADONLYTREE><![CDATA[N]]></ISREADONLYTREE>
<!--25EB9212730C4E88B95C75BFCD6F5EBF-->  <ISSHOWTREENODEICONS><![CDATA[Y]]></ISSHOWTREENODEICONS>
<!--25EB9212730C4E88B95C75BFCD6F5EBF-->  <EM_OBUIAPP_CAN_ADD><![CDATA[N]]></EM_OBUIAPP_CAN_ADD>
<!--25EB9212730C4E88B95C75BFCD6F5EBF-->  <EM_OBUIAPP_CAN_DELETE><![CDATA[N]]></EM_OBUIAPP_CAN_DELETE>
<!--25EB9212730C4E88B95C75BFCD6F5EBF-->  <EM_OBUIAPP_SHOW_SELECT><![CDATA[Y]]></EM_OBUIAPP_SHOW_SELECT>
<!--25EB9212730C4E88B95C75BFCD6F5EBF--></AD_TAB>

<!--2B7B3CCDC940436F93437445AA7752F3--><AD_TAB>
<!--2B7B3CCDC940436F93437445AA7752F3-->  <AD_TAB_ID><![CDATA[2B7B3CCDC940436F93437445AA7752F3]]></AD_TAB_ID>
<!--2B7B3CCDC940436F93437445AA7752F3-->  <AD_CLIENT_ID><![CDATA[0]]></AD_CLIENT_ID>
<!--2B7B3CCDC940436F93437445AA7752F3-->  <AD_ORG_ID><![CDATA[0]]></AD_ORG_ID>
<!--2B7B3CCDC940436F93437445AA7752F3-->  <ISACTIVE><![CDATA[Y]]></ISACTIVE>
<!--2B7B3CCDC940436F93437445AA7752F3-->  <NAME><![CDATA[Report Definition]]></NAME>
<!--2B7B3CCDC940436F93437445AA7752F3-->  <DESCRIPTION><![CDATA[Report definition when the UI Pattern of the Process Definition is "Report (Using JR Templates)". Each Process Definition can only have one Report Definition.]]></DESCRIPTION>
<!--2B7B3CCDC940436F93437445AA7752F3-->  <HELP><![CDATA[Report definition when the UI Pattern of the Process Definition is "Report (Using JR Templates)". Each Process Definition can only have one Report Definition.]]></HELP>
<!--2B7B3CCDC940436F93437445AA7752F3-->  <AD_TABLE_ID><![CDATA[C7CAB786F3EF4DF0B5E7B9AC6EC7DED8]]></AD_TABLE_ID>
<!--2B7B3CCDC940436F93437445AA7752F3-->  <AD_WINDOW_ID><![CDATA[FF80818132D7FB620132D8193C0C0043]]></AD_WINDOW_ID>
<!--2B7B3CCDC940436F93437445AA7752F3-->  <SEQNO><![CDATA[40]]></SEQNO>
<!--2B7B3CCDC940436F93437445AA7752F3-->  <TABLEVEL><![CDATA[1]]></TABLEVEL>
<!--2B7B3CCDC940436F93437445AA7752F3-->  <ISSINGLEROW><![CDATA[Y]]></ISSINGLEROW>
<!--2B7B3CCDC940436F93437445AA7752F3-->  <ISINFOTAB><![CDATA[N]]></ISINFOTAB>
<!--2B7B3CCDC940436F93437445AA7752F3-->  <ISTRANSLATIONTAB><![CDATA[N]]></ISTRANSLATIONTAB>
<!--2B7B3CCDC940436F93437445AA7752F3-->  <ISREADONLY><![CDATA[N]]></ISREADONLY>
<!--2B7B3CCDC940436F93437445AA7752F3-->  <HASTREE><![CDATA[N]]></HASTREE>
<!--2B7B3CCDC940436F93437445AA7752F3-->  <PROCESSING><![CDATA[N]]></PROCESSING>
<!--2B7B3CCDC940436F93437445AA7752F3-->  <IMPORTFIELDS><![CDATA[N]]></IMPORTFIELDS>
<!--2B7B3CCDC940436F93437445AA7752F3-->  <ISSORTTAB><![CDATA[N]]></ISSORTTAB>
<!--2B7B3CCDC940436F93437445AA7752F3-->  <AD_MODULE_ID><![CDATA[9BA0836A3CD74EE4AB48753A47211BCC]]></AD_MODULE_ID>
<!--2B7B3CCDC940436F93437445AA7752F3-->  <UIPATTERN><![CDATA[STD]]></UIPATTERN>
<!--2B7B3CCDC940436F93437445AA7752F3-->  <SHOWPARENTBUTTONS><![CDATA[Y]]></SHOWPARENTBUTTONS>
<!--2B7B3CCDC940436F93437445AA7752F3-->  <DISPLAYLOGIC><![CDATA[@Uipattern@='OBUIAPP_Report']]></DISPLAYLOGIC>
<!--2B7B3CCDC940436F93437445AA7752F3-->  <DISABLE_PARENT_KEY_PROPERTY><![CDATA[N]]></DISABLE_PARENT_KEY_PROPERTY>
<!--2B7B3CCDC940436F93437445AA7752F3-->  <ISREADONLYTREE><![CDATA[N]]></ISREADONLYTREE>
<!--2B7B3CCDC940436F93437445AA7752F3-->  <ISSHOWTREENODEICONS><![CDATA[Y]]></ISSHOWTREENODEICONS>
<!--2B7B3CCDC940436F93437445AA7752F3-->  <EM_OBUIAPP_CAN_ADD><![CDATA[N]]></EM_OBUIAPP_CAN_ADD>
<!--2B7B3CCDC940436F93437445AA7752F3-->  <EM_OBUIAPP_CAN_DELETE><![CDATA[N]]></EM_OBUIAPP_CAN_DELETE>
<!--2B7B3CCDC940436F93437445AA7752F3-->  <EM_OBUIAPP_SHOW_SELECT><![CDATA[Y]]></EM_OBUIAPP_SHOW_SELECT>
<!--2B7B3CCDC940436F93437445AA7752F3--></AD_TAB>

<!--49B33DC2EDFD45A48EECE139AD5E9AC9--><AD_TAB>
<!--49B33DC2EDFD45A48EECE139AD5E9AC9-->  <AD_TAB_ID><![CDATA[49B33DC2EDFD45A48EECE139AD5E9AC9]]></AD_TAB_ID>
<!--49B33DC2EDFD45A48EECE139AD5E9AC9-->  <AD_CLIENT_ID><![CDATA[0]]></AD_CLIENT_ID>
<!--49B33DC2EDFD45A48EECE139AD5E9AC9-->  <AD_ORG_ID><![CDATA[0]]></AD_ORG_ID>
<!--49B33DC2EDFD45A48EECE139AD5E9AC9-->  <ISACTIVE><![CDATA[Y]]></ISACTIVE>
<!--49B33DC2EDFD45A48EECE139AD5E9AC9-->  <NAME><![CDATA[Tab]]></NAME>
<!--49B33DC2EDFD45A48EECE139AD5E9AC9-->  <DESCRIPTION><![CDATA[Grid Configuration at Tab level]]></DESCRIPTION>
<!--49B33DC2EDFD45A48EECE139AD5E9AC9-->  <HELP><![CDATA[In this tab the user can set some properties that will be used to define how the grid filtering should work in the selected tab. The values set here will be used in all its fields, unless its properties are overriden at field level. If a property is not set, its value will be taking from the system level.]]></HELP>
<!--49B33DC2EDFD45A48EECE139AD5E9AC9-->  <AD_TABLE_ID><![CDATA[8A16662B37184121A1EDAA89890E160C]]></AD_TABLE_ID>
<!--49B33DC2EDFD45A48EECE139AD5E9AC9-->  <AD_WINDOW_ID><![CDATA[7E72F3A16C704449BC50FCE1512C3805]]></AD_WINDOW_ID>
<!--49B33DC2EDFD45A48EECE139AD5E9AC9-->  <SEQNO><![CDATA[10]]></SEQNO>
<!--49B33DC2EDFD45A48EECE139AD5E9AC9-->  <TABLEVEL><![CDATA[0]]></TABLEVEL>
<!--49B33DC2EDFD45A48EECE139AD5E9AC9-->  <ISSINGLEROW><![CDATA[N]]></ISSINGLEROW>
<!--49B33DC2EDFD45A48EECE139AD5E9AC9-->  <ISINFOTAB><![CDATA[N]]></ISINFOTAB>
<!--49B33DC2EDFD45A48EECE139AD5E9AC9-->  <ISTRANSLATIONTAB><![CDATA[N]]></ISTRANSLATIONTAB>
<!--49B33DC2EDFD45A48EECE139AD5E9AC9-->  <ISREADONLY><![CDATA[N]]></ISREADONLY>
<!--49B33DC2EDFD45A48EECE139AD5E9AC9-->  <HASTREE><![CDATA[N]]></HASTREE>
<!--49B33DC2EDFD45A48EECE139AD5E9AC9-->  <PROCESSING><![CDATA[N]]></PROCESSING>
<!--49B33DC2EDFD45A48EECE139AD5E9AC9-->  <IMPORTFIELDS><![CDATA[N]]></IMPORTFIELDS>
<!--49B33DC2EDFD45A48EECE139AD5E9AC9-->  <ISSORTTAB><![CDATA[N]]></ISSORTTAB>
<!--49B33DC2EDFD45A48EECE139AD5E9AC9-->  <AD_MODULE_ID><![CDATA[9BA0836A3CD74EE4AB48753A47211BCC]]></AD_MODULE_ID>
<!--49B33DC2EDFD45A48EECE139AD5E9AC9-->  <UIPATTERN><![CDATA[STD]]></UIPATTERN>
<!--49B33DC2EDFD45A48EECE139AD5E9AC9-->  <SHOWPARENTBUTTONS><![CDATA[Y]]></SHOWPARENTBUTTONS>
<!--49B33DC2EDFD45A48EECE139AD5E9AC9-->  <DISABLE_PARENT_KEY_PROPERTY><![CDATA[N]]></DISABLE_PARENT_KEY_PROPERTY>
<!--49B33DC2EDFD45A48EECE139AD5E9AC9-->  <ISREADONLYTREE><![CDATA[N]]></ISREADONLYTREE>
<!--49B33DC2EDFD45A48EECE139AD5E9AC9-->  <ISSHOWTREENODEICONS><![CDATA[Y]]></ISSHOWTREENODEICONS>
<!--49B33DC2EDFD45A48EECE139AD5E9AC9-->  <EM_OBUIAPP_CAN_ADD><![CDATA[N]]></EM_OBUIAPP_CAN_ADD>
<!--49B33DC2EDFD45A48EECE139AD5E9AC9-->  <EM_OBUIAPP_CAN_DELETE><![CDATA[N]]></EM_OBUIAPP_CAN_DELETE>
<!--49B33DC2EDFD45A48EECE139AD5E9AC9-->  <EM_OBUIAPP_SHOW_SELECT><![CDATA[Y]]></EM_OBUIAPP_SHOW_SELECT>
<!--49B33DC2EDFD45A48EECE139AD5E9AC9--></AD_TAB>

<!--4F5C5D438DAF47D4AE8DD48C44D4FE04--><AD_TAB>
<!--4F5C5D438DAF47D4AE8DD48C44D4FE04-->  <AD_TAB_ID><![CDATA[4F5C5D438DAF47D4AE8DD48C44D4FE04]]></AD_TAB_ID>
<!--4F5C5D438DAF47D4AE8DD48C44D4FE04-->  <AD_CLIENT_ID><![CDATA[0]]></AD_CLIENT_ID>
<!--4F5C5D438DAF47D4AE8DD48C44D4FE04-->  <AD_ORG_ID><![CDATA[0]]></AD_ORG_ID>
<!--4F5C5D438DAF47D4AE8DD48C44D4FE04-->  <ISACTIVE><![CDATA[Y]]></ISACTIVE>
<!--4F5C5D438DAF47D4AE8DD48C44D4FE04-->  <NAME><![CDATA[Parameter Translation]]></NAME>
<!--4F5C5D438DAF47D4AE8DD48C44D4FE04-->  <AD_TABLE_ID><![CDATA[1A801FD9F44E4EFFA2EA928693A6BBCB]]></AD_TABLE_ID>
<!--4F5C5D438DAF47D4AE8DD48C44D4FE04-->  <AD_WINDOW_ID><![CDATA[FF80818132D7FB620132D8193C0C0043]]></AD_WINDOW_ID>
<!--4F5C5D438DAF47D4AE8DD48C44D4FE04-->  <SEQNO><![CDATA[25]]></SEQNO>
<!--4F5C5D438DAF47D4AE8DD48C44D4FE04-->  <TABLEVEL><![CDATA[2]]></TABLEVEL>
<!--4F5C5D438DAF47D4AE8DD48C44D4FE04-->  <ISSINGLEROW><![CDATA[N]]></ISSINGLEROW>
<!--4F5C5D438DAF47D4AE8DD48C44D4FE04-->  <ISINFOTAB><![CDATA[N]]></ISINFOTAB>
<!--4F5C5D438DAF47D4AE8DD48C44D4FE04-->  <ISTRANSLATIONTAB><![CDATA[Y]]></ISTRANSLATIONTAB>
<!--4F5C5D438DAF47D4AE8DD48C44D4FE04-->  <ISREADONLY><![CDATA[N]]></ISREADONLY>
<!--4F5C5D438DAF47D4AE8DD48C44D4FE04-->  <HASTREE><![CDATA[N]]></HASTREE>
<!--4F5C5D438DAF47D4AE8DD48C44D4FE04-->  <PROCESSING><![CDATA[N]]></PROCESSING>
<!--4F5C5D438DAF47D4AE8DD48C44D4FE04-->  <IMPORTFIELDS><![CDATA[N]]></IMPORTFIELDS>
<!--4F5C5D438DAF47D4AE8DD48C44D4FE04-->  <ISSORTTAB><![CDATA[N]]></ISSORTTAB>
<!--4F5C5D438DAF47D4AE8DD48C44D4FE04-->  <AD_MODULE_ID><![CDATA[9BA0836A3CD74EE4AB48753A47211BCC]]></AD_MODULE_ID>
<!--4F5C5D438DAF47D4AE8DD48C44D4FE04-->  <UIPATTERN><![CDATA[STD]]></UIPATTERN>
<!--4F5C5D438DAF47D4AE8DD48C44D4FE04-->  <SHOWPARENTBUTTONS><![CDATA[Y]]></SHOWPARENTBUTTONS>
<!--4F5C5D438DAF47D4AE8DD48C44D4FE04-->  <DISABLE_PARENT_KEY_PROPERTY><![CDATA[N]]></DISABLE_PARENT_KEY_PROPERTY>
<!--4F5C5D438DAF47D4AE8DD48C44D4FE04-->  <ISREADONLYTREE><![CDATA[N]]></ISREADONLYTREE>
<!--4F5C5D438DAF47D4AE8DD48C44D4FE04-->  <ISSHOWTREENODEICONS><![CDATA[Y]]></ISSHOWTREENODEICONS>
<!--4F5C5D438DAF47D4AE8DD48C44D4FE04-->  <EM_OBUIAPP_CAN_ADD><![CDATA[N]]></EM_OBUIAPP_CAN_ADD>
<!--4F5C5D438DAF47D4AE8DD48C44D4FE04-->  <EM_OBUIAPP_CAN_DELETE><![CDATA[N]]></EM_OBUIAPP_CAN_DELETE>
<!--4F5C5D438DAF47D4AE8DD48C44D4FE04-->  <EM_OBUIAPP_SHOW_SELECT><![CDATA[Y]]></EM_OBUIAPP_SHOW_SELECT>
<!--4F5C5D438DAF47D4AE8DD48C44D4FE04--></AD_TAB>

<!--6D732D027FFA4FB1BD0140ED3B606C0E--><AD_TAB>
<!--6D732D027FFA4FB1BD0140ED3B606C0E-->  <AD_TAB_ID><![CDATA[6D732D027FFA4FB1BD0140ED3B606C0E]]></AD_TAB_ID>
<!--6D732D027FFA4FB1BD0140ED3B606C0E-->  <AD_CLIENT_ID><![CDATA[0]]></AD_CLIENT_ID>
<!--6D732D027FFA4FB1BD0140ED3B606C0E-->  <AD_ORG_ID><![CDATA[0]]></AD_ORG_ID>
<!--6D732D027FFA4FB1BD0140ED3B606C0E-->  <ISACTIVE><![CDATA[Y]]></ISACTIVE>
<!--6D732D027FFA4FB1BD0140ED3B606C0E-->  <NAME><![CDATA[Process Definition]]></NAME>
<!--6D732D027FFA4FB1BD0140ED3B606C0E-->  <DESCRIPTION><![CDATA[Access for Process Definitions]]></DESCRIPTION>
<!--6D732D027FFA4FB1BD0140ED3B606C0E-->  <HELP><![CDATA[Grants access to Process Definition. By default, access to process definitions in a window (invoked from a button), is inherited from the permission to the window. To revoke this inherited access and manually decide case by case which are the accessible processes, it is necessary to define a "Secured Process" Preference (at system level or for that specific window) with "Y" as value.]]></HELP>
<!--6D732D027FFA4FB1BD0140ED3B606C0E-->  <AD_TABLE_ID><![CDATA[FF80818132D85DB50132D860924E0004]]></AD_TABLE_ID>
<!--6D732D027FFA4FB1BD0140ED3B606C0E-->  <AD_WINDOW_ID><![CDATA[111]]></AD_WINDOW_ID>
<!--6D732D027FFA4FB1BD0140ED3B606C0E-->  <SEQNO><![CDATA[120]]></SEQNO>
<!--6D732D027FFA4FB1BD0140ED3B606C0E-->  <TABLEVEL><![CDATA[1]]></TABLEVEL>
<!--6D732D027FFA4FB1BD0140ED3B606C0E-->  <ISSINGLEROW><![CDATA[N]]></ISSINGLEROW>
<!--6D732D027FFA4FB1BD0140ED3B606C0E-->  <ISINFOTAB><![CDATA[N]]></ISINFOTAB>
<!--6D732D027FFA4FB1BD0140ED3B606C0E-->  <ISTRANSLATIONTAB><![CDATA[N]]></ISTRANSLATIONTAB>
<!--6D732D027FFA4FB1BD0140ED3B606C0E-->  <ISREADONLY><![CDATA[N]]></ISREADONLY>
<!--6D732D027FFA4FB1BD0140ED3B606C0E-->  <HASTREE><![CDATA[N]]></HASTREE>
<!--6D732D027FFA4FB1BD0140ED3B606C0E-->  <PROCESSING><![CDATA[N]]></PROCESSING>
<!--6D732D027FFA4FB1BD0140ED3B606C0E-->  <IMPORTFIELDS><![CDATA[N]]></IMPORTFIELDS>
<!--6D732D027FFA4FB1BD0140ED3B606C0E-->  <ISSORTTAB><![CDATA[N]]></ISSORTTAB>
<!--6D732D027FFA4FB1BD0140ED3B606C0E-->  <AD_MODULE_ID><![CDATA[9BA0836A3CD74EE4AB48753A47211BCC]]></AD_MODULE_ID>
<!--6D732D027FFA4FB1BD0140ED3B606C0E-->  <UIPATTERN><![CDATA[STD]]></UIPATTERN>
<!--6D732D027FFA4FB1BD0140ED3B606C0E-->  <SHOWPARENTBUTTONS><![CDATA[Y]]></SHOWPARENTBUTTONS>
<!--6D732D027FFA4FB1BD0140ED3B606C0E-->  <DISABLE_PARENT_KEY_PROPERTY><![CDATA[N]]></DISABLE_PARENT_KEY_PROPERTY>
<!--6D732D027FFA4FB1BD0140ED3B606C0E-->  <ISREADONLYTREE><![CDATA[N]]></ISREADONLYTREE>
<!--6D732D027FFA4FB1BD0140ED3B606C0E-->  <ISSHOWTREENODEICONS><![CDATA[Y]]></ISSHOWTREENODEICONS>
<!--6D732D027FFA4FB1BD0140ED3B606C0E-->  <EM_OBUIAPP_CAN_ADD><![CDATA[N]]></EM_OBUIAPP_CAN_ADD>
<!--6D732D027FFA4FB1BD0140ED3B606C0E-->  <EM_OBUIAPP_CAN_DELETE><![CDATA[N]]></EM_OBUIAPP_CAN_DELETE>
<!--6D732D027FFA4FB1BD0140ED3B606C0E-->  <EM_OBUIAPP_SHOW_SELECT><![CDATA[Y]]></EM_OBUIAPP_SHOW_SELECT>
<!--6D732D027FFA4FB1BD0140ED3B606C0E--></AD_TAB>

<!--6EFD1987E93847DE87AD7B70282FBDF1--><AD_TAB>
<!--6EFD1987E93847DE87AD7B70282FBDF1-->  <AD_TAB_ID><![CDATA[6EFD1987E93847DE87AD7B70282FBDF1]]></AD_TAB_ID>
<!--6EFD1987E93847DE87AD7B70282FBDF1-->  <AD_CLIENT_ID><![CDATA[0]]></AD_CLIENT_ID>
<!--6EFD1987E93847DE87AD7B70282FBDF1-->  <AD_ORG_ID><![CDATA[0]]></AD_ORG_ID>
<!--6EFD1987E93847DE87AD7B70282FBDF1-->  <ISACTIVE><![CDATA[Y]]></ISACTIVE>
<!--6EFD1987E93847DE87AD7B70282FBDF1-->  <NAME><![CDATA[Navigation Bar Component Role Access]]></NAME>
<!--6EFD1987E93847DE87AD7B70282FBDF1-->  <DESCRIPTION><![CDATA[Maintain access by role to navigation bar components]]></DESCRIPTION>
<!--6EFD1987E93847DE87AD7B70282FBDF1-->  <HELP><![CDATA[Maintain access by role to navigation bar components]]></HELP>
<!--6EFD1987E93847DE87AD7B70282FBDF1-->  <AD_TABLE_ID><![CDATA[DEADAC2161894A56A041B81A74B02D9E]]></AD_TABLE_ID>
<!--6EFD1987E93847DE87AD7B70282FBDF1-->  <AD_WINDOW_ID><![CDATA[54AE252A40C34DA285FC48DA94EB3847]]></AD_WINDOW_ID>
<!--6EFD1987E93847DE87AD7B70282FBDF1-->  <SEQNO><![CDATA[20]]></SEQNO>
<!--6EFD1987E93847DE87AD7B70282FBDF1-->  <TABLEVEL><![CDATA[1]]></TABLEVEL>
<!--6EFD1987E93847DE87AD7B70282FBDF1-->  <ISSINGLEROW><![CDATA[N]]></ISSINGLEROW>
<!--6EFD1987E93847DE87AD7B70282FBDF1-->  <ISINFOTAB><![CDATA[N]]></ISINFOTAB>
<!--6EFD1987E93847DE87AD7B70282FBDF1-->  <ISTRANSLATIONTAB><![CDATA[N]]></ISTRANSLATIONTAB>
<!--6EFD1987E93847DE87AD7B70282FBDF1-->  <ISREADONLY><![CDATA[N]]></ISREADONLY>
<!--6EFD1987E93847DE87AD7B70282FBDF1-->  <HASTREE><![CDATA[N]]></HASTREE>
<!--6EFD1987E93847DE87AD7B70282FBDF1-->  <PROCESSING><![CDATA[N]]></PROCESSING>
<!--6EFD1987E93847DE87AD7B70282FBDF1-->  <IMPORTFIELDS><![CDATA[N]]></IMPORTFIELDS>
<!--6EFD1987E93847DE87AD7B70282FBDF1-->  <ISSORTTAB><![CDATA[N]]></ISSORTTAB>
<!--6EFD1987E93847DE87AD7B70282FBDF1-->  <AD_MODULE_ID><![CDATA[9BA0836A3CD74EE4AB48753A47211BCC]]></AD_MODULE_ID>
<!--6EFD1987E93847DE87AD7B70282FBDF1-->  <UIPATTERN><![CDATA[STD]]></UIPATTERN>
<!--6EFD1987E93847DE87AD7B70282FBDF1-->  <SHOWPARENTBUTTONS><![CDATA[Y]]></SHOWPARENTBUTTONS>
<!--6EFD1987E93847DE87AD7B70282FBDF1-->  <DISABLE_PARENT_KEY_PROPERTY><![CDATA[N]]></DISABLE_PARENT_KEY_PROPERTY>
<!--6EFD1987E93847DE87AD7B70282FBDF1-->  <ISREADONLYTREE><![CDATA[N]]></ISREADONLYTREE>
<!--6EFD1987E93847DE87AD7B70282FBDF1-->  <ISSHOWTREENODEICONS><![CDATA[Y]]></ISSHOWTREENODEICONS>
<!--6EFD1987E93847DE87AD7B70282FBDF1-->  <EM_OBUIAPP_CAN_ADD><![CDATA[N]]></EM_OBUIAPP_CAN_ADD>
<!--6EFD1987E93847DE87AD7B70282FBDF1-->  <EM_OBUIAPP_CAN_DELETE><![CDATA[N]]></EM_OBUIAPP_CAN_DELETE>
<!--6EFD1987E93847DE87AD7B70282FBDF1-->  <EM_OBUIAPP_SHOW_SELECT><![CDATA[Y]]></EM_OBUIAPP_SHOW_SELECT>
<!--6EFD1987E93847DE87AD7B70282FBDF1--></AD_TAB>

<!--7BF1D74F5C60424088416584DFD1EC1F--><AD_TAB>
<!--7BF1D74F5C60424088416584DFD1EC1F-->  <AD_TAB_ID><![CDATA[7BF1D74F5C60424088416584DFD1EC1F]]></AD_TAB_ID>
<!--7BF1D74F5C60424088416584DFD1EC1F-->  <AD_CLIENT_ID><![CDATA[0]]></AD_CLIENT_ID>
<!--7BF1D74F5C60424088416584DFD1EC1F-->  <AD_ORG_ID><![CDATA[0]]></AD_ORG_ID>
<!--7BF1D74F5C60424088416584DFD1EC1F-->  <ISACTIVE><![CDATA[Y]]></ISACTIVE>
<!--7BF1D74F5C60424088416584DFD1EC1F-->  <NAME><![CDATA[View Role Access]]></NAME>
<!--7BF1D74F5C60424088416584DFD1EC1F-->  <DESCRIPTION><![CDATA[Defines the access to views by Role.]]></DESCRIPTION>
<!--7BF1D74F5C60424088416584DFD1EC1F-->  <HELP><![CDATA[Defines the access to views by Role.]]></HELP>
<!--7BF1D74F5C60424088416584DFD1EC1F-->  <AD_TABLE_ID><![CDATA[E6F29F8A30BC4603B1D1195051C4F3A6]]></AD_TABLE_ID>
<!--7BF1D74F5C60424088416584DFD1EC1F-->  <AD_WINDOW_ID><![CDATA[EBA40241D46D4FA4A24E4A09C61994AA]]></AD_WINDOW_ID>
<!--7BF1D74F5C60424088416584DFD1EC1F-->  <SEQNO><![CDATA[20]]></SEQNO>
<!--7BF1D74F5C60424088416584DFD1EC1F-->  <TABLEVEL><![CDATA[1]]></TABLEVEL>
<!--7BF1D74F5C60424088416584DFD1EC1F-->  <ISSINGLEROW><![CDATA[N]]></ISSINGLEROW>
<!--7BF1D74F5C60424088416584DFD1EC1F-->  <ISINFOTAB><![CDATA[N]]></ISINFOTAB>
<!--7BF1D74F5C60424088416584DFD1EC1F-->  <ISTRANSLATIONTAB><![CDATA[N]]></ISTRANSLATIONTAB>
<!--7BF1D74F5C60424088416584DFD1EC1F-->  <ISREADONLY><![CDATA[N]]></ISREADONLY>
<!--7BF1D74F5C60424088416584DFD1EC1F-->  <HASTREE><![CDATA[N]]></HASTREE>
<!--7BF1D74F5C60424088416584DFD1EC1F-->  <PROCESSING><![CDATA[N]]></PROCESSING>
<!--7BF1D74F5C60424088416584DFD1EC1F-->  <IMPORTFIELDS><![CDATA[N]]></IMPORTFIELDS>
<!--7BF1D74F5C60424088416584DFD1EC1F-->  <ISSORTTAB><![CDATA[N]]></ISSORTTAB>
<!--7BF1D74F5C60424088416584DFD1EC1F-->  <AD_MODULE_ID><![CDATA[9BA0836A3CD74EE4AB48753A47211BCC]]></AD_MODULE_ID>
<!--7BF1D74F5C60424088416584DFD1EC1F-->  <UIPATTERN><![CDATA[STD]]></UIPATTERN>
<!--7BF1D74F5C60424088416584DFD1EC1F-->  <SHOWPARENTBUTTONS><![CDATA[Y]]></SHOWPARENTBUTTONS>
<!--7BF1D74F5C60424088416584DFD1EC1F-->  <DISABLE_PARENT_KEY_PROPERTY><![CDATA[N]]></DISABLE_PARENT_KEY_PROPERTY>
<!--7BF1D74F5C60424088416584DFD1EC1F-->  <ISREADONLYTREE><![CDATA[N]]></ISREADONLYTREE>
<!--7BF1D74F5C60424088416584DFD1EC1F-->  <ISSHOWTREENODEICONS><![CDATA[Y]]></ISSHOWTREENODEICONS>
<!--7BF1D74F5C60424088416584DFD1EC1F-->  <EM_OBUIAPP_CAN_ADD><![CDATA[N]]></EM_OBUIAPP_CAN_ADD>
<!--7BF1D74F5C60424088416584DFD1EC1F-->  <EM_OBUIAPP_CAN_DELETE><![CDATA[N]]></EM_OBUIAPP_CAN_DELETE>
<!--7BF1D74F5C60424088416584DFD1EC1F-->  <EM_OBUIAPP_SHOW_SELECT><![CDATA[Y]]></EM_OBUIAPP_SHOW_SELECT>
<!--7BF1D74F5C60424088416584DFD1EC1F--></AD_TAB>

<!--89C465EF7FA747DF994F415869573310--><AD_TAB>
<!--89C465EF7FA747DF994F415869573310-->  <AD_TAB_ID><![CDATA[89C465EF7FA747DF994F415869573310]]></AD_TAB_ID>
<!--89C465EF7FA747DF994F415869573310-->  <AD_CLIENT_ID><![CDATA[0]]></AD_CLIENT_ID>
<!--89C465EF7FA747DF994F415869573310-->  <AD_ORG_ID><![CDATA[0]]></AD_ORG_ID>
<!--89C465EF7FA747DF994F415869573310-->  <ISACTIVE><![CDATA[Y]]></ISACTIVE>
<!--89C465EF7FA747DF994F415869573310-->  <NAME><![CDATA[Attachment Metadata Translation]]></NAME>
<!--89C465EF7FA747DF994F415869573310-->  <HELP><![CDATA[Metadata translations]]></HELP>
<!--89C465EF7FA747DF994F415869573310-->  <AD_TABLE_ID><![CDATA[1A801FD9F44E4EFFA2EA928693A6BBCB]]></AD_TABLE_ID>
<!--89C465EF7FA747DF994F415869573310-->  <AD_WINDOW_ID><![CDATA[102]]></AD_WINDOW_ID>
<!--89C465EF7FA747DF994F415869573310-->  <SEQNO><![CDATA[112]]></SEQNO>
<!--89C465EF7FA747DF994F415869573310-->  <TABLEVEL><![CDATA[3]]></TABLEVEL>
<!--89C465EF7FA747DF994F415869573310-->  <ISSINGLEROW><![CDATA[N]]></ISSINGLEROW>
<!--89C465EF7FA747DF994F415869573310-->  <ISINFOTAB><![CDATA[N]]></ISINFOTAB>
<!--89C465EF7FA747DF994F415869573310-->  <ISTRANSLATIONTAB><![CDATA[Y]]></ISTRANSLATIONTAB>
<!--89C465EF7FA747DF994F415869573310-->  <ISREADONLY><![CDATA[N]]></ISREADONLY>
<!--89C465EF7FA747DF994F415869573310-->  <HASTREE><![CDATA[N]]></HASTREE>
<!--89C465EF7FA747DF994F415869573310-->  <PROCESSING><![CDATA[N]]></PROCESSING>
<!--89C465EF7FA747DF994F415869573310-->  <IMPORTFIELDS><![CDATA[N]]></IMPORTFIELDS>
<!--89C465EF7FA747DF994F415869573310-->  <ISSORTTAB><![CDATA[N]]></ISSORTTAB>
<!--89C465EF7FA747DF994F415869573310-->  <AD_MODULE_ID><![CDATA[9BA0836A3CD74EE4AB48753A47211BCC]]></AD_MODULE_ID>
<!--89C465EF7FA747DF994F415869573310-->  <UIPATTERN><![CDATA[STD]]></UIPATTERN>
<!--89C465EF7FA747DF994F415869573310-->  <SHOWPARENTBUTTONS><![CDATA[Y]]></SHOWPARENTBUTTONS>
<!--89C465EF7FA747DF994F415869573310-->  <DISABLE_PARENT_KEY_PROPERTY><![CDATA[N]]></DISABLE_PARENT_KEY_PROPERTY>
<!--89C465EF7FA747DF994F415869573310-->  <ISREADONLYTREE><![CDATA[N]]></ISREADONLYTREE>
<!--89C465EF7FA747DF994F415869573310-->  <ISSHOWTREENODEICONS><![CDATA[Y]]></ISSHOWTREENODEICONS>
<!--89C465EF7FA747DF994F415869573310-->  <EM_OBUIAPP_CAN_ADD><![CDATA[N]]></EM_OBUIAPP_CAN_ADD>
<!--89C465EF7FA747DF994F415869573310-->  <EM_OBUIAPP_CAN_DELETE><![CDATA[N]]></EM_OBUIAPP_CAN_DELETE>
<!--89C465EF7FA747DF994F415869573310-->  <EM_OBUIAPP_SHOW_SELECT><![CDATA[Y]]></EM_OBUIAPP_SHOW_SELECT>
<!--89C465EF7FA747DF994F415869573310--></AD_TAB>

<!--AB1837F0A66D4137BD2E6F49378E7A9D--><AD_TAB>
<!--AB1837F0A66D4137BD2E6F49378E7A9D-->  <AD_TAB_ID><![CDATA[AB1837F0A66D4137BD2E6F49378E7A9D]]></AD_TAB_ID>
<!--AB1837F0A66D4137BD2E6F49378E7A9D-->  <AD_CLIENT_ID><![CDATA[0]]></AD_CLIENT_ID>
<!--AB1837F0A66D4137BD2E6F49378E7A9D-->  <AD_ORG_ID><![CDATA[0]]></AD_ORG_ID>
<!--AB1837F0A66D4137BD2E6F49378E7A9D-->  <ISACTIVE><![CDATA[Y]]></ISACTIVE>
<!--AB1837F0A66D4137BD2E6F49378E7A9D-->  <NAME><![CDATA[Attachment Metadata]]></NAME>
<!--AB1837F0A66D4137BD2E6F49378E7A9D-->  <DESCRIPTION><![CDATA[Define metadata values assigned to a tab]]></DESCRIPTION>
<!--AB1837F0A66D4137BD2E6F49378E7A9D-->  <HELP><![CDATA[Define metadata values assigned to attachments of the tab]]></HELP>
<!--AB1837F0A66D4137BD2E6F49378E7A9D-->  <AD_TABLE_ID><![CDATA[30123B1001FC4E82BB4CB9725E069B48]]></AD_TABLE_ID>
<!--AB1837F0A66D4137BD2E6F49378E7A9D-->  <AD_WINDOW_ID><![CDATA[102]]></AD_WINDOW_ID>
<!--AB1837F0A66D4137BD2E6F49378E7A9D-->  <SEQNO><![CDATA[111]]></SEQNO>
<!--AB1837F0A66D4137BD2E6F49378E7A9D-->  <TABLEVEL><![CDATA[2]]></TABLEVEL>
<!--AB1837F0A66D4137BD2E6F49378E7A9D-->  <ISSINGLEROW><![CDATA[N]]></ISSINGLEROW>
<!--AB1837F0A66D4137BD2E6F49378E7A9D-->  <ISINFOTAB><![CDATA[N]]></ISINFOTAB>
<!--AB1837F0A66D4137BD2E6F49378E7A9D-->  <ISTRANSLATIONTAB><![CDATA[N]]></ISTRANSLATIONTAB>
<!--AB1837F0A66D4137BD2E6F49378E7A9D-->  <ISREADONLY><![CDATA[N]]></ISREADONLY>
<!--AB1837F0A66D4137BD2E6F49378E7A9D-->  <HASTREE><![CDATA[N]]></HASTREE>
<!--AB1837F0A66D4137BD2E6F49378E7A9D-->  <PROCESSING><![CDATA[N]]></PROCESSING>
<!--AB1837F0A66D4137BD2E6F49378E7A9D-->  <IMPORTFIELDS><![CDATA[N]]></IMPORTFIELDS>
<!--AB1837F0A66D4137BD2E6F49378E7A9D-->  <ISSORTTAB><![CDATA[N]]></ISSORTTAB>
<!--AB1837F0A66D4137BD2E6F49378E7A9D-->  <AD_MODULE_ID><![CDATA[9BA0836A3CD74EE4AB48753A47211BCC]]></AD_MODULE_ID>
<!--AB1837F0A66D4137BD2E6F49378E7A9D-->  <UIPATTERN><![CDATA[STD]]></UIPATTERN>
<!--AB1837F0A66D4137BD2E6F49378E7A9D-->  <SHOWPARENTBUTTONS><![CDATA[Y]]></SHOWPARENTBUTTONS>
<!--AB1837F0A66D4137BD2E6F49378E7A9D-->  <DISABLE_PARENT_KEY_PROPERTY><![CDATA[N]]></DISABLE_PARENT_KEY_PROPERTY>
<!--AB1837F0A66D4137BD2E6F49378E7A9D-->  <ISREADONLYTREE><![CDATA[N]]></ISREADONLYTREE>
<!--AB1837F0A66D4137BD2E6F49378E7A9D-->  <ISSHOWTREENODEICONS><![CDATA[Y]]></ISSHOWTREENODEICONS>
<!--AB1837F0A66D4137BD2E6F49378E7A9D-->  <EM_OBUIAPP_CAN_ADD><![CDATA[N]]></EM_OBUIAPP_CAN_ADD>
<!--AB1837F0A66D4137BD2E6F49378E7A9D-->  <EM_OBUIAPP_CAN_DELETE><![CDATA[N]]></EM_OBUIAPP_CAN_DELETE>
<!--AB1837F0A66D4137BD2E6F49378E7A9D-->  <EM_OBUIAPP_SHOW_SELECT><![CDATA[Y]]></EM_OBUIAPP_SHOW_SELECT>
<!--AB1837F0A66D4137BD2E6F49378E7A9D--></AD_TAB>

<!--B34CD80126254F428E72D040C3998900--><AD_TAB>
<!--B34CD80126254F428E72D040C3998900-->  <AD_TAB_ID><![CDATA[B34CD80126254F428E72D040C3998900]]></AD_TAB_ID>
<!--B34CD80126254F428E72D040C3998900-->  <AD_CLIENT_ID><![CDATA[0]]></AD_CLIENT_ID>
<!--B34CD80126254F428E72D040C3998900-->  <AD_ORG_ID><![CDATA[0]]></AD_ORG_ID>
<!--B34CD80126254F428E72D040C3998900-->  <ISACTIVE><![CDATA[Y]]></ISACTIVE>
<!--B34CD80126254F428E72D040C3998900-->  <NAME><![CDATA[Metadata Translation]]></NAME>
<!--B34CD80126254F428E72D040C3998900-->  <HELP><![CDATA[Metadata translations]]></HELP>
<!--B34CD80126254F428E72D040C3998900-->  <AD_TABLE_ID><![CDATA[1A801FD9F44E4EFFA2EA928693A6BBCB]]></AD_TABLE_ID>
<!--B34CD80126254F428E72D040C3998900-->  <AD_WINDOW_ID><![CDATA[C4CA99B1DF4E471CA50577013AE264AD]]></AD_WINDOW_ID>
<!--B34CD80126254F428E72D040C3998900-->  <SEQNO><![CDATA[30]]></SEQNO>
<!--B34CD80126254F428E72D040C3998900-->  <TABLEVEL><![CDATA[2]]></TABLEVEL>
<!--B34CD80126254F428E72D040C3998900-->  <ISSINGLEROW><![CDATA[N]]></ISSINGLEROW>
<!--B34CD80126254F428E72D040C3998900-->  <ISINFOTAB><![CDATA[N]]></ISINFOTAB>
<!--B34CD80126254F428E72D040C3998900-->  <ISTRANSLATIONTAB><![CDATA[Y]]></ISTRANSLATIONTAB>
<!--B34CD80126254F428E72D040C3998900-->  <ISREADONLY><![CDATA[N]]></ISREADONLY>
<!--B34CD80126254F428E72D040C3998900-->  <HASTREE><![CDATA[N]]></HASTREE>
<!--B34CD80126254F428E72D040C3998900-->  <PROCESSING><![CDATA[N]]></PROCESSING>
<!--B34CD80126254F428E72D040C3998900-->  <IMPORTFIELDS><![CDATA[N]]></IMPORTFIELDS>
<!--B34CD80126254F428E72D040C3998900-->  <ISSORTTAB><![CDATA[N]]></ISSORTTAB>
<!--B34CD80126254F428E72D040C3998900-->  <AD_MODULE_ID><![CDATA[9BA0836A3CD74EE4AB48753A47211BCC]]></AD_MODULE_ID>
<!--B34CD80126254F428E72D040C3998900-->  <UIPATTERN><![CDATA[STD]]></UIPATTERN>
<!--B34CD80126254F428E72D040C3998900-->  <SHOWPARENTBUTTONS><![CDATA[Y]]></SHOWPARENTBUTTONS>
<!--B34CD80126254F428E72D040C3998900-->  <DISABLE_PARENT_KEY_PROPERTY><![CDATA[N]]></DISABLE_PARENT_KEY_PROPERTY>
<!--B34CD80126254F428E72D040C3998900-->  <ISREADONLYTREE><![CDATA[N]]></ISREADONLYTREE>
<!--B34CD80126254F428E72D040C3998900-->  <ISSHOWTREENODEICONS><![CDATA[Y]]></ISSHOWTREENODEICONS>
<!--B34CD80126254F428E72D040C3998900-->  <EM_OBUIAPP_CAN_ADD><![CDATA[N]]></EM_OBUIAPP_CAN_ADD>
<!--B34CD80126254F428E72D040C3998900-->  <EM_OBUIAPP_CAN_DELETE><![CDATA[N]]></EM_OBUIAPP_CAN_DELETE>
<!--B34CD80126254F428E72D040C3998900-->  <EM_OBUIAPP_SHOW_SELECT><![CDATA[Y]]></EM_OBUIAPP_SHOW_SELECT>
<!--B34CD80126254F428E72D040C3998900--></AD_TAB>

<!--D26230D6D21546C6970E79FF1C51165E--><AD_TAB>
<!--D26230D6D21546C6970E79FF1C51165E-->  <AD_TAB_ID><![CDATA[D26230D6D21546C6970E79FF1C51165E]]></AD_TAB_ID>
<!--D26230D6D21546C6970E79FF1C51165E-->  <AD_CLIENT_ID><![CDATA[0]]></AD_CLIENT_ID>
<!--D26230D6D21546C6970E79FF1C51165E-->  <AD_ORG_ID><![CDATA[0]]></AD_ORG_ID>
<!--D26230D6D21546C6970E79FF1C51165E-->  <ISACTIVE><![CDATA[Y]]></ISACTIVE>
<!--D26230D6D21546C6970E79FF1C51165E-->  <NAME><![CDATA[Field]]></NAME>
<!--D26230D6D21546C6970E79FF1C51165E-->  <DESCRIPTION><![CDATA[Grid Configuration at Field Level]]></DESCRIPTION>
<!--D26230D6D21546C6970E79FF1C51165E-->  <HELP><![CDATA[In this tab the user can set some properties that will be used to define how the grid filtering should work in the selected field. If a property is not set, its value will be taking from the tab level. If it is not defined in the tab level, its value will be taken from the system level.]]></HELP>
<!--D26230D6D21546C6970E79FF1C51165E-->  <AD_TABLE_ID><![CDATA[F167EB822B8A4284AC37D5B40B785D51]]></AD_TABLE_ID>
<!--D26230D6D21546C6970E79FF1C51165E-->  <AD_WINDOW_ID><![CDATA[7E72F3A16C704449BC50FCE1512C3805]]></AD_WINDOW_ID>
<!--D26230D6D21546C6970E79FF1C51165E-->  <SEQNO><![CDATA[20]]></SEQNO>
<!--D26230D6D21546C6970E79FF1C51165E-->  <TABLEVEL><![CDATA[1]]></TABLEVEL>
<!--D26230D6D21546C6970E79FF1C51165E-->  <ISSINGLEROW><![CDATA[N]]></ISSINGLEROW>
<!--D26230D6D21546C6970E79FF1C51165E-->  <ISINFOTAB><![CDATA[N]]></ISINFOTAB>
<!--D26230D6D21546C6970E79FF1C51165E-->  <ISTRANSLATIONTAB><![CDATA[N]]></ISTRANSLATIONTAB>
<!--D26230D6D21546C6970E79FF1C51165E-->  <ISREADONLY><![CDATA[N]]></ISREADONLY>
<!--D26230D6D21546C6970E79FF1C51165E-->  <HASTREE><![CDATA[N]]></HASTREE>
<!--D26230D6D21546C6970E79FF1C51165E-->  <PROCESSING><![CDATA[N]]></PROCESSING>
<!--D26230D6D21546C6970E79FF1C51165E-->  <IMPORTFIELDS><![CDATA[N]]></IMPORTFIELDS>
<!--D26230D6D21546C6970E79FF1C51165E-->  <ISSORTTAB><![CDATA[N]]></ISSORTTAB>
<!--D26230D6D21546C6970E79FF1C51165E-->  <AD_MODULE_ID><![CDATA[9BA0836A3CD74EE4AB48753A47211BCC]]></AD_MODULE_ID>
<!--D26230D6D21546C6970E79FF1C51165E-->  <UIPATTERN><![CDATA[STD]]></UIPATTERN>
<!--D26230D6D21546C6970E79FF1C51165E-->  <SHOWPARENTBUTTONS><![CDATA[Y]]></SHOWPARENTBUTTONS>
<!--D26230D6D21546C6970E79FF1C51165E-->  <DISABLE_PARENT_KEY_PROPERTY><![CDATA[N]]></DISABLE_PARENT_KEY_PROPERTY>
<!--D26230D6D21546C6970E79FF1C51165E-->  <ISREADONLYTREE><![CDATA[N]]></ISREADONLYTREE>
<!--D26230D6D21546C6970E79FF1C51165E-->  <ISSHOWTREENODEICONS><![CDATA[Y]]></ISSHOWTREENODEICONS>
<!--D26230D6D21546C6970E79FF1C51165E-->  <EM_OBUIAPP_CAN_ADD><![CDATA[N]]></EM_OBUIAPP_CAN_ADD>
<!--D26230D6D21546C6970E79FF1C51165E-->  <EM_OBUIAPP_CAN_DELETE><![CDATA[N]]></EM_OBUIAPP_CAN_DELETE>
<!--D26230D6D21546C6970E79FF1C51165E-->  <EM_OBUIAPP_SHOW_SELECT><![CDATA[Y]]></EM_OBUIAPP_SHOW_SELECT>
<!--D26230D6D21546C6970E79FF1C51165E--></AD_TAB>

<!--D275449FFACC4539A401336214FDBF94--><AD_TAB>
<!--D275449FFACC4539A401336214FDBF94-->  <AD_TAB_ID><![CDATA[D275449FFACC4539A401336214FDBF94]]></AD_TAB_ID>
<!--D275449FFACC4539A401336214FDBF94-->  <AD_CLIENT_ID><![CDATA[0]]></AD_CLIENT_ID>
<!--D275449FFACC4539A401336214FDBF94-->  <AD_ORG_ID><![CDATA[0]]></AD_ORG_ID>
<!--D275449FFACC4539A401336214FDBF94-->  <ISACTIVE><![CDATA[Y]]></ISACTIVE>
<!--D275449FFACC4539A401336214FDBF94-->  <NAME><![CDATA[Menu Parameters]]></NAME>
<!--D275449FFACC4539A401336214FDBF94-->  <DESCRIPTION><![CDATA[Menu Parameters]]></DESCRIPTION>
<!--D275449FFACC4539A401336214FDBF94-->  <HELP><![CDATA[The menu parameters are used in the new user interface to pass parameters to standard view implementations.]]></HELP>
<!--D275449FFACC4539A401336214FDBF94-->  <AD_TABLE_ID><![CDATA[B733B9E74A0D4FE1A3EC2A100E0ADD47]]></AD_TABLE_ID>
<!--D275449FFACC4539A401336214FDBF94-->  <AD_WINDOW_ID><![CDATA[105]]></AD_WINDOW_ID>
<!--D275449FFACC4539A401336214FDBF94-->  <SEQNO><![CDATA[30]]></SEQNO>
<!--D275449FFACC4539A401336214FDBF94-->  <TABLEVEL><![CDATA[1]]></TABLEVEL>
<!--D275449FFACC4539A401336214FDBF94-->  <ISSINGLEROW><![CDATA[N]]></ISSINGLEROW>
<!--D275449FFACC4539A401336214FDBF94-->  <ISINFOTAB><![CDATA[N]]></ISINFOTAB>
<!--D275449FFACC4539A401336214FDBF94-->  <ISTRANSLATIONTAB><![CDATA[N]]></ISTRANSLATIONTAB>
<!--D275449FFACC4539A401336214FDBF94-->  <ISREADONLY><![CDATA[N]]></ISREADONLY>
<!--D275449FFACC4539A401336214FDBF94-->  <HASTREE><![CDATA[N]]></HASTREE>
<!--D275449FFACC4539A401336214FDBF94-->  <PROCESSING><![CDATA[N]]></PROCESSING>
<!--D275449FFACC4539A401336214FDBF94-->  <IMPORTFIELDS><![CDATA[N]]></IMPORTFIELDS>
<!--D275449FFACC4539A401336214FDBF94-->  <ISSORTTAB><![CDATA[N]]></ISSORTTAB>
<!--D275449FFACC4539A401336214FDBF94-->  <AD_MODULE_ID><![CDATA[9BA0836A3CD74EE4AB48753A47211BCC]]></AD_MODULE_ID>
<!--D275449FFACC4539A401336214FDBF94-->  <UIPATTERN><![CDATA[STD]]></UIPATTERN>
<!--D275449FFACC4539A401336214FDBF94-->  <SHOWPARENTBUTTONS><![CDATA[Y]]></SHOWPARENTBUTTONS>
<!--D275449FFACC4539A401336214FDBF94-->  <DISABLE_PARENT_KEY_PROPERTY><![CDATA[N]]></DISABLE_PARENT_KEY_PROPERTY>
<!--D275449FFACC4539A401336214FDBF94-->  <ISREADONLYTREE><![CDATA[N]]></ISREADONLYTREE>
<!--D275449FFACC4539A401336214FDBF94-->  <ISSHOWTREENODEICONS><![CDATA[Y]]></ISSHOWTREENODEICONS>
<!--D275449FFACC4539A401336214FDBF94-->  <EM_OBUIAPP_CAN_ADD><![CDATA[N]]></EM_OBUIAPP_CAN_ADD>
<!--D275449FFACC4539A401336214FDBF94-->  <EM_OBUIAPP_CAN_DELETE><![CDATA[N]]></EM_OBUIAPP_CAN_DELETE>
<!--D275449FFACC4539A401336214FDBF94-->  <EM_OBUIAPP_SHOW_SELECT><![CDATA[Y]]></EM_OBUIAPP_SHOW_SELECT>
<!--D275449FFACC4539A401336214FDBF94--></AD_TAB>

<!--D829B2F06F444694B7080C9BA19428E6--><AD_TAB>
<!--D829B2F06F444694B7080C9BA19428E6-->  <AD_TAB_ID><![CDATA[D829B2F06F444694B7080C9BA19428E6]]></AD_TAB_ID>
<!--D829B2F06F444694B7080C9BA19428E6-->  <AD_CLIENT_ID><![CDATA[0]]></AD_CLIENT_ID>
<!--D829B2F06F444694B7080C9BA19428E6-->  <AD_ORG_ID><![CDATA[0]]></AD_ORG_ID>
<!--D829B2F06F444694B7080C9BA19428E6-->  <ISACTIVE><![CDATA[Y]]></ISACTIVE>
<!--D829B2F06F444694B7080C9BA19428E6-->  <NAME><![CDATA[Header]]></NAME>
<!--D829B2F06F444694B7080C9BA19428E6-->  <DESCRIPTION><![CDATA[Associates a Report to a data pool.]]></DESCRIPTION>
<!--D829B2F06F444694B7080C9BA19428E6-->  <HELP><![CDATA[Associates a Report to a data pool.]]></HELP>
<!--D829B2F06F444694B7080C9BA19428E6-->  <AD_TABLE_ID><![CDATA[7C71A0B4544B4E448195E72DDDF0CA5E]]></AD_TABLE_ID>
<!--D829B2F06F444694B7080C9BA19428E6-->  <AD_WINDOW_ID><![CDATA[48B7215F9BF6458E813E6B280DEDB958]]></AD_WINDOW_ID>
<!--D829B2F06F444694B7080C9BA19428E6-->  <SEQNO><![CDATA[10]]></SEQNO>
<!--D829B2F06F444694B7080C9BA19428E6-->  <TABLEVEL><![CDATA[0]]></TABLEVEL>
<!--D829B2F06F444694B7080C9BA19428E6-->  <ISSINGLEROW><![CDATA[N]]></ISSINGLEROW>
<!--D829B2F06F444694B7080C9BA19428E6-->  <ISINFOTAB><![CDATA[N]]></ISINFOTAB>
<!--D829B2F06F444694B7080C9BA19428E6-->  <ISTRANSLATIONTAB><![CDATA[N]]></ISTRANSLATIONTAB>
<!--D829B2F06F444694B7080C9BA19428E6-->  <ISREADONLY><![CDATA[N]]></ISREADONLY>
<!--D829B2F06F444694B7080C9BA19428E6-->  <HASTREE><![CDATA[N]]></HASTREE>
<!--D829B2F06F444694B7080C9BA19428E6-->  <PROCESSING><![CDATA[N]]></PROCESSING>
<!--D829B2F06F444694B7080C9BA19428E6-->  <IMPORTFIELDS><![CDATA[N]]></IMPORTFIELDS>
<!--D829B2F06F444694B7080C9BA19428E6-->  <ISSORTTAB><![CDATA[N]]></ISSORTTAB>
<!--D829B2F06F444694B7080C9BA19428E6-->  <AD_MODULE_ID><![CDATA[9BA0836A3CD74EE4AB48753A47211BCC]]></AD_MODULE_ID>
<!--D829B2F06F444694B7080C9BA19428E6-->  <UIPATTERN><![CDATA[STD]]></UIPATTERN>
<!--D829B2F06F444694B7080C9BA19428E6-->  <SHOWPARENTBUTTONS><![CDATA[Y]]></SHOWPARENTBUTTONS>
<!--D829B2F06F444694B7080C9BA19428E6-->  <DISABLE_PARENT_KEY_PROPERTY><![CDATA[N]]></DISABLE_PARENT_KEY_PROPERTY>
<!--D829B2F06F444694B7080C9BA19428E6-->  <ISREADONLYTREE><![CDATA[N]]></ISREADONLYTREE>
<!--D829B2F06F444694B7080C9BA19428E6-->  <ISSHOWTREENODEICONS><![CDATA[Y]]></ISSHOWTREENODEICONS>
<!--D829B2F06F444694B7080C9BA19428E6-->  <EM_OBUIAPP_CAN_ADD><![CDATA[N]]></EM_OBUIAPP_CAN_ADD>
<!--D829B2F06F444694B7080C9BA19428E6-->  <EM_OBUIAPP_CAN_DELETE><![CDATA[N]]></EM_OBUIAPP_CAN_DELETE>
<!--D829B2F06F444694B7080C9BA19428E6-->  <EM_OBUIAPP_SHOW_SELECT><![CDATA[Y]]></EM_OBUIAPP_SHOW_SELECT>
<!--D829B2F06F444694B7080C9BA19428E6--></AD_TAB>

<!--F48E7C517C334F26AC5A25D71FE707D5--><AD_TAB>
<!--F48E7C517C334F26AC5A25D71FE707D5-->  <AD_TAB_ID><![CDATA[F48E7C517C334F26AC5A25D71FE707D5]]></AD_TAB_ID>
<!--F48E7C517C334F26AC5A25D71FE707D5-->  <AD_CLIENT_ID><![CDATA[0]]></AD_CLIENT_ID>
<!--F48E7C517C334F26AC5A25D71FE707D5-->  <AD_ORG_ID><![CDATA[0]]></AD_ORG_ID>
<!--F48E7C517C334F26AC5A25D71FE707D5-->  <ISACTIVE><![CDATA[Y]]></ISACTIVE>
<!--F48E7C517C334F26AC5A25D71FE707D5-->  <NAME><![CDATA[Metadata]]></NAME>
<!--F48E7C517C334F26AC5A25D71FE707D5-->  <HELP><![CDATA[Definition of the metadata that can be configured to be included as additional information on each Attachment File.]]></HELP>
<!--F48E7C517C334F26AC5A25D71FE707D5-->  <AD_TABLE_ID><![CDATA[30123B1001FC4E82BB4CB9725E069B48]]></AD_TABLE_ID>
<!--F48E7C517C334F26AC5A25D71FE707D5-->  <AD_WINDOW_ID><![CDATA[C4CA99B1DF4E471CA50577013AE264AD]]></AD_WINDOW_ID>
<!--F48E7C517C334F26AC5A25D71FE707D5-->  <SEQNO><![CDATA[20]]></SEQNO>
<!--F48E7C517C334F26AC5A25D71FE707D5-->  <TABLEVEL><![CDATA[1]]></TABLEVEL>
<!--F48E7C517C334F26AC5A25D71FE707D5-->  <ISSINGLEROW><![CDATA[N]]></ISSINGLEROW>
<!--F48E7C517C334F26AC5A25D71FE707D5-->  <ISINFOTAB><![CDATA[N]]></ISINFOTAB>
<!--F48E7C517C334F26AC5A25D71FE707D5-->  <ISTRANSLATIONTAB><![CDATA[N]]></ISTRANSLATIONTAB>
<!--F48E7C517C334F26AC5A25D71FE707D5-->  <ISREADONLY><![CDATA[N]]></ISREADONLY>
<!--F48E7C517C334F26AC5A25D71FE707D5-->  <HASTREE><![CDATA[N]]></HASTREE>
<!--F48E7C517C334F26AC5A25D71FE707D5-->  <PROCESSING><![CDATA[N]]></PROCESSING>
<!--F48E7C517C334F26AC5A25D71FE707D5-->  <IMPORTFIELDS><![CDATA[N]]></IMPORTFIELDS>
<!--F48E7C517C334F26AC5A25D71FE707D5-->  <ISSORTTAB><![CDATA[N]]></ISSORTTAB>
<!--F48E7C517C334F26AC5A25D71FE707D5-->  <AD_MODULE_ID><![CDATA[9BA0836A3CD74EE4AB48753A47211BCC]]></AD_MODULE_ID>
<!--F48E7C517C334F26AC5A25D71FE707D5-->  <UIPATTERN><![CDATA[STD]]></UIPATTERN>
<!--F48E7C517C334F26AC5A25D71FE707D5-->  <HQLFILTERCLAUSE><![CDATA[e.tab is null]]></HQLFILTERCLAUSE>
<!--F48E7C517C334F26AC5A25D71FE707D5-->  <FILTERNAME><![CDATA[Global parameters]]></FILTERNAME>
<!--F48E7C517C334F26AC5A25D71FE707D5-->  <SHOWPARENTBUTTONS><![CDATA[Y]]></SHOWPARENTBUTTONS>
<!--F48E7C517C334F26AC5A25D71FE707D5-->  <DISABLE_PARENT_KEY_PROPERTY><![CDATA[N]]></DISABLE_PARENT_KEY_PROPERTY>
<!--F48E7C517C334F26AC5A25D71FE707D5-->  <ISREADONLYTREE><![CDATA[N]]></ISREADONLYTREE>
<!--F48E7C517C334F26AC5A25D71FE707D5-->  <ISSHOWTREENODEICONS><![CDATA[Y]]></ISSHOWTREENODEICONS>
<!--F48E7C517C334F26AC5A25D71FE707D5-->  <EM_OBUIAPP_CAN_ADD><![CDATA[N]]></EM_OBUIAPP_CAN_ADD>
<!--F48E7C517C334F26AC5A25D71FE707D5-->  <EM_OBUIAPP_CAN_DELETE><![CDATA[N]]></EM_OBUIAPP_CAN_DELETE>
<!--F48E7C517C334F26AC5A25D71FE707D5-->  <EM_OBUIAPP_SHOW_SELECT><![CDATA[Y]]></EM_OBUIAPP_SHOW_SELECT>
<!--F48E7C517C334F26AC5A25D71FE707D5--></AD_TAB>

<!--F648835984F842AF906FA5F97EF6641B--><AD_TAB>
<!--F648835984F842AF906FA5F97EF6641B-->  <AD_TAB_ID><![CDATA[F648835984F842AF906FA5F97EF6641B]]></AD_TAB_ID>
<!--F648835984F842AF906FA5F97EF6641B-->  <AD_CLIENT_ID><![CDATA[0]]></AD_CLIENT_ID>
<!--F648835984F842AF906FA5F97EF6641B-->  <AD_ORG_ID><![CDATA[0]]></AD_ORG_ID>
<!--F648835984F842AF906FA5F97EF6641B-->  <ISACTIVE><![CDATA[Y]]></ISACTIVE>
<!--F648835984F842AF906FA5F97EF6641B-->  <NAME><![CDATA[View Implementation]]></NAME>
<!--F648835984F842AF906FA5F97EF6641B-->  <DESCRIPTION><![CDATA[A view is shown in the main user interface, the view implementation defines the javaclass responsible for generating the client-side javascript.]]></DESCRIPTION>
<!--F648835984F842AF906FA5F97EF6641B-->  <HELP><![CDATA[A view is shown in the user interface as a tab in the multi-tab interface or as a popup. The view can be anything from a grid, form or a popup window. When the view is shown in the multi-tab interface then it must be a Smartclient canvas.

The view implementation defines the component which is capable of generating the client side javascript to be shown in the browser. A view implementation is a java class which extends the org.openbravo.client.kernel.BaseTemplateComponent class.]]></HELP>
<!--F648835984F842AF906FA5F97EF6641B-->  <AD_TABLE_ID><![CDATA[79127717F4514B459D9014C91E793CE9]]></AD_TABLE_ID>
<!--F648835984F842AF906FA5F97EF6641B-->  <AD_WINDOW_ID><![CDATA[EBA40241D46D4FA4A24E4A09C61994AA]]></AD_WINDOW_ID>
<!--F648835984F842AF906FA5F97EF6641B-->  <SEQNO><![CDATA[10]]></SEQNO>
<!--F648835984F842AF906FA5F97EF6641B-->  <TABLEVEL><![CDATA[0]]></TABLEVEL>
<!--F648835984F842AF906FA5F97EF6641B-->  <ISSINGLEROW><![CDATA[N]]></ISSINGLEROW>
<!--F648835984F842AF906FA5F97EF6641B-->  <ISINFOTAB><![CDATA[N]]></ISINFOTAB>
<!--F648835984F842AF906FA5F97EF6641B-->  <ISTRANSLATIONTAB><![CDATA[N]]></ISTRANSLATIONTAB>
<!--F648835984F842AF906FA5F97EF6641B-->  <ISREADONLY><![CDATA[N]]></ISREADONLY>
<!--F648835984F842AF906FA5F97EF6641B-->  <HASTREE><![CDATA[N]]></HASTREE>
<!--F648835984F842AF906FA5F97EF6641B-->  <PROCESSING><![CDATA[N]]></PROCESSING>
<!--F648835984F842AF906FA5F97EF6641B-->  <IMPORTFIELDS><![CDATA[N]]></IMPORTFIELDS>
<!--F648835984F842AF906FA5F97EF6641B-->  <ISSORTTAB><![CDATA[N]]></ISSORTTAB>
<!--F648835984F842AF906FA5F97EF6641B-->  <AD_MODULE_ID><![CDATA[9BA0836A3CD74EE4AB48753A47211BCC]]></AD_MODULE_ID>
<!--F648835984F842AF906FA5F97EF6641B-->  <UIPATTERN><![CDATA[STD]]></UIPATTERN>
<!--F648835984F842AF906FA5F97EF6641B-->  <SHOWPARENTBUTTONS><![CDATA[Y]]></SHOWPARENTBUTTONS>
<!--F648835984F842AF906FA5F97EF6641B-->  <DISABLE_PARENT_KEY_PROPERTY><![CDATA[N]]></DISABLE_PARENT_KEY_PROPERTY>
<!--F648835984F842AF906FA5F97EF6641B-->  <ISREADONLYTREE><![CDATA[N]]></ISREADONLYTREE>
<!--F648835984F842AF906FA5F97EF6641B-->  <ISSHOWTREENODEICONS><![CDATA[Y]]></ISSHOWTREENODEICONS>
<!--F648835984F842AF906FA5F97EF6641B-->  <EM_OBUIAPP_CAN_ADD><![CDATA[N]]></EM_OBUIAPP_CAN_ADD>
<!--F648835984F842AF906FA5F97EF6641B-->  <EM_OBUIAPP_CAN_DELETE><![CDATA[N]]></EM_OBUIAPP_CAN_DELETE>
<!--F648835984F842AF906FA5F97EF6641B-->  <EM_OBUIAPP_SHOW_SELECT><![CDATA[Y]]></EM_OBUIAPP_SHOW_SELECT>
<!--F648835984F842AF906FA5F97EF6641B--></AD_TAB>

<!--FD25BB2F15814C7C9C5CDE550F50FBFF--><AD_TAB>
<!--FD25BB2F15814C7C9C5CDE550F50FBFF-->  <AD_TAB_ID><![CDATA[FD25BB2F15814C7C9C5CDE550F50FBFF]]></AD_TAB_ID>
<!--FD25BB2F15814C7C9C5CDE550F50FBFF-->  <AD_CLIENT_ID><![CDATA[0]]></AD_CLIENT_ID>
<!--FD25BB2F15814C7C9C5CDE550F50FBFF-->  <AD_ORG_ID><![CDATA[0]]></AD_ORG_ID>
<!--FD25BB2F15814C7C9C5CDE550F50FBFF-->  <ISACTIVE><![CDATA[Y]]></ISACTIVE>
<!--FD25BB2F15814C7C9C5CDE550F50FBFF-->  <NAME><![CDATA[Translation]]></NAME>
<!--FD25BB2F15814C7C9C5CDE550F50FBFF-->  <DESCRIPTION><![CDATA[Edit your process definition translations for the predefined languages of your choice.]]></DESCRIPTION>
<!--FD25BB2F15814C7C9C5CDE550F50FBFF-->  <HELP><![CDATA[Edit your process definition translations for the predefined languages of your choice.]]></HELP>
<!--FD25BB2F15814C7C9C5CDE550F50FBFF-->  <AD_TABLE_ID><![CDATA[0F213FB4B2D24B1D9DA551AC10B20084]]></AD_TABLE_ID>
<!--FD25BB2F15814C7C9C5CDE550F50FBFF-->  <AD_WINDOW_ID><![CDATA[FF80818132D7FB620132D8193C0C0043]]></AD_WINDOW_ID>
<!--FD25BB2F15814C7C9C5CDE550F50FBFF-->  <SEQNO><![CDATA[50]]></SEQNO>
<!--FD25BB2F15814C7C9C5CDE550F50FBFF-->  <TABLEVEL><![CDATA[1]]></TABLEVEL>
<!--FD25BB2F15814C7C9C5CDE550F50FBFF-->  <ISSINGLEROW><![CDATA[N]]></ISSINGLEROW>
<!--FD25BB2F15814C7C9C5CDE550F50FBFF-->  <ISINFOTAB><![CDATA[N]]></ISINFOTAB>
<!--FD25BB2F15814C7C9C5CDE550F50FBFF-->  <ISTRANSLATIONTAB><![CDATA[Y]]></ISTRANSLATIONTAB>
<!--FD25BB2F15814C7C9C5CDE550F50FBFF-->  <ISREADONLY><![CDATA[N]]></ISREADONLY>
<!--FD25BB2F15814C7C9C5CDE550F50FBFF-->  <HASTREE><![CDATA[N]]></HASTREE>
<!--FD25BB2F15814C7C9C5CDE550F50FBFF-->  <PROCESSING><![CDATA[N]]></PROCESSING>
<!--FD25BB2F15814C7C9C5CDE550F50FBFF-->  <IMPORTFIELDS><![CDATA[N]]></IMPORTFIELDS>
<!--FD25BB2F15814C7C9C5CDE550F50FBFF-->  <ISSORTTAB><![CDATA[N]]></ISSORTTAB>
<!--FD25BB2F15814C7C9C5CDE550F50FBFF-->  <AD_MODULE_ID><![CDATA[9BA0836A3CD74EE4AB48753A47211BCC]]></AD_MODULE_ID>
<!--FD25BB2F15814C7C9C5CDE550F50FBFF-->  <UIPATTERN><![CDATA[STD]]></UIPATTERN>
<!--FD25BB2F15814C7C9C5CDE550F50FBFF-->  <SHOWPARENTBUTTONS><![CDATA[Y]]></SHOWPARENTBUTTONS>
<!--FD25BB2F15814C7C9C5CDE550F50FBFF-->  <DISABLE_PARENT_KEY_PROPERTY><![CDATA[N]]></DISABLE_PARENT_KEY_PROPERTY>
<!--FD25BB2F15814C7C9C5CDE550F50FBFF-->  <ISREADONLYTREE><![CDATA[N]]></ISREADONLYTREE>
<!--FD25BB2F15814C7C9C5CDE550F50FBFF-->  <ISSHOWTREENODEICONS><![CDATA[Y]]></ISSHOWTREENODEICONS>
<!--FD25BB2F15814C7C9C5CDE550F50FBFF-->  <EM_OBUIAPP_CAN_ADD><![CDATA[N]]></EM_OBUIAPP_CAN_ADD>
<!--FD25BB2F15814C7C9C5CDE550F50FBFF-->  <EM_OBUIAPP_CAN_DELETE><![CDATA[N]]></EM_OBUIAPP_CAN_DELETE>
<!--FD25BB2F15814C7C9C5CDE550F50FBFF-->  <EM_OBUIAPP_SHOW_SELECT><![CDATA[Y]]></EM_OBUIAPP_SHOW_SELECT>
<!--FD25BB2F15814C7C9C5CDE550F50FBFF--></AD_TAB>

<!--FF8080812EFBEA81012EFBED3F58000C--><AD_TAB>
<!--FF8080812EFBEA81012EFBED3F58000C-->  <AD_TAB_ID><![CDATA[FF8080812EFBEA81012EFBED3F58000C]]></AD_TAB_ID>
<!--FF8080812EFBEA81012EFBED3F58000C-->  <AD_CLIENT_ID><![CDATA[0]]></AD_CLIENT_ID>
<!--FF8080812EFBEA81012EFBED3F58000C-->  <AD_ORG_ID><![CDATA[0]]></AD_ORG_ID>
<!--FF8080812EFBEA81012EFBED3F58000C-->  <ISACTIVE><![CDATA[Y]]></ISACTIVE>
<!--FF8080812EFBEA81012EFBED3F58000C-->  <NAME><![CDATA[View Implementation]]></NAME>
<!--FF8080812EFBEA81012EFBED3F58000C-->  <DESCRIPTION><![CDATA[Edit the selected role's access to specified application view impementations.]]></DESCRIPTION>
<!--FF8080812EFBEA81012EFBED3F58000C-->  <HELP><![CDATA[View implementation tab allows to select customized views.]]></HELP>
<!--FF8080812EFBEA81012EFBED3F58000C-->  <AD_TABLE_ID><![CDATA[E6F29F8A30BC4603B1D1195051C4F3A6]]></AD_TABLE_ID>
<!--FF8080812EFBEA81012EFBED3F58000C-->  <AD_WINDOW_ID><![CDATA[111]]></AD_WINDOW_ID>
<!--FF8080812EFBEA81012EFBED3F58000C-->  <SEQNO><![CDATA[110]]></SEQNO>
<!--FF8080812EFBEA81012EFBED3F58000C-->  <TABLEVEL><![CDATA[1]]></TABLEVEL>
<!--FF8080812EFBEA81012EFBED3F58000C-->  <ISSINGLEROW><![CDATA[N]]></ISSINGLEROW>
<!--FF8080812EFBEA81012EFBED3F58000C-->  <ISINFOTAB><![CDATA[N]]></ISINFOTAB>
<!--FF8080812EFBEA81012EFBED3F58000C-->  <ISTRANSLATIONTAB><![CDATA[N]]></ISTRANSLATIONTAB>
<!--FF8080812EFBEA81012EFBED3F58000C-->  <ISREADONLY><![CDATA[N]]></ISREADONLY>
<!--FF8080812EFBEA81012EFBED3F58000C-->  <HASTREE><![CDATA[N]]></HASTREE>
<!--FF8080812EFBEA81012EFBED3F58000C-->  <PROCESSING><![CDATA[N]]></PROCESSING>
<!--FF8080812EFBEA81012EFBED3F58000C-->  <IMPORTFIELDS><![CDATA[N]]></IMPORTFIELDS>
<!--FF8080812EFBEA81012EFBED3F58000C-->  <ISSORTTAB><![CDATA[N]]></ISSORTTAB>
<!--FF8080812EFBEA81012EFBED3F58000C-->  <AD_MODULE_ID><![CDATA[9BA0836A3CD74EE4AB48753A47211BCC]]></AD_MODULE_ID>
<!--FF8080812EFBEA81012EFBED3F58000C-->  <UIPATTERN><![CDATA[STD]]></UIPATTERN>
<!--FF8080812EFBEA81012EFBED3F58000C-->  <SHOWPARENTBUTTONS><![CDATA[Y]]></SHOWPARENTBUTTONS>
<!--FF8080812EFBEA81012EFBED3F58000C-->  <DISABLE_PARENT_KEY_PROPERTY><![CDATA[N]]></DISABLE_PARENT_KEY_PROPERTY>
<!--FF8080812EFBEA81012EFBED3F58000C-->  <ISREADONLYTREE><![CDATA[N]]></ISREADONLYTREE>
<!--FF8080812EFBEA81012EFBED3F58000C-->  <ISSHOWTREENODEICONS><![CDATA[Y]]></ISSHOWTREENODEICONS>
<!--FF8080812EFBEA81012EFBED3F58000C-->  <EM_OBUIAPP_CAN_ADD><![CDATA[N]]></EM_OBUIAPP_CAN_ADD>
<!--FF8080812EFBEA81012EFBED3F58000C-->  <EM_OBUIAPP_CAN_DELETE><![CDATA[N]]></EM_OBUIAPP_CAN_DELETE>
<!--FF8080812EFBEA81012EFBED3F58000C-->  <EM_OBUIAPP_SHOW_SELECT><![CDATA[Y]]></EM_OBUIAPP_SHOW_SELECT>
<!--FF8080812EFBEA81012EFBED3F58000C--></AD_TAB>

<!--FF8081813157AED2013157BF6D810023--><AD_TAB>
<!--FF8081813157AED2013157BF6D810023-->  <AD_TAB_ID><![CDATA[FF8081813157AED2013157BF6D810023]]></AD_TAB_ID>
<!--FF8081813157AED2013157BF6D810023-->  <AD_CLIENT_ID><![CDATA[0]]></AD_CLIENT_ID>
<!--FF8081813157AED2013157BF6D810023-->  <AD_ORG_ID><![CDATA[0]]></AD_ORG_ID>
<!--FF8081813157AED2013157BF6D810023-->  <ISACTIVE><![CDATA[Y]]></ISACTIVE>
<!--FF8081813157AED2013157BF6D810023-->  <NAME><![CDATA[Window Personalization]]></NAME>
<!--FF8081813157AED2013157BF6D810023-->  <DESCRIPTION><![CDATA[Maintains window personalization records]]></DESCRIPTION>
<!--FF8081813157AED2013157BF6D810023-->  <HELP><![CDATA[Window Personalization list and maintains the customized form views.]]></HELP>
<!--FF8081813157AED2013157BF6D810023-->  <AD_TABLE_ID><![CDATA[FF8081813157AED2013157B1F75F0007]]></AD_TABLE_ID>
<!--FF8081813157AED2013157BF6D810023-->  <AD_WINDOW_ID><![CDATA[FF8081813157AED2013157BE93460020]]></AD_WINDOW_ID>
<!--FF8081813157AED2013157BF6D810023-->  <SEQNO><![CDATA[10]]></SEQNO>
<!--FF8081813157AED2013157BF6D810023-->  <TABLEVEL><![CDATA[0]]></TABLEVEL>
<!--FF8081813157AED2013157BF6D810023-->  <ISSINGLEROW><![CDATA[N]]></ISSINGLEROW>
<!--FF8081813157AED2013157BF6D810023-->  <ISINFOTAB><![CDATA[N]]></ISINFOTAB>
<!--FF8081813157AED2013157BF6D810023-->  <ISTRANSLATIONTAB><![CDATA[N]]></ISTRANSLATIONTAB>
<!--FF8081813157AED2013157BF6D810023-->  <ISREADONLY><![CDATA[N]]></ISREADONLY>
<!--FF8081813157AED2013157BF6D810023-->  <HASTREE><![CDATA[N]]></HASTREE>
<!--FF8081813157AED2013157BF6D810023-->  <PROCESSING><![CDATA[N]]></PROCESSING>
<!--FF8081813157AED2013157BF6D810023-->  <IMPORTFIELDS><![CDATA[N]]></IMPORTFIELDS>
<!--FF8081813157AED2013157BF6D810023-->  <ISSORTTAB><![CDATA[N]]></ISSORTTAB>
<!--FF8081813157AED2013157BF6D810023-->  <AD_MODULE_ID><![CDATA[9BA0836A3CD74EE4AB48753A47211BCC]]></AD_MODULE_ID>
<!--FF8081813157AED2013157BF6D810023-->  <UIPATTERN><![CDATA[STD]]></UIPATTERN>
<!--FF8081813157AED2013157BF6D810023-->  <SHOWPARENTBUTTONS><![CDATA[Y]]></SHOWPARENTBUTTONS>
<!--FF8081813157AED2013157BF6D810023-->  <DISABLE_PARENT_KEY_PROPERTY><![CDATA[N]]></DISABLE_PARENT_KEY_PROPERTY>
<!--FF8081813157AED2013157BF6D810023-->  <ISREADONLYTREE><![CDATA[N]]></ISREADONLYTREE>
<!--FF8081813157AED2013157BF6D810023-->  <ISSHOWTREENODEICONS><![CDATA[Y]]></ISSHOWTREENODEICONS>
<!--FF8081813157AED2013157BF6D810023-->  <EM_OBUIAPP_CAN_ADD><![CDATA[N]]></EM_OBUIAPP_CAN_ADD>
<!--FF8081813157AED2013157BF6D810023-->  <EM_OBUIAPP_CAN_DELETE><![CDATA[N]]></EM_OBUIAPP_CAN_DELETE>
<!--FF8081813157AED2013157BF6D810023-->  <EM_OBUIAPP_SHOW_SELECT><![CDATA[Y]]></EM_OBUIAPP_SHOW_SELECT>
<!--FF8081813157AED2013157BF6D810023--></AD_TAB>

<!--FF80818132D7FB620132D819C1720046--><AD_TAB>
<!--FF80818132D7FB620132D819C1720046-->  <AD_TAB_ID><![CDATA[FF80818132D7FB620132D819C1720046]]></AD_TAB_ID>
<!--FF80818132D7FB620132D819C1720046-->  <AD_CLIENT_ID><![CDATA[0]]></AD_CLIENT_ID>
<!--FF80818132D7FB620132D819C1720046-->  <AD_ORG_ID><![CDATA[0]]></AD_ORG_ID>
<!--FF80818132D7FB620132D819C1720046-->  <ISACTIVE><![CDATA[Y]]></ISACTIVE>
<!--FF80818132D7FB620132D819C1720046-->  <NAME><![CDATA[Process]]></NAME>
<!--FF80818132D7FB620132D819C1720046-->  <AD_TABLE_ID><![CDATA[FF80818132D7FB620132D8129D1A0028]]></AD_TABLE_ID>
<!--FF80818132D7FB620132D819C1720046-->  <AD_WINDOW_ID><![CDATA[FF80818132D7FB620132D8193C0C0043]]></AD_WINDOW_ID>
<!--FF80818132D7FB620132D819C1720046-->  <SEQNO><![CDATA[10]]></SEQNO>
<!--FF80818132D7FB620132D819C1720046-->  <TABLEVEL><![CDATA[0]]></TABLEVEL>
<!--FF80818132D7FB620132D819C1720046-->  <ISSINGLEROW><![CDATA[N]]></ISSINGLEROW>
<!--FF80818132D7FB620132D819C1720046-->  <ISINFOTAB><![CDATA[N]]></ISINFOTAB>
<!--FF80818132D7FB620132D819C1720046-->  <ISTRANSLATIONTAB><![CDATA[N]]></ISTRANSLATIONTAB>
<!--FF80818132D7FB620132D819C1720046-->  <ISREADONLY><![CDATA[N]]></ISREADONLY>
<!--FF80818132D7FB620132D819C1720046-->  <HASTREE><![CDATA[N]]></HASTREE>
<!--FF80818132D7FB620132D819C1720046-->  <PROCESSING><![CDATA[N]]></PROCESSING>
<!--FF80818132D7FB620132D819C1720046-->  <IMPORTFIELDS><![CDATA[N]]></IMPORTFIELDS>
<!--FF80818132D7FB620132D819C1720046-->  <ISSORTTAB><![CDATA[N]]></ISSORTTAB>
<!--FF80818132D7FB620132D819C1720046-->  <AD_MODULE_ID><![CDATA[9BA0836A3CD74EE4AB48753A47211BCC]]></AD_MODULE_ID>
<!--FF80818132D7FB620132D819C1720046-->  <UIPATTERN><![CDATA[STD]]></UIPATTERN>
<!--FF80818132D7FB620132D819C1720046-->  <SHOWPARENTBUTTONS><![CDATA[Y]]></SHOWPARENTBUTTONS>
<!--FF80818132D7FB620132D819C1720046-->  <DISABLE_PARENT_KEY_PROPERTY><![CDATA[N]]></DISABLE_PARENT_KEY_PROPERTY>
<!--FF80818132D7FB620132D819C1720046-->  <ISREADONLYTREE><![CDATA[N]]></ISREADONLYTREE>
<!--FF80818132D7FB620132D819C1720046-->  <ISSHOWTREENODEICONS><![CDATA[Y]]></ISSHOWTREENODEICONS>
<!--FF80818132D7FB620132D819C1720046-->  <EM_OBUIAPP_CAN_ADD><![CDATA[N]]></EM_OBUIAPP_CAN_ADD>
<!--FF80818132D7FB620132D819C1720046-->  <EM_OBUIAPP_CAN_DELETE><![CDATA[N]]></EM_OBUIAPP_CAN_DELETE>
<!--FF80818132D7FB620132D819C1720046-->  <EM_OBUIAPP_SHOW_SELECT><![CDATA[Y]]></EM_OBUIAPP_SHOW_SELECT>
<!--FF80818132D7FB620132D819C1720046--></AD_TAB>

<!--FF80818132D85DB50132D86374920010--><AD_TAB>
<!--FF80818132D85DB50132D86374920010-->  <AD_TAB_ID><![CDATA[FF80818132D85DB50132D86374920010]]></AD_TAB_ID>
<!--FF80818132D85DB50132D86374920010-->  <AD_CLIENT_ID><![CDATA[0]]></AD_CLIENT_ID>
<!--FF80818132D85DB50132D86374920010-->  <AD_ORG_ID><![CDATA[0]]></AD_ORG_ID>
<!--FF80818132D85DB50132D86374920010-->  <ISACTIVE><![CDATA[Y]]></ISACTIVE>
<!--FF80818132D85DB50132D86374920010-->  <NAME><![CDATA[Process Access]]></NAME>
<!--FF80818132D85DB50132D86374920010-->  <AD_TABLE_ID><![CDATA[FF80818132D85DB50132D860924E0004]]></AD_TABLE_ID>
<!--FF80818132D85DB50132D86374920010-->  <AD_WINDOW_ID><![CDATA[FF80818132D7FB620132D8193C0C0043]]></AD_WINDOW_ID>
<!--FF80818132D85DB50132D86374920010-->  <SEQNO><![CDATA[30]]></SEQNO>
<!--FF80818132D85DB50132D86374920010-->  <TABLEVEL><![CDATA[1]]></TABLEVEL>
<!--FF80818132D85DB50132D86374920010-->  <ISSINGLEROW><![CDATA[N]]></ISSINGLEROW>
<!--FF80818132D85DB50132D86374920010-->  <ISINFOTAB><![CDATA[N]]></ISINFOTAB>
<!--FF80818132D85DB50132D86374920010-->  <ISTRANSLATIONTAB><![CDATA[N]]></ISTRANSLATIONTAB>
<!--FF80818132D85DB50132D86374920010-->  <ISREADONLY><![CDATA[N]]></ISREADONLY>
<!--FF80818132D85DB50132D86374920010-->  <HASTREE><![CDATA[N]]></HASTREE>
<!--FF80818132D85DB50132D86374920010-->  <PROCESSING><![CDATA[N]]></PROCESSING>
<!--FF80818132D85DB50132D86374920010-->  <IMPORTFIELDS><![CDATA[N]]></IMPORTFIELDS>
<!--FF80818132D85DB50132D86374920010-->  <ISSORTTAB><![CDATA[N]]></ISSORTTAB>
<!--FF80818132D85DB50132D86374920010-->  <AD_MODULE_ID><![CDATA[9BA0836A3CD74EE4AB48753A47211BCC]]></AD_MODULE_ID>
<!--FF80818132D85DB50132D86374920010-->  <UIPATTERN><![CDATA[STD]]></UIPATTERN>
<!--FF80818132D85DB50132D86374920010-->  <SHOWPARENTBUTTONS><![CDATA[Y]]></SHOWPARENTBUTTONS>
<!--FF80818132D85DB50132D86374920010-->  <DISABLE_PARENT_KEY_PROPERTY><![CDATA[N]]></DISABLE_PARENT_KEY_PROPERTY>
<!--FF80818132D85DB50132D86374920010-->  <ISREADONLYTREE><![CDATA[N]]></ISREADONLYTREE>
<!--FF80818132D85DB50132D86374920010-->  <ISSHOWTREENODEICONS><![CDATA[Y]]></ISSHOWTREENODEICONS>
<!--FF80818132D85DB50132D86374920010-->  <EM_OBUIAPP_CAN_ADD><![CDATA[N]]></EM_OBUIAPP_CAN_ADD>
<!--FF80818132D85DB50132D86374920010-->  <EM_OBUIAPP_CAN_DELETE><![CDATA[N]]></EM_OBUIAPP_CAN_DELETE>
<!--FF80818132D85DB50132D86374920010-->  <EM_OBUIAPP_SHOW_SELECT><![CDATA[Y]]></EM_OBUIAPP_SHOW_SELECT>
<!--FF80818132D85DB50132D86374920010--></AD_TAB>

<!--FF80818132D8C36D0132D8C4936F0006--><AD_TAB>
<!--FF80818132D8C36D0132D8C4936F0006-->  <AD_TAB_ID><![CDATA[FF80818132D8C36D0132D8C4936F0006]]></AD_TAB_ID>
<!--FF80818132D8C36D0132D8C4936F0006-->  <AD_CLIENT_ID><![CDATA[0]]></AD_CLIENT_ID>
<!--FF80818132D8C36D0132D8C4936F0006-->  <AD_ORG_ID><![CDATA[0]]></AD_ORG_ID>
<!--FF80818132D8C36D0132D8C4936F0006-->  <ISACTIVE><![CDATA[Y]]></ISACTIVE>
<!--FF80818132D8C36D0132D8C4936F0006-->  <NAME><![CDATA[Parameter]]></NAME>
<!--FF80818132D8C36D0132D8C4936F0006-->  <AD_TABLE_ID><![CDATA[30123B1001FC4E82BB4CB9725E069B48]]></AD_TABLE_ID>
<!--FF80818132D8C36D0132D8C4936F0006-->  <AD_WINDOW_ID><![CDATA[FF80818132D7FB620132D8193C0C0043]]></AD_WINDOW_ID>
<!--FF80818132D8C36D0132D8C4936F0006-->  <SEQNO><![CDATA[20]]></SEQNO>
<!--FF80818132D8C36D0132D8C4936F0006-->  <TABLEVEL><![CDATA[1]]></TABLEVEL>
<!--FF80818132D8C36D0132D8C4936F0006-->  <ISSINGLEROW><![CDATA[N]]></ISSINGLEROW>
<!--FF80818132D8C36D0132D8C4936F0006-->  <ISINFOTAB><![CDATA[N]]></ISINFOTAB>
<!--FF80818132D8C36D0132D8C4936F0006-->  <ISTRANSLATIONTAB><![CDATA[N]]></ISTRANSLATIONTAB>
<!--FF80818132D8C36D0132D8C4936F0006-->  <ISREADONLY><![CDATA[N]]></ISREADONLY>
<!--FF80818132D8C36D0132D8C4936F0006-->  <HASTREE><![CDATA[N]]></HASTREE>
<!--FF80818132D8C36D0132D8C4936F0006-->  <PROCESSING><![CDATA[N]]></PROCESSING>
<!--FF80818132D8C36D0132D8C4936F0006-->  <IMPORTFIELDS><![CDATA[N]]></IMPORTFIELDS>
<!--FF80818132D8C36D0132D8C4936F0006-->  <ISSORTTAB><![CDATA[N]]></ISSORTTAB>
<!--FF80818132D8C36D0132D8C4936F0006-->  <AD_MODULE_ID><![CDATA[9BA0836A3CD74EE4AB48753A47211BCC]]></AD_MODULE_ID>
<!--FF80818132D8C36D0132D8C4936F0006-->  <UIPATTERN><![CDATA[STD]]></UIPATTERN>
<!--FF80818132D8C36D0132D8C4936F0006-->  <SHOWPARENTBUTTONS><![CDATA[Y]]></SHOWPARENTBUTTONS>
<!--FF80818132D8C36D0132D8C4936F0006-->  <DISPLAYLOGIC><![CDATA[@Uipattern@!'M']]></DISPLAYLOGIC>
<!--FF80818132D8C36D0132D8C4936F0006-->  <DISABLE_PARENT_KEY_PROPERTY><![CDATA[N]]></DISABLE_PARENT_KEY_PROPERTY>
<!--FF80818132D8C36D0132D8C4936F0006-->  <ISREADONLYTREE><![CDATA[N]]></ISREADONLYTREE>
<!--FF80818132D8C36D0132D8C4936F0006-->  <ISSHOWTREENODEICONS><![CDATA[Y]]></ISSHOWTREENODEICONS>
<!--FF80818132D8C36D0132D8C4936F0006-->  <EM_OBUIAPP_CAN_ADD><![CDATA[N]]></EM_OBUIAPP_CAN_ADD>
<!--FF80818132D8C36D0132D8C4936F0006-->  <EM_OBUIAPP_CAN_DELETE><![CDATA[N]]></EM_OBUIAPP_CAN_DELETE>
<!--FF80818132D8C36D0132D8C4936F0006-->  <EM_OBUIAPP_SHOW_SELECT><![CDATA[Y]]></EM_OBUIAPP_SHOW_SELECT>
<!--FF80818132D8C36D0132D8C4936F0006--></AD_TAB>

<!--FF80818132F27A590132F28008350006--><AD_TAB>
<!--FF80818132F27A590132F28008350006-->  <AD_TAB_ID><![CDATA[FF80818132F27A590132F28008350006]]></AD_TAB_ID>
<!--FF80818132F27A590132F28008350006-->  <AD_CLIENT_ID><![CDATA[0]]></AD_CLIENT_ID>
<!--FF80818132F27A590132F28008350006-->  <AD_ORG_ID><![CDATA[0]]></AD_ORG_ID>
<!--FF80818132F27A590132F28008350006-->  <ISACTIVE><![CDATA[Y]]></ISACTIVE>
<!--FF80818132F27A590132F28008350006-->  <NAME><![CDATA[Window Reference]]></NAME>
<!--FF80818132F27A590132F28008350006-->  <DESCRIPTION><![CDATA[Window Reference definition]]></DESCRIPTION>
<!--FF80818132F27A590132F28008350006-->  <AD_TABLE_ID><![CDATA[FF80818132F263D40132F26C10790010]]></AD_TABLE_ID>
<!--FF80818132F27A590132F28008350006-->  <AD_WINDOW_ID><![CDATA[101]]></AD_WINDOW_ID>
<!--FF80818132F27A590132F28008350006-->  <SEQNO><![CDATA[160]]></SEQNO>
<!--FF80818132F27A590132F28008350006-->  <TABLEVEL><![CDATA[1]]></TABLEVEL>
<!--FF80818132F27A590132F28008350006-->  <ISSINGLEROW><![CDATA[N]]></ISSINGLEROW>
<!--FF80818132F27A590132F28008350006-->  <ISINFOTAB><![CDATA[N]]></ISINFOTAB>
<!--FF80818132F27A590132F28008350006-->  <ISTRANSLATIONTAB><![CDATA[N]]></ISTRANSLATIONTAB>
<!--FF80818132F27A590132F28008350006-->  <ISREADONLY><![CDATA[N]]></ISREADONLY>
<!--FF80818132F27A590132F28008350006-->  <HASTREE><![CDATA[N]]></HASTREE>
<!--FF80818132F27A590132F28008350006-->  <PROCESSING><![CDATA[N]]></PROCESSING>
<!--FF80818132F27A590132F28008350006-->  <IMPORTFIELDS><![CDATA[N]]></IMPORTFIELDS>
<!--FF80818132F27A590132F28008350006-->  <ISSORTTAB><![CDATA[N]]></ISSORTTAB>
<!--FF80818132F27A590132F28008350006-->  <AD_MODULE_ID><![CDATA[9BA0836A3CD74EE4AB48753A47211BCC]]></AD_MODULE_ID>
<!--FF80818132F27A590132F28008350006-->  <UIPATTERN><![CDATA[STD]]></UIPATTERN>
<!--FF80818132F27A590132F28008350006-->  <SHOWPARENTBUTTONS><![CDATA[Y]]></SHOWPARENTBUTTONS>
<!--FF80818132F27A590132F28008350006-->  <DISABLE_PARENT_KEY_PROPERTY><![CDATA[N]]></DISABLE_PARENT_KEY_PROPERTY>
<!--FF80818132F27A590132F28008350006-->  <ISREADONLYTREE><![CDATA[N]]></ISREADONLYTREE>
<!--FF80818132F27A590132F28008350006-->  <ISSHOWTREENODEICONS><![CDATA[Y]]></ISSHOWTREENODEICONS>
<!--FF80818132F27A590132F28008350006-->  <EM_OBUIAPP_CAN_ADD><![CDATA[N]]></EM_OBUIAPP_CAN_ADD>
<!--FF80818132F27A590132F28008350006-->  <EM_OBUIAPP_CAN_DELETE><![CDATA[N]]></EM_OBUIAPP_CAN_DELETE>
<!--FF80818132F27A590132F28008350006-->  <EM_OBUIAPP_SHOW_SELECT><![CDATA[Y]]></EM_OBUIAPP_SHOW_SELECT>
<!--FF80818132F27A590132F28008350006--></AD_TAB>

</data>
