<?xml version='1.0' encoding='UTF-8'?>
<data>
<!--02198A87B7CB4FD4B61697255AC68F4C--><AD_TREENODE>
<!--02198A87B7CB4FD4B61697255AC68F4C-->  <AD_TREENODE_ID><![CDATA[02198A87B7CB4FD4B61697255AC68F4C]]></AD_TREENODE_ID>
<!--02198A87B7CB4FD4B61697255AC68F4C-->  <AD_TREE_ID><![CDATA[10]]></AD_TREE_ID>
<!--02198A87B7CB4FD4B61697255AC68F4C-->  <NODE_ID><![CDATA[7CBC6E3EE9CD4121BC336C5DF5524085]]></NODE_ID>
<!--02198A87B7CB4FD4B61697255AC68F4C-->  <AD_CLIENT_ID><![CDATA[0]]></AD_CLIENT_ID>
<!--02198A87B7CB4FD4B61697255AC68F4C-->  <AD_ORG_ID><![CDATA[0]]></AD_ORG_ID>
<!--02198A87B7CB4FD4B61697255AC68F4C-->  <ISACTIVE><![CDATA[Y]]></ISACTIVE>
<!--02198A87B7CB4FD4B61697255AC68F4C-->  <PARENT_ID><![CDATA[161]]></PARENT_ID>
<!--02198A87B7CB4FD4B61697255AC68F4C-->  <SEQNO><![CDATA[260]]></SEQNO>
<!--02198A87B7CB4FD4B61697255AC68F4C--></AD_TREENODE>

<!--258D19F188E94196936EF06CF608664C--><AD_TREENODE>
<!--258D19F188E94196936EF06CF608664C-->  <AD_TREENODE_ID><![CDATA[258D19F188E94196936EF06CF608664C]]></AD_TREENODE_ID>
<!--258D19F188E94196936EF06CF608664C-->  <AD_TREE_ID><![CDATA[10]]></AD_TREE_ID>
<!--258D19F188E94196936EF06CF608664C-->  <NODE_ID><![CDATA[6FD97ECD72B4405FA1442FD8673AE571]]></NODE_ID>
<!--258D19F188E94196936EF06CF608664C-->  <AD_CLIENT_ID><![CDATA[0]]></AD_CLIENT_ID>
<!--258D19F188E94196936EF06CF608664C-->  <AD_ORG_ID><![CDATA[0]]></AD_ORG_ID>
<!--258D19F188E94196936EF06CF608664C-->  <ISACTIVE><![CDATA[Y]]></ISACTIVE>
<!--258D19F188E94196936EF06CF608664C-->  <PARENT_ID><![CDATA[8C54E34A8D594B10865A86BDC2082EEE]]></PARENT_ID>
<!--258D19F188E94196936EF06CF608664C-->  <SEQNO><![CDATA[40]]></SEQNO>
<!--258D19F188E94196936EF06CF608664C--></AD_TREENODE>

<!--52118BF1A3E74D84E040007F01005FEC--><AD_TREENODE>
<!--52118BF1A3E74D84E040007F01005FEC-->  <AD_TREENODE_ID><![CDATA[52118BF1A3E74D84E040007F01005FEC]]></AD_TREENODE_ID>
<!--52118BF1A3E74D84E040007F01005FEC-->  <AD_TREE_ID><![CDATA[10]]></AD_TREE_ID>
<!--52118BF1A3E74D84E040007F01005FEC-->  <NODE_ID><![CDATA[1005400002]]></NODE_ID>
<!--52118BF1A3E74D84E040007F01005FEC-->  <AD_CLIENT_ID><![CDATA[0]]></AD_CLIENT_ID>
<!--52118BF1A3E74D84E040007F01005FEC-->  <AD_ORG_ID><![CDATA[0]]></AD_ORG_ID>
<!--52118BF1A3E74D84E040007F01005FEC-->  <ISACTIVE><![CDATA[Y]]></ISACTIVE>
<!--52118BF1A3E74D84E040007F01005FEC-->  <PARENT_ID><![CDATA[161]]></PARENT_ID>
<!--52118BF1A3E74D84E040007F01005FEC-->  <SEQNO><![CDATA[310]]></SEQNO>
<!--52118BF1A3E74D84E040007F01005FEC--></AD_TREENODE>

<!--76DC645312694D7A8E686BF48C3B490C--><AD_TREENODE>
<!--76DC645312694D7A8E686BF48C3B490C-->  <AD_TREENODE_ID><![CDATA[76DC645312694D7A8E686BF48C3B490C]]></AD_TREENODE_ID>
<!--76DC645312694D7A8E686BF48C3B490C-->  <AD_TREE_ID><![CDATA[10]]></AD_TREE_ID>
<!--76DC645312694D7A8E686BF48C3B490C-->  <NODE_ID><![CDATA[FF8081813157AED2013157C149F40039]]></NODE_ID>
<!--76DC645312694D7A8E686BF48C3B490C-->  <AD_CLIENT_ID><![CDATA[0]]></AD_CLIENT_ID>
<!--76DC645312694D7A8E686BF48C3B490C-->  <AD_ORG_ID><![CDATA[0]]></AD_ORG_ID>
<!--76DC645312694D7A8E686BF48C3B490C-->  <ISACTIVE><![CDATA[Y]]></ISACTIVE>
<!--76DC645312694D7A8E686BF48C3B490C-->  <PARENT_ID><![CDATA[161]]></PARENT_ID>
<!--76DC645312694D7A8E686BF48C3B490C-->  <SEQNO><![CDATA[290]]></SEQNO>
<!--76DC645312694D7A8E686BF48C3B490C--></AD_TREENODE>

<!--8AB1608C49C946D99AFB540DD2EE3543--><AD_TREENODE>
<!--8AB1608C49C946D99AFB540DD2EE3543-->  <AD_TREENODE_ID><![CDATA[8AB1608C49C946D99AFB540DD2EE3543]]></AD_TREENODE_ID>
<!--8AB1608C49C946D99AFB540DD2EE3543-->  <AD_TREE_ID><![CDATA[10]]></AD_TREE_ID>
<!--8AB1608C49C946D99AFB540DD2EE3543-->  <NODE_ID><![CDATA[B487FABEB36F45C28E22CD309914FD71]]></NODE_ID>
<!--8AB1608C49C946D99AFB540DD2EE3543-->  <AD_CLIENT_ID><![CDATA[0]]></AD_CLIENT_ID>
<!--8AB1608C49C946D99AFB540DD2EE3543-->  <AD_ORG_ID><![CDATA[0]]></AD_ORG_ID>
<!--8AB1608C49C946D99AFB540DD2EE3543-->  <ISACTIVE><![CDATA[Y]]></ISACTIVE>
<!--8AB1608C49C946D99AFB540DD2EE3543-->  <PARENT_ID><![CDATA[8C54E34A8D594B10865A86BDC2082EEE]]></PARENT_ID>
<!--8AB1608C49C946D99AFB540DD2EE3543-->  <SEQNO><![CDATA[60]]></SEQNO>
<!--8AB1608C49C946D99AFB540DD2EE3543--></AD_TREENODE>

<!--9E88163FFD3D4B41E040007F01005CF5--><AD_TREENODE>
<!--9E88163FFD3D4B41E040007F01005CF5-->  <AD_TREENODE_ID><![CDATA[9E88163FFD3D4B41E040007F01005CF5]]></AD_TREENODE_ID>
<!--9E88163FFD3D4B41E040007F01005CF5-->  <AD_TREE_ID><![CDATA[10]]></AD_TREE_ID>
<!--9E88163FFD3D4B41E040007F01005CF5-->  <NODE_ID><![CDATA[FF8080812EB90459012EBA72B4E7004D]]></NODE_ID>
<!--9E88163FFD3D4B41E040007F01005CF5-->  <AD_CLIENT_ID><![CDATA[0]]></AD_CLIENT_ID>
<!--9E88163FFD3D4B41E040007F01005CF5-->  <AD_ORG_ID><![CDATA[0]]></AD_ORG_ID>
<!--9E88163FFD3D4B41E040007F01005CF5-->  <ISACTIVE><![CDATA[Y]]></ISACTIVE>
<!--9E88163FFD3D4B41E040007F01005CF5-->  <PARENT_ID><![CDATA[161]]></PARENT_ID>
<!--9E88163FFD3D4B41E040007F01005CF5-->  <SEQNO><![CDATA[250]]></SEQNO>
<!--9E88163FFD3D4B41E040007F01005CF5--></AD_TREENODE>

<!--B83877C5FBFF4DF495E4A2F4DE15E2D1--><AD_TREENODE>
<!--B83877C5FBFF4DF495E4A2F4DE15E2D1-->  <AD_TREENODE_ID><![CDATA[B83877C5FBFF4DF495E4A2F4DE15E2D1]]></AD_TREENODE_ID>
<!--B83877C5FBFF4DF495E4A2F4DE15E2D1-->  <AD_TREE_ID><![CDATA[10]]></AD_TREE_ID>
<!--B83877C5FBFF4DF495E4A2F4DE15E2D1-->  <NODE_ID><![CDATA[53A93D1C7EB84409B05847A8691FA9AB]]></NODE_ID>
<!--B83877C5FBFF4DF495E4A2F4DE15E2D1-->  <AD_CLIENT_ID><![CDATA[0]]></AD_CLIENT_ID>
<!--B83877C5FBFF4DF495E4A2F4DE15E2D1-->  <AD_ORG_ID><![CDATA[0]]></AD_ORG_ID>
<!--B83877C5FBFF4DF495E4A2F4DE15E2D1-->  <ISACTIVE><![CDATA[Y]]></ISACTIVE>
<!--B83877C5FBFF4DF495E4A2F4DE15E2D1-->  <PARENT_ID><![CDATA[161]]></PARENT_ID>
<!--B83877C5FBFF4DF495E4A2F4DE15E2D1-->  <SEQNO><![CDATA[10]]></SEQNO>
<!--B83877C5FBFF4DF495E4A2F4DE15E2D1--></AD_TREENODE>

<!--CDB4E2EADAAA4C63946C2EC2D8031CAF--><AD_TREENODE>
<!--CDB4E2EADAAA4C63946C2EC2D8031CAF-->  <AD_TREENODE_ID><![CDATA[CDB4E2EADAAA4C63946C2EC2D8031CAF]]></AD_TREENODE_ID>
<!--CDB4E2EADAAA4C63946C2EC2D8031CAF-->  <AD_TREE_ID><![CDATA[10]]></AD_TREE_ID>
<!--CDB4E2EADAAA4C63946C2EC2D8031CAF-->  <NODE_ID><![CDATA[F8841106C28A4D769320A8010FD6E8DC]]></NODE_ID>
<!--CDB4E2EADAAA4C63946C2EC2D8031CAF-->  <AD_CLIENT_ID><![CDATA[0]]></AD_CLIENT_ID>
<!--CDB4E2EADAAA4C63946C2EC2D8031CAF-->  <AD_ORG_ID><![CDATA[0]]></AD_ORG_ID>
<!--CDB4E2EADAAA4C63946C2EC2D8031CAF-->  <ISACTIVE><![CDATA[Y]]></ISACTIVE>
<!--CDB4E2EADAAA4C63946C2EC2D8031CAF-->  <PARENT_ID><![CDATA[161]]></PARENT_ID>
<!--CDB4E2EADAAA4C63946C2EC2D8031CAF-->  <SEQNO><![CDATA[270]]></SEQNO>
<!--CDB4E2EADAAA4C63946C2EC2D8031CAF--></AD_TREENODE>

<!--DF2A058DCBE34B41AEC5D243E264A993--><AD_TREENODE>
<!--DF2A058DCBE34B41AEC5D243E264A993-->  <AD_TREENODE_ID><![CDATA[DF2A058DCBE34B41AEC5D243E264A993]]></AD_TREENODE_ID>
<!--DF2A058DCBE34B41AEC5D243E264A993-->  <AD_TREE_ID><![CDATA[10]]></AD_TREE_ID>
<!--DF2A058DCBE34B41AEC5D243E264A993-->  <NODE_ID><![CDATA[FF80818132D822FF0132D8291C960011]]></NODE_ID>
<!--DF2A058DCBE34B41AEC5D243E264A993-->  <AD_CLIENT_ID><![CDATA[0]]></AD_CLIENT_ID>
<!--DF2A058DCBE34B41AEC5D243E264A993-->  <AD_ORG_ID><![CDATA[0]]></AD_ORG_ID>
<!--DF2A058DCBE34B41AEC5D243E264A993-->  <ISACTIVE><![CDATA[Y]]></ISACTIVE>
<!--DF2A058DCBE34B41AEC5D243E264A993-->  <PARENT_ID><![CDATA[153]]></PARENT_ID>
<!--DF2A058DCBE34B41AEC5D243E264A993-->  <SEQNO><![CDATA[87]]></SEQNO>
<!--DF2A058DCBE34B41AEC5D243E264A993--></AD_TREENODE>

</data>
