<?xml version='1.0' encoding='UTF-8'?>
<data>
<!--48B7215F9BF6458E813E6B280DEDB958--><AD_WINDOW>
<!--48B7215F9BF6458E813E6B280DEDB958-->  <AD_WINDOW_ID><![CDATA[48B7215F9BF6458E813E6B280DEDB958]]></AD_WINDOW_ID>
<!--48B7215F9BF6458E813E6B280DEDB958-->  <AD_CLIENT_ID><![CDATA[0]]></AD_CLIENT_ID>
<!--48B7215F9BF6458E813E6B280DEDB958-->  <AD_ORG_ID><![CDATA[0]]></AD_ORG_ID>
<!--48B7215F9BF6458E813E6B280DEDB958-->  <ISACTIVE><![CDATA[Y]]></ISACTIVE>
<!--48B7215F9BF6458E813E6B280DEDB958-->  <NAME><![CDATA[Data Pool Selection]]></NAME>
<!--48B7215F9BF6458E813E6B280DEDB958-->  <DESCRIPTION><![CDATA[Defines which database pool should be used for a particular report.]]></DESCRIPTION>
<!--48B7215F9BF6458E813E6B280DEDB958-->  <HELP><![CDATA[Defines which database pool should be used for a particular report. Reports can be defined either in the Report and Process or in the Process Definition Window. If no pool is defined for a report in this window, it should use the one defined in Preferences.]]></HELP>
<!--48B7215F9BF6458E813E6B280DEDB958-->  <WINDOWTYPE><![CDATA[M]]></WINDOWTYPE>
<!--48B7215F9BF6458E813E6B280DEDB958-->  <ISSOTRX><![CDATA[Y]]></ISSOTRX>
<!--48B7215F9BF6458E813E6B280DEDB958-->  <PROCESSING><![CDATA[N]]></PROCESSING>
<!--48B7215F9BF6458E813E6B280DEDB958-->  <ISDEFAULT><![CDATA[N]]></ISDEFAULT>
<!--48B7215F9BF6458E813E6B280DEDB958-->  <AD_MODULE_ID><![CDATA[9BA0836A3CD74EE4AB48753A47211BCC]]></AD_MODULE_ID>
<!--48B7215F9BF6458E813E6B280DEDB958-->  <ISTHREADSAFE><![CDATA[N]]></ISTHREADSAFE>
<!--48B7215F9BF6458E813E6B280DEDB958-->  <ISADVANCEDFEATURE><![CDATA[N]]></ISADVANCEDFEATURE>
<!--48B7215F9BF6458E813E6B280DEDB958--></AD_WINDOW>

<!--54AE252A40C34DA285FC48DA94EB3847--><AD_WINDOW>
<!--54AE252A40C34DA285FC48DA94EB3847-->  <AD_WINDOW_ID><![CDATA[54AE252A40C34DA285FC48DA94EB3847]]></AD_WINDOW_ID>
<!--54AE252A40C34DA285FC48DA94EB3847-->  <AD_CLIENT_ID><![CDATA[0]]></AD_CLIENT_ID>
<!--54AE252A40C34DA285FC48DA94EB3847-->  <AD_ORG_ID><![CDATA[0]]></AD_ORG_ID>
<!--54AE252A40C34DA285FC48DA94EB3847-->  <ISACTIVE><![CDATA[Y]]></ISACTIVE>
<!--54AE252A40C34DA285FC48DA94EB3847-->  <NAME><![CDATA[Navigation Bar Components]]></NAME>
<!--54AE252A40C34DA285FC48DA94EB3847-->  <DESCRIPTION><![CDATA[Navigation Bar Components]]></DESCRIPTION>
<!--54AE252A40C34DA285FC48DA94EB3847-->  <HELP><![CDATA[Makes it possible to define components which are shown in the navigation bar in the main layout of the Openbravo user interface.]]></HELP>
<!--54AE252A40C34DA285FC48DA94EB3847-->  <WINDOWTYPE><![CDATA[M]]></WINDOWTYPE>
<!--54AE252A40C34DA285FC48DA94EB3847-->  <ISSOTRX><![CDATA[Y]]></ISSOTRX>
<!--54AE252A40C34DA285FC48DA94EB3847-->  <PROCESSING><![CDATA[N]]></PROCESSING>
<!--54AE252A40C34DA285FC48DA94EB3847-->  <ISDEFAULT><![CDATA[N]]></ISDEFAULT>
<!--54AE252A40C34DA285FC48DA94EB3847-->  <AD_MODULE_ID><![CDATA[9BA0836A3CD74EE4AB48753A47211BCC]]></AD_MODULE_ID>
<!--54AE252A40C34DA285FC48DA94EB3847-->  <ISTHREADSAFE><![CDATA[N]]></ISTHREADSAFE>
<!--54AE252A40C34DA285FC48DA94EB3847-->  <ISADVANCEDFEATURE><![CDATA[N]]></ISADVANCEDFEATURE>
<!--54AE252A40C34DA285FC48DA94EB3847--></AD_WINDOW>

<!--7E72F3A16C704449BC50FCE1512C3805--><AD_WINDOW>
<!--7E72F3A16C704449BC50FCE1512C3805-->  <AD_WINDOW_ID><![CDATA[7E72F3A16C704449BC50FCE1512C3805]]></AD_WINDOW_ID>
<!--7E72F3A16C704449BC50FCE1512C3805-->  <AD_CLIENT_ID><![CDATA[0]]></AD_CLIENT_ID>
<!--7E72F3A16C704449BC50FCE1512C3805-->  <AD_ORG_ID><![CDATA[0]]></AD_ORG_ID>
<!--7E72F3A16C704449BC50FCE1512C3805-->  <ISACTIVE><![CDATA[Y]]></ISACTIVE>
<!--7E72F3A16C704449BC50FCE1512C3805-->  <NAME><![CDATA[Grid Configuration at Window/Tab/Field Level]]></NAME>
<!--7E72F3A16C704449BC50FCE1512C3805-->  <DESCRIPTION><![CDATA[Grid Configuration at Tab and Field level]]></DESCRIPTION>
<!--7E72F3A16C704449BC50FCE1512C3805-->  <HELP><![CDATA[Grid Configuration at Tab and Field level]]></HELP>
<!--7E72F3A16C704449BC50FCE1512C3805-->  <WINDOWTYPE><![CDATA[M]]></WINDOWTYPE>
<!--7E72F3A16C704449BC50FCE1512C3805-->  <ISSOTRX><![CDATA[Y]]></ISSOTRX>
<!--7E72F3A16C704449BC50FCE1512C3805-->  <PROCESSING><![CDATA[N]]></PROCESSING>
<!--7E72F3A16C704449BC50FCE1512C3805-->  <ISDEFAULT><![CDATA[N]]></ISDEFAULT>
<!--7E72F3A16C704449BC50FCE1512C3805-->  <AD_MODULE_ID><![CDATA[9BA0836A3CD74EE4AB48753A47211BCC]]></AD_MODULE_ID>
<!--7E72F3A16C704449BC50FCE1512C3805-->  <ISTHREADSAFE><![CDATA[N]]></ISTHREADSAFE>
<!--7E72F3A16C704449BC50FCE1512C3805-->  <ISADVANCEDFEATURE><![CDATA[N]]></ISADVANCEDFEATURE>
<!--7E72F3A16C704449BC50FCE1512C3805--></AD_WINDOW>

<!--EBA40241D46D4FA4A24E4A09C61994AA--><AD_WINDOW>
<!--EBA40241D46D4FA4A24E4A09C61994AA-->  <AD_WINDOW_ID><![CDATA[EBA40241D46D4FA4A24E4A09C61994AA]]></AD_WINDOW_ID>
<!--EBA40241D46D4FA4A24E4A09C61994AA-->  <AD_CLIENT_ID><![CDATA[0]]></AD_CLIENT_ID>
<!--EBA40241D46D4FA4A24E4A09C61994AA-->  <AD_ORG_ID><![CDATA[0]]></AD_ORG_ID>
<!--EBA40241D46D4FA4A24E4A09C61994AA-->  <ISACTIVE><![CDATA[Y]]></ISACTIVE>
<!--EBA40241D46D4FA4A24E4A09C61994AA-->  <NAME><![CDATA[View Implementation]]></NAME>
<!--EBA40241D46D4FA4A24E4A09C61994AA-->  <DESCRIPTION><![CDATA[A view is shown in the main user interface, the view implementation defines the javaclass responsible for generating the client-side javascript.]]></DESCRIPTION>
<!--EBA40241D46D4FA4A24E4A09C61994AA-->  <HELP><![CDATA[A view is shown in the user interface as a tab in the multi-tab interface or as a popup. The view can be anything from a grid, form or a popup window. When the view is shown in the multi-tab interface then it must be a Smartclient canvas.

The view implementation defines the component which is capable of generating the client side javascript to be shown in the browser. A view implementation is a java class which extends the org.openbravo.client.kernel.BaseTemplateComponent class.]]></HELP>
<!--EBA40241D46D4FA4A24E4A09C61994AA-->  <WINDOWTYPE><![CDATA[M]]></WINDOWTYPE>
<!--EBA40241D46D4FA4A24E4A09C61994AA-->  <ISSOTRX><![CDATA[Y]]></ISSOTRX>
<!--EBA40241D46D4FA4A24E4A09C61994AA-->  <PROCESSING><![CDATA[N]]></PROCESSING>
<!--EBA40241D46D4FA4A24E4A09C61994AA-->  <ISDEFAULT><![CDATA[N]]></ISDEFAULT>
<!--EBA40241D46D4FA4A24E4A09C61994AA-->  <AD_MODULE_ID><![CDATA[9BA0836A3CD74EE4AB48753A47211BCC]]></AD_MODULE_ID>
<!--EBA40241D46D4FA4A24E4A09C61994AA-->  <ISTHREADSAFE><![CDATA[N]]></ISTHREADSAFE>
<!--EBA40241D46D4FA4A24E4A09C61994AA-->  <ISADVANCEDFEATURE><![CDATA[N]]></ISADVANCEDFEATURE>
<!--EBA40241D46D4FA4A24E4A09C61994AA--></AD_WINDOW>

<!--FD487747E8A2425B8BAE570FCA569D66--><AD_WINDOW>
<!--FD487747E8A2425B8BAE570FCA569D66-->  <AD_WINDOW_ID><![CDATA[FD487747E8A2425B8BAE570FCA569D66]]></AD_WINDOW_ID>
<!--FD487747E8A2425B8BAE570FCA569D66-->  <AD_CLIENT_ID><![CDATA[0]]></AD_CLIENT_ID>
<!--FD487747E8A2425B8BAE570FCA569D66-->  <AD_ORG_ID><![CDATA[0]]></AD_ORG_ID>
<!--FD487747E8A2425B8BAE570FCA569D66-->  <ISACTIVE><![CDATA[Y]]></ISACTIVE>
<!--FD487747E8A2425B8BAE570FCA569D66-->  <NAME><![CDATA[Grid Configuration at System Level]]></NAME>
<!--FD487747E8A2425B8BAE570FCA569D66-->  <DESCRIPTION><![CDATA[Define the Grid Configuration at System Level]]></DESCRIPTION>
<!--FD487747E8A2425B8BAE570FCA569D66-->  <HELP><![CDATA[Define the Grid Configuration at System Level]]></HELP>
<!--FD487747E8A2425B8BAE570FCA569D66-->  <WINDOWTYPE><![CDATA[M]]></WINDOWTYPE>
<!--FD487747E8A2425B8BAE570FCA569D66-->  <ISSOTRX><![CDATA[Y]]></ISSOTRX>
<!--FD487747E8A2425B8BAE570FCA569D66-->  <PROCESSING><![CDATA[N]]></PROCESSING>
<!--FD487747E8A2425B8BAE570FCA569D66-->  <ISDEFAULT><![CDATA[N]]></ISDEFAULT>
<!--FD487747E8A2425B8BAE570FCA569D66-->  <AD_MODULE_ID><![CDATA[9BA0836A3CD74EE4AB48753A47211BCC]]></AD_MODULE_ID>
<!--FD487747E8A2425B8BAE570FCA569D66-->  <ISTHREADSAFE><![CDATA[N]]></ISTHREADSAFE>
<!--FD487747E8A2425B8BAE570FCA569D66-->  <ISADVANCEDFEATURE><![CDATA[N]]></ISADVANCEDFEATURE>
<!--FD487747E8A2425B8BAE570FCA569D66--></AD_WINDOW>

<!--FF8081813157AED2013157BE93460020--><AD_WINDOW>
<!--FF8081813157AED2013157BE93460020-->  <AD_WINDOW_ID><![CDATA[FF8081813157AED2013157BE93460020]]></AD_WINDOW_ID>
<!--FF8081813157AED2013157BE93460020-->  <AD_CLIENT_ID><![CDATA[0]]></AD_CLIENT_ID>
<!--FF8081813157AED2013157BE93460020-->  <AD_ORG_ID><![CDATA[0]]></AD_ORG_ID>
<!--FF8081813157AED2013157BE93460020-->  <ISACTIVE><![CDATA[Y]]></ISACTIVE>
<!--FF8081813157AED2013157BE93460020-->  <NAME><![CDATA[Window Personalization]]></NAME>
<!--FF8081813157AED2013157BE93460020-->  <DESCRIPTION><![CDATA[Maintains ui personalization records]]></DESCRIPTION>
<!--FF8081813157AED2013157BE93460020-->  <HELP><![CDATA[Openbravo allows the customization of grid and form views. Customize windows and form views are stored once saved in the Window Personalization window.]]></HELP>
<!--FF8081813157AED2013157BE93460020-->  <WINDOWTYPE><![CDATA[M]]></WINDOWTYPE>
<!--FF8081813157AED2013157BE93460020-->  <ISSOTRX><![CDATA[Y]]></ISSOTRX>
<!--FF8081813157AED2013157BE93460020-->  <PROCESSING><![CDATA[N]]></PROCESSING>
<!--FF8081813157AED2013157BE93460020-->  <ISDEFAULT><![CDATA[N]]></ISDEFAULT>
<!--FF8081813157AED2013157BE93460020-->  <AD_MODULE_ID><![CDATA[9BA0836A3CD74EE4AB48753A47211BCC]]></AD_MODULE_ID>
<!--FF8081813157AED2013157BE93460020-->  <ISTHREADSAFE><![CDATA[Y]]></ISTHREADSAFE>
<!--FF8081813157AED2013157BE93460020-->  <ISADVANCEDFEATURE><![CDATA[N]]></ISADVANCEDFEATURE>
<!--FF8081813157AED2013157BE93460020--></AD_WINDOW>

<!--FF80818132D7FB620132D8193C0C0043--><AD_WINDOW>
<!--FF80818132D7FB620132D8193C0C0043-->  <AD_WINDOW_ID><![CDATA[FF80818132D7FB620132D8193C0C0043]]></AD_WINDOW_ID>
<!--FF80818132D7FB620132D8193C0C0043-->  <AD_CLIENT_ID><![CDATA[0]]></AD_CLIENT_ID>
<!--FF80818132D7FB620132D8193C0C0043-->  <AD_ORG_ID><![CDATA[0]]></AD_ORG_ID>
<!--FF80818132D7FB620132D8193C0C0043-->  <ISACTIVE><![CDATA[Y]]></ISACTIVE>
<!--FF80818132D7FB620132D8193C0C0043-->  <NAME><![CDATA[Process Definition]]></NAME>
<!--FF80818132D7FB620132D8193C0C0043-->  <WINDOWTYPE><![CDATA[M]]></WINDOWTYPE>
<!--FF80818132D7FB620132D8193C0C0043-->  <ISSOTRX><![CDATA[Y]]></ISSOTRX>
<!--FF80818132D7FB620132D8193C0C0043-->  <PROCESSING><![CDATA[N]]></PROCESSING>
<!--FF80818132D7FB620132D8193C0C0043-->  <ISDEFAULT><![CDATA[N]]></ISDEFAULT>
<!--FF80818132D7FB620132D8193C0C0043-->  <AD_MODULE_ID><![CDATA[9BA0836A3CD74EE4AB48753A47211BCC]]></AD_MODULE_ID>
<!--FF80818132D7FB620132D8193C0C0043-->  <ISTHREADSAFE><![CDATA[N]]></ISTHREADSAFE>
<!--FF80818132D7FB620132D8193C0C0043-->  <ISADVANCEDFEATURE><![CDATA[N]]></ISADVANCEDFEATURE>
<!--FF80818132D7FB620132D8193C0C0043--></AD_WINDOW>

</data>
