<?xml version='1.0' encoding='UTF-8'?>
<data>
<!--330DEFC7EE4D4E84BE38F0AE5AD098EF--><OBCLKER_UIDEFINITION>
<!--330DEFC7EE4D4E84BE38F0AE5AD098EF-->  <OBCLKER_UIDEFINITION_ID><![CDATA[330DEFC7EE4D4E84BE38F0AE5AD098EF]]></OBCLKER_UIDEFINITION_ID>
<!--330DEFC7EE4D4E84BE38F0AE5AD098EF-->  <AD_CLIENT_ID><![CDATA[0]]></AD_CLIENT_ID>
<!--330DEFC7EE4D4E84BE38F0AE5AD098EF-->  <AD_ORG_ID><![CDATA[0]]></AD_ORG_ID>
<!--330DEFC7EE4D4E84BE38F0AE5AD098EF-->  <AD_MODULE_ID><![CDATA[9BA0836A3CD74EE4AB48753A47211BCC]]></AD_MODULE_ID>
<!--330DEFC7EE4D4E84BE38F0AE5AD098EF-->  <AD_REFERENCE_ID><![CDATA[FF80818132F94B500132F9575619000A]]></AD_REFERENCE_ID>
<!--330DEFC7EE4D4E84BE38F0AE5AD098EF-->  <CLASSNAME><![CDATA[org.openbravo.client.kernel.reference.EnumUIDefinition]]></CLASSNAME>
<!--330DEFC7EE4D4E84BE38F0AE5AD098EF-->  <ISACTIVE><![CDATA[Y]]></ISACTIVE>
<!--330DEFC7EE4D4E84BE38F0AE5AD098EF--></OBCLKER_UIDEFINITION>

<!--FF80818132D9C75D0132D9D13C6F001A--><OBCLKER_UIDEFINITION>
<!--FF80818132D9C75D0132D9D13C6F001A-->  <OBCLKER_UIDEFINITION_ID><![CDATA[FF80818132D9C75D0132D9D13C6F001A]]></OBCLKER_UIDEFINITION_ID>
<!--FF80818132D9C75D0132D9D13C6F001A-->  <AD_CLIENT_ID><![CDATA[0]]></AD_CLIENT_ID>
<!--FF80818132D9C75D0132D9D13C6F001A-->  <AD_ORG_ID><![CDATA[0]]></AD_ORG_ID>
<!--FF80818132D9C75D0132D9D13C6F001A-->  <AD_MODULE_ID><![CDATA[9BA0836A3CD74EE4AB48753A47211BCC]]></AD_MODULE_ID>
<!--FF80818132D9C75D0132D9D13C6F001A-->  <AD_REFERENCE_ID><![CDATA[FF80818132D8F0F30132D9BC395D0038]]></AD_REFERENCE_ID>
<!--FF80818132D9C75D0132D9D13C6F001A-->  <CLASSNAME><![CDATA[org.openbravo.client.kernel.reference.StringUIDefinition]]></CLASSNAME>
<!--FF80818132D9C75D0132D9D13C6F001A-->  <ISACTIVE><![CDATA[Y]]></ISACTIVE>
<!--FF80818132D9C75D0132D9D13C6F001A--></OBCLKER_UIDEFINITION>

</data>
