<?xml version='1.0' encoding='UTF-8'?>
<data>
<!--6E017DB328FA43D28B26FD2570546AE8--><OBCLKER_TEMPLATE_DEPENDENCY>
<!--6E017DB328FA43D28B26FD2570546AE8-->  <OBCLKER_TEMPLATE_DEPENDENCY_ID><![CDATA[6E017DB328FA43D28B26FD2570546AE8]]></OBCLKER_TEMPLATE_DEPENDENCY_ID>
<!--6E017DB328FA43D28B26FD2570546AE8-->  <AD_CLIENT_ID><![CDATA[0]]></AD_CLIENT_ID>
<!--6E017DB328FA43D28B26FD2570546AE8-->  <AD_ORG_ID><![CDATA[0]]></AD_ORG_ID>
<!--6E017DB328FA43D28B26FD2570546AE8-->  <OBCLKER_TEMPLATE_ID><![CDATA[01E447F740584E02BA4612F6BDFB900D]]></OBCLKER_TEMPLATE_ID>
<!--6E017DB328FA43D28B26FD2570546AE8-->  <DEPENDSON_TEMPLATE_ID><![CDATA[05E5CD50EDE14457BCAC218A77837D1E]]></DEPENDSON_TEMPLATE_ID>
<!--6E017DB328FA43D28B26FD2570546AE8-->  <ISACTIVE><![CDATA[Y]]></ISACTIVE>
<!--6E017DB328FA43D28B26FD2570546AE8--></OBCLKER_TEMPLATE_DEPENDENCY>

<!--F62202D72A8A4C5FABECAF2ED640609E--><OBCLKER_TEMPLATE_DEPENDENCY>
<!--F62202D72A8A4C5FABECAF2ED640609E-->  <OBCLKER_TEMPLATE_DEPENDENCY_ID><![CDATA[F62202D72A8A4C5FABECAF2ED640609E]]></OBCLKER_TEMPLATE_DEPENDENCY_ID>
<!--F62202D72A8A4C5FABECAF2ED640609E-->  <AD_CLIENT_ID><![CDATA[0]]></AD_CLIENT_ID>
<!--F62202D72A8A4C5FABECAF2ED640609E-->  <AD_ORG_ID><![CDATA[0]]></AD_ORG_ID>
<!--F62202D72A8A4C5FABECAF2ED640609E-->  <OBCLKER_TEMPLATE_ID><![CDATA[FF80818132F916130132F9357DE10016]]></OBCLKER_TEMPLATE_ID>
<!--F62202D72A8A4C5FABECAF2ED640609E-->  <DEPENDSON_TEMPLATE_ID><![CDATA[05E5CD50EDE14457BCAC218A77837D1E]]></DEPENDSON_TEMPLATE_ID>
<!--F62202D72A8A4C5FABECAF2ED640609E-->  <ISACTIVE><![CDATA[Y]]></ISACTIVE>
<!--F62202D72A8A4C5FABECAF2ED640609E--></OBCLKER_TEMPLATE_DEPENDENCY>

<!--FF808181324E2FEC01324E3F2E620015--><OBCLKER_TEMPLATE_DEPENDENCY>
<!--FF808181324E2FEC01324E3F2E620015-->  <OBCLKER_TEMPLATE_DEPENDENCY_ID><![CDATA[FF808181324E2FEC01324E3F2E620015]]></OBCLKER_TEMPLATE_DEPENDENCY_ID>
<!--FF808181324E2FEC01324E3F2E620015-->  <AD_CLIENT_ID><![CDATA[0]]></AD_CLIENT_ID>
<!--FF808181324E2FEC01324E3F2E620015-->  <AD_ORG_ID><![CDATA[0]]></AD_ORG_ID>
<!--FF808181324E2FEC01324E3F2E620015-->  <OBCLKER_TEMPLATE_ID><![CDATA[B5124C0A450D4D3A867AEAC7DF64D6F0]]></OBCLKER_TEMPLATE_ID>
<!--FF808181324E2FEC01324E3F2E620015-->  <DEPENDSON_TEMPLATE_ID><![CDATA[33E04D0799794C6F95F05149D2E04E78]]></DEPENDSON_TEMPLATE_ID>
<!--FF808181324E2FEC01324E3F2E620015-->  <DESCRIPTION><![CDATA[Field Template]]></DESCRIPTION>
<!--FF808181324E2FEC01324E3F2E620015-->  <ISACTIVE><![CDATA[Y]]></ISACTIVE>
<!--FF808181324E2FEC01324E3F2E620015--></OBCLKER_TEMPLATE_DEPENDENCY>

<!--FF808181330C335401330C34B729000B--><OBCLKER_TEMPLATE_DEPENDENCY>
<!--FF808181330C335401330C34B729000B-->  <OBCLKER_TEMPLATE_DEPENDENCY_ID><![CDATA[FF808181330C335401330C34B729000B]]></OBCLKER_TEMPLATE_DEPENDENCY_ID>
<!--FF808181330C335401330C34B729000B-->  <AD_CLIENT_ID><![CDATA[0]]></AD_CLIENT_ID>
<!--FF808181330C335401330C34B729000B-->  <AD_ORG_ID><![CDATA[0]]></AD_ORG_ID>
<!--FF808181330C335401330C34B729000B-->  <OBCLKER_TEMPLATE_ID><![CDATA[FF808181330BD14F01330BD34EA00008]]></OBCLKER_TEMPLATE_ID>
<!--FF808181330C335401330C34B729000B-->  <DEPENDSON_TEMPLATE_ID><![CDATA[33E04D0799794C6F95F05149D2E04E78]]></DEPENDSON_TEMPLATE_ID>
<!--FF808181330C335401330C34B729000B-->  <DESCRIPTION><![CDATA[Field Template]]></DESCRIPTION>
<!--FF808181330C335401330C34B729000B-->  <ISACTIVE><![CDATA[Y]]></ISACTIVE>
<!--FF808181330C335401330C34B729000B--></OBCLKER_TEMPLATE_DEPENDENCY>

</data>
