<?xml version='1.0' encoding='UTF-8'?>
<data>
<!--01E447F740584E02BA4612F6BDFB900D--><OBCLKER_TEMPLATE>
<!--01E447F740584E02BA4612F6BDFB900D-->  <OBCLKER_TEMPLATE_ID><![CDATA[01E447F740584E02BA4612F6BDFB900D]]></OBCLKER_TEMPLATE_ID>
<!--01E447F740584E02BA4612F6BDFB900D-->  <AD_CLIENT_ID><![CDATA[0]]></AD_CLIENT_ID>
<!--01E447F740584E02BA4612F6BDFB900D-->  <AD_ORG_ID><![CDATA[0]]></AD_ORG_ID>
<!--01E447F740584E02BA4612F6BDFB900D-->  <AD_MODULE_ID><![CDATA[9BA0836A3CD74EE4AB48753A47211BCC]]></AD_MODULE_ID>
<!--01E447F740584E02BA4612F6BDFB900D-->  <NAME><![CDATA[Attachment popup view]]></NAME>
<!--01E447F740584E02BA4612F6BDFB900D-->  <DESCRIPTION><![CDATA[Template that creates the attachment popup for each Tab]]></DESCRIPTION>
<!--01E447F740584E02BA4612F6BDFB900D-->  <TEMPLATECLASSPATHLOCATION><![CDATA[/org/openbravo/client/application/templates/ob-attachment-view.js.ftl]]></TEMPLATECLASSPATHLOCATION>
<!--01E447F740584E02BA4612F6BDFB900D-->  <TEMPLATE_LANGUAGE><![CDATA[OBCLFRE_Freemarker]]></TEMPLATE_LANGUAGE>
<!--01E447F740584E02BA4612F6BDFB900D-->  <COMPONENT_TYPE><![CDATA[OBUIAPP_ViewImplementation]]></COMPONENT_TYPE>
<!--01E447F740584E02BA4612F6BDFB900D-->  <ISACTIVE><![CDATA[Y]]></ISACTIVE>
<!--01E447F740584E02BA4612F6BDFB900D--></OBCLKER_TEMPLATE>

<!--05E5CD50EDE14457BCAC218A77837D1E--><OBCLKER_TEMPLATE>
<!--05E5CD50EDE14457BCAC218A77837D1E-->  <OBCLKER_TEMPLATE_ID><![CDATA[05E5CD50EDE14457BCAC218A77837D1E]]></OBCLKER_TEMPLATE_ID>
<!--05E5CD50EDE14457BCAC218A77837D1E-->  <AD_CLIENT_ID><![CDATA[0]]></AD_CLIENT_ID>
<!--05E5CD50EDE14457BCAC218A77837D1E-->  <AD_ORG_ID><![CDATA[0]]></AD_ORG_ID>
<!--05E5CD50EDE14457BCAC218A77837D1E-->  <AD_MODULE_ID><![CDATA[9BA0836A3CD74EE4AB48753A47211BCC]]></AD_MODULE_ID>
<!--05E5CD50EDE14457BCAC218A77837D1E-->  <NAME><![CDATA[Param window parameter]]></NAME>
<!--05E5CD50EDE14457BCAC218A77837D1E-->  <TEMPLATECLASSPATHLOCATION><![CDATA[/org/openbravo/client/application/templates/ob-param-window-parameter.ftl]]></TEMPLATECLASSPATHLOCATION>
<!--05E5CD50EDE14457BCAC218A77837D1E-->  <TEMPLATE_LANGUAGE><![CDATA[OBCLFRE_Freemarker]]></TEMPLATE_LANGUAGE>
<!--05E5CD50EDE14457BCAC218A77837D1E-->  <COMPONENT_TYPE><![CDATA[OBUIAPP_ViewImplementation]]></COMPONENT_TYPE>
<!--05E5CD50EDE14457BCAC218A77837D1E-->  <ISACTIVE><![CDATA[Y]]></ISACTIVE>
<!--05E5CD50EDE14457BCAC218A77837D1E--></OBCLKER_TEMPLATE>

<!--08074180655340F0B67E2BA3BA087062--><OBCLKER_TEMPLATE>
<!--08074180655340F0B67E2BA3BA087062-->  <OBCLKER_TEMPLATE_ID><![CDATA[08074180655340F0B67E2BA3BA087062]]></OBCLKER_TEMPLATE_ID>
<!--08074180655340F0B67E2BA3BA087062-->  <AD_CLIENT_ID><![CDATA[0]]></AD_CLIENT_ID>
<!--08074180655340F0B67E2BA3BA087062-->  <AD_ORG_ID><![CDATA[0]]></AD_ORG_ID>
<!--08074180655340F0B67E2BA3BA087062-->  <AD_MODULE_ID><![CDATA[9BA0836A3CD74EE4AB48753A47211BCC]]></AD_MODULE_ID>
<!--08074180655340F0B67E2BA3BA087062-->  <NAME><![CDATA[Navbar Alert Icon ]]></NAME>
<!--08074180655340F0B67E2BA3BA087062-->  <DESCRIPTION><![CDATA[Template to create the navbar alert icon]]></DESCRIPTION>
<!--08074180655340F0B67E2BA3BA087062-->  <TEMPLATE><![CDATA[{
  className: 'OBAlertIcon',
  properties: {}
}]]></TEMPLATE>
<!--08074180655340F0B67E2BA3BA087062-->  <TEMPLATE_LANGUAGE><![CDATA[OBCLFRE_Freemarker]]></TEMPLATE_LANGUAGE>
<!--08074180655340F0B67E2BA3BA087062-->  <COMPONENT_TYPE><![CDATA[OBUIAPP_NavigationBar]]></COMPONENT_TYPE>
<!--08074180655340F0B67E2BA3BA087062-->  <ISACTIVE><![CDATA[Y]]></ISACTIVE>
<!--08074180655340F0B67E2BA3BA087062--></OBCLKER_TEMPLATE>

<!--0A9FD7B8976645A380920FF6411AB4A6--><OBCLKER_TEMPLATE>
<!--0A9FD7B8976645A380920FF6411AB4A6-->  <OBCLKER_TEMPLATE_ID><![CDATA[0A9FD7B8976645A380920FF6411AB4A6]]></OBCLKER_TEMPLATE_ID>
<!--0A9FD7B8976645A380920FF6411AB4A6-->  <AD_CLIENT_ID><![CDATA[0]]></AD_CLIENT_ID>
<!--0A9FD7B8976645A380920FF6411AB4A6-->  <AD_ORG_ID><![CDATA[0]]></AD_ORG_ID>
<!--0A9FD7B8976645A380920FF6411AB4A6-->  <AD_MODULE_ID><![CDATA[9BA0836A3CD74EE4AB48753A47211BCC]]></AD_MODULE_ID>
<!--0A9FD7B8976645A380920FF6411AB4A6-->  <NAME><![CDATA[Navigation Bar template]]></NAME>
<!--0A9FD7B8976645A380920FF6411AB4A6-->  <DESCRIPTION><![CDATA[Template that generates the navigation bar components]]></DESCRIPTION>
<!--0A9FD7B8976645A380920FF6411AB4A6-->  <TEMPLATECLASSPATHLOCATION><![CDATA[/org/openbravo/client/application/templates/navigation-bar.js.ftl]]></TEMPLATECLASSPATHLOCATION>
<!--0A9FD7B8976645A380920FF6411AB4A6-->  <TEMPLATE_LANGUAGE><![CDATA[OBCLFRE_Freemarker]]></TEMPLATE_LANGUAGE>
<!--0A9FD7B8976645A380920FF6411AB4A6-->  <COMPONENT_TYPE><![CDATA[OBUIAPP_MainLayout]]></COMPONENT_TYPE>
<!--0A9FD7B8976645A380920FF6411AB4A6-->  <ISACTIVE><![CDATA[Y]]></ISACTIVE>
<!--0A9FD7B8976645A380920FF6411AB4A6--></OBCLKER_TEMPLATE>

<!--33E04D0799794C6F95F05149D2E04E78--><OBCLKER_TEMPLATE>
<!--33E04D0799794C6F95F05149D2E04E78-->  <OBCLKER_TEMPLATE_ID><![CDATA[33E04D0799794C6F95F05149D2E04E78]]></OBCLKER_TEMPLATE_ID>
<!--33E04D0799794C6F95F05149D2E04E78-->  <AD_CLIENT_ID><![CDATA[0]]></AD_CLIENT_ID>
<!--33E04D0799794C6F95F05149D2E04E78-->  <AD_ORG_ID><![CDATA[0]]></AD_ORG_ID>
<!--33E04D0799794C6F95F05149D2E04E78-->  <AD_MODULE_ID><![CDATA[9BA0836A3CD74EE4AB48753A47211BCC]]></AD_MODULE_ID>
<!--33E04D0799794C6F95F05149D2E04E78-->  <NAME><![CDATA[OB Field Template]]></NAME>
<!--33E04D0799794C6F95F05149D2E04E78-->  <DESCRIPTION><![CDATA[Generates the field implementation in a View Form]]></DESCRIPTION>
<!--33E04D0799794C6F95F05149D2E04E78-->  <TEMPLATECLASSPATHLOCATION><![CDATA[/org/openbravo/client/application/templates/ob-view-field.js.ftl]]></TEMPLATECLASSPATHLOCATION>
<!--33E04D0799794C6F95F05149D2E04E78-->  <TEMPLATE_LANGUAGE><![CDATA[OBCLFRE_Freemarker]]></TEMPLATE_LANGUAGE>
<!--33E04D0799794C6F95F05149D2E04E78-->  <COMPONENT_TYPE><![CDATA[OBUIAPP_ViewImplementation]]></COMPONENT_TYPE>
<!--33E04D0799794C6F95F05149D2E04E78-->  <ISACTIVE><![CDATA[Y]]></ISACTIVE>
<!--33E04D0799794C6F95F05149D2E04E78--></OBCLKER_TEMPLATE>

<!--34752CBCF4AF48E59E1283317EB0674C--><OBCLKER_TEMPLATE>
<!--34752CBCF4AF48E59E1283317EB0674C-->  <OBCLKER_TEMPLATE_ID><![CDATA[34752CBCF4AF48E59E1283317EB0674C]]></OBCLKER_TEMPLATE_ID>
<!--34752CBCF4AF48E59E1283317EB0674C-->  <AD_CLIENT_ID><![CDATA[0]]></AD_CLIENT_ID>
<!--34752CBCF4AF48E59E1283317EB0674C-->  <AD_ORG_ID><![CDATA[0]]></AD_ORG_ID>
<!--34752CBCF4AF48E59E1283317EB0674C-->  <AD_MODULE_ID><![CDATA[9BA0836A3CD74EE4AB48753A47211BCC]]></AD_MODULE_ID>
<!--34752CBCF4AF48E59E1283317EB0674C-->  <NAME><![CDATA[Quick Create template]]></NAME>
<!--34752CBCF4AF48E59E1283317EB0674C-->  <DESCRIPTION><![CDATA[Creates the quick create component]]></DESCRIPTION>
<!--34752CBCF4AF48E59E1283317EB0674C-->  <TEMPLATE><![CDATA[{
  className: 'OBQuickLaunch',
  properties: {
    title: '',
    itemPrompt: 'UINAVBA_CREATE_NEW',
    buttonType: 'createNew',
    prefixLabel: 'UINAVBA_NEW',
    keyboardShortcutId: 'NavBar_OBQuickCreate',
    recentPropertyName: 'UINAVBA_RecentCreateList',
    titleLabel: 'UINAVBA_CREATE_NEW',
    command: 'NEW',
    initWidget: function() {
      if (this.createNew_src) {
        this.setSrc(this.createNew_src);
      }
      this.Super('initWidget', arguments);
    },
    isValidMenuItem: function(menuItem) {
      return this.isWindowAndCanCreateNewRecord(menuItem);
    }
  }
}]]></TEMPLATE>
<!--34752CBCF4AF48E59E1283317EB0674C-->  <TEMPLATE_LANGUAGE><![CDATA[OBCLFRE_Freemarker]]></TEMPLATE_LANGUAGE>
<!--34752CBCF4AF48E59E1283317EB0674C-->  <COMPONENT_TYPE><![CDATA[OBUIAPP_NavigationBar]]></COMPONENT_TYPE>
<!--34752CBCF4AF48E59E1283317EB0674C-->  <ISACTIVE><![CDATA[Y]]></ISACTIVE>
<!--34752CBCF4AF48E59E1283317EB0674C--></OBCLKER_TEMPLATE>

<!--4C6825EEBF2C440CA6F97C8A042CCB5F--><OBCLKER_TEMPLATE>
<!--4C6825EEBF2C440CA6F97C8A042CCB5F-->  <OBCLKER_TEMPLATE_ID><![CDATA[4C6825EEBF2C440CA6F97C8A042CCB5F]]></OBCLKER_TEMPLATE_ID>
<!--4C6825EEBF2C440CA6F97C8A042CCB5F-->  <AD_CLIENT_ID><![CDATA[0]]></AD_CLIENT_ID>
<!--4C6825EEBF2C440CA6F97C8A042CCB5F-->  <AD_ORG_ID><![CDATA[0]]></AD_ORG_ID>
<!--4C6825EEBF2C440CA6F97C8A042CCB5F-->  <AD_MODULE_ID><![CDATA[9BA0836A3CD74EE4AB48753A47211BCC]]></AD_MODULE_ID>
<!--4C6825EEBF2C440CA6F97C8A042CCB5F-->  <NAME><![CDATA[Application Menu]]></NAME>
<!--4C6825EEBF2C440CA6F97C8A042CCB5F-->  <DESCRIPTION><![CDATA[The template creating the Application menu options]]></DESCRIPTION>
<!--4C6825EEBF2C440CA6F97C8A042CCB5F-->  <TEMPLATECLASSPATHLOCATION><![CDATA[/org/openbravo/client/application/navigationbarcomponents/templates/application-menu.js.ftl]]></TEMPLATECLASSPATHLOCATION>
<!--4C6825EEBF2C440CA6F97C8A042CCB5F-->  <TEMPLATE_LANGUAGE><![CDATA[OBCLFRE_Freemarker]]></TEMPLATE_LANGUAGE>
<!--4C6825EEBF2C440CA6F97C8A042CCB5F-->  <COMPONENT_TYPE><![CDATA[OBUIAPP_MainLayout]]></COMPONENT_TYPE>
<!--4C6825EEBF2C440CA6F97C8A042CCB5F-->  <ISACTIVE><![CDATA[Y]]></ISACTIVE>
<!--4C6825EEBF2C440CA6F97C8A042CCB5F--></OBCLKER_TEMPLATE>

<!--582D107C03FD4B56A4BEDCF4CAABBB55--><OBCLKER_TEMPLATE>
<!--582D107C03FD4B56A4BEDCF4CAABBB55-->  <OBCLKER_TEMPLATE_ID><![CDATA[582D107C03FD4B56A4BEDCF4CAABBB55]]></OBCLKER_TEMPLATE_ID>
<!--582D107C03FD4B56A4BEDCF4CAABBB55-->  <AD_CLIENT_ID><![CDATA[0]]></AD_CLIENT_ID>
<!--582D107C03FD4B56A4BEDCF4CAABBB55-->  <AD_ORG_ID><![CDATA[0]]></AD_ORG_ID>
<!--582D107C03FD4B56A4BEDCF4CAABBB55-->  <AD_MODULE_ID><![CDATA[9BA0836A3CD74EE4AB48753A47211BCC]]></AD_MODULE_ID>
<!--582D107C03FD4B56A4BEDCF4CAABBB55-->  <NAME><![CDATA[User info Navigation Bar template]]></NAME>
<!--582D107C03FD4B56A4BEDCF4CAABBB55-->  <DESCRIPTION><![CDATA[Template generating jscript which shows user info in the navigation bar]]></DESCRIPTION>
<!--582D107C03FD4B56A4BEDCF4CAABBB55-->  <TEMPLATE><![CDATA[{
  className: 'OBUserProfile',
  properties: {}
},
{
  className: 'OBLogout',
  properties: {}
}]]></TEMPLATE>
<!--582D107C03FD4B56A4BEDCF4CAABBB55-->  <TEMPLATE_LANGUAGE><![CDATA[OBCLFRE_Freemarker]]></TEMPLATE_LANGUAGE>
<!--582D107C03FD4B56A4BEDCF4CAABBB55-->  <COMPONENT_TYPE><![CDATA[OBUIAPP_NavigationBar]]></COMPONENT_TYPE>
<!--582D107C03FD4B56A4BEDCF4CAABBB55-->  <ISACTIVE><![CDATA[Y]]></ISACTIVE>
<!--582D107C03FD4B56A4BEDCF4CAABBB55--></OBCLKER_TEMPLATE>

<!--614A1413D97B4392AA3C1AF486D8D76A--><OBCLKER_TEMPLATE>
<!--614A1413D97B4392AA3C1AF486D8D76A-->  <OBCLKER_TEMPLATE_ID><![CDATA[614A1413D97B4392AA3C1AF486D8D76A]]></OBCLKER_TEMPLATE_ID>
<!--614A1413D97B4392AA3C1AF486D8D76A-->  <AD_CLIENT_ID><![CDATA[0]]></AD_CLIENT_ID>
<!--614A1413D97B4392AA3C1AF486D8D76A-->  <AD_ORG_ID><![CDATA[0]]></AD_ORG_ID>
<!--614A1413D97B4392AA3C1AF486D8D76A-->  <AD_MODULE_ID><![CDATA[9BA0836A3CD74EE4AB48753A47211BCC]]></AD_MODULE_ID>
<!--614A1413D97B4392AA3C1AF486D8D76A-->  <NAME><![CDATA[Help About Navigation Bar Widget]]></NAME>
<!--614A1413D97B4392AA3C1AF486D8D76A-->  <DESCRIPTION><![CDATA[Help About Navigation Bar Widget]]></DESCRIPTION>
<!--614A1413D97B4392AA3C1AF486D8D76A-->  <TEMPLATE><![CDATA[{
  className: 'OBHelpAbout',
  properties: {}
}]]></TEMPLATE>
<!--614A1413D97B4392AA3C1AF486D8D76A-->  <TEMPLATE_LANGUAGE><![CDATA[OBCLFRE_Freemarker]]></TEMPLATE_LANGUAGE>
<!--614A1413D97B4392AA3C1AF486D8D76A-->  <COMPONENT_TYPE><![CDATA[OBUIAPP_NavigationBar]]></COMPONENT_TYPE>
<!--614A1413D97B4392AA3C1AF486D8D76A-->  <ISACTIVE><![CDATA[Y]]></ISACTIVE>
<!--614A1413D97B4392AA3C1AF486D8D76A--></OBCLKER_TEMPLATE>

<!--66A2AD8595D1479E904ED0D9999E2842--><OBCLKER_TEMPLATE>
<!--66A2AD8595D1479E904ED0D9999E2842-->  <OBCLKER_TEMPLATE_ID><![CDATA[66A2AD8595D1479E904ED0D9999E2842]]></OBCLKER_TEMPLATE_ID>
<!--66A2AD8595D1479E904ED0D9999E2842-->  <AD_CLIENT_ID><![CDATA[0]]></AD_CLIENT_ID>
<!--66A2AD8595D1479E904ED0D9999E2842-->  <AD_ORG_ID><![CDATA[0]]></AD_ORG_ID>
<!--66A2AD8595D1479E904ED0D9999E2842-->  <AD_MODULE_ID><![CDATA[9BA0836A3CD74EE4AB48753A47211BCC]]></AD_MODULE_ID>
<!--66A2AD8595D1479E904ED0D9999E2842-->  <NAME><![CDATA[Menu template]]></NAME>
<!--66A2AD8595D1479E904ED0D9999E2842-->  <DESCRIPTION><![CDATA[The template creating the Application menu]]></DESCRIPTION>
<!--66A2AD8595D1479E904ED0D9999E2842-->  <TEMPLATE><![CDATA[{
  className: 'OBApplicationMenuButton',
  properties: {
    title: 'UINAVBA_APPLICATION_MENU',
    initWidget: function () {
      this.Super('initWidget', arguments);
      this.baseData = isc.clone(OB.Application.menu);
    }
  }
}]]></TEMPLATE>
<!--66A2AD8595D1479E904ED0D9999E2842-->  <TEMPLATE_LANGUAGE><![CDATA[OBCLFRE_Freemarker]]></TEMPLATE_LANGUAGE>
<!--66A2AD8595D1479E904ED0D9999E2842-->  <COMPONENT_TYPE><![CDATA[OBUIAPP_NavigationBar]]></COMPONENT_TYPE>
<!--66A2AD8595D1479E904ED0D9999E2842-->  <ISACTIVE><![CDATA[Y]]></ISACTIVE>
<!--66A2AD8595D1479E904ED0D9999E2842--></OBCLKER_TEMPLATE>

<!--6DE62635998E4030B01DC2C4EA8567BE--><OBCLKER_TEMPLATE>
<!--6DE62635998E4030B01DC2C4EA8567BE-->  <OBCLKER_TEMPLATE_ID><![CDATA[6DE62635998E4030B01DC2C4EA8567BE]]></OBCLKER_TEMPLATE_ID>
<!--6DE62635998E4030B01DC2C4EA8567BE-->  <AD_CLIENT_ID><![CDATA[0]]></AD_CLIENT_ID>
<!--6DE62635998E4030B01DC2C4EA8567BE-->  <AD_ORG_ID><![CDATA[0]]></AD_ORG_ID>
<!--6DE62635998E4030B01DC2C4EA8567BE-->  <AD_MODULE_ID><![CDATA[9BA0836A3CD74EE4AB48753A47211BCC]]></AD_MODULE_ID>
<!--6DE62635998E4030B01DC2C4EA8567BE-->  <NAME><![CDATA[Dummy View Implementation Template]]></NAME>
<!--6DE62635998E4030B01DC2C4EA8567BE-->  <DESCRIPTION><![CDATA[Dummy View Implementation Template]]></DESCRIPTION>
<!--6DE62635998E4030B01DC2C4EA8567BE-->  <TEMPLATE><![CDATA[<#--
 *************************************************************************
 * The contents of this file are subject to the Openbravo  Public  License
 * Version  1.1  (the  "License"),  being   the  Mozilla   Public  License
 * Version 1.1  with a permitted attribution clause; you may not  use this
 * file except in compliance with the License. You  may  obtain  a copy of
 * the License at http://www.openbravo.com/legal/license.html 
 * Software distributed under the License  is  distributed  on  an "AS IS"
 * basis, WITHOUT WARRANTY OF ANY KIND, either express or implied. See the
 * License for the specific  language  governing  rights  and  limitations
 * under the License. 
 * The Original Code is Openbravo ERP. 
 * The Initial Developer of the Original Code is Openbravo SLU 
 * All portions are Copyright (C) 2009-2010 Openbravo SLU 
 * All Rights Reserved. 
 * Contributor(s):  ______________________________________.
 ************************************************************************
-->]]></TEMPLATE>
<!--6DE62635998E4030B01DC2C4EA8567BE-->  <TEMPLATE_LANGUAGE><![CDATA[OBCLFRE_Freemarker]]></TEMPLATE_LANGUAGE>
<!--6DE62635998E4030B01DC2C4EA8567BE-->  <COMPONENT_TYPE><![CDATA[OBUIAPP_ViewImplementation]]></COMPONENT_TYPE>
<!--6DE62635998E4030B01DC2C4EA8567BE-->  <ISACTIVE><![CDATA[Y]]></ISACTIVE>
<!--6DE62635998E4030B01DC2C4EA8567BE--></OBCLKER_TEMPLATE>

<!--91DD63545B674BE8801E1FA4F48FF4C6--><OBCLKER_TEMPLATE>
<!--91DD63545B674BE8801E1FA4F48FF4C6-->  <OBCLKER_TEMPLATE_ID><![CDATA[91DD63545B674BE8801E1FA4F48FF4C6]]></OBCLKER_TEMPLATE_ID>
<!--91DD63545B674BE8801E1FA4F48FF4C6-->  <AD_CLIENT_ID><![CDATA[0]]></AD_CLIENT_ID>
<!--91DD63545B674BE8801E1FA4F48FF4C6-->  <AD_ORG_ID><![CDATA[0]]></AD_ORG_ID>
<!--91DD63545B674BE8801E1FA4F48FF4C6-->  <AD_MODULE_ID><![CDATA[9BA0836A3CD74EE4AB48753A47211BCC]]></AD_MODULE_ID>
<!--91DD63545B674BE8801E1FA4F48FF4C6-->  <NAME><![CDATA[OB View Grid Template]]></NAME>
<!--91DD63545B674BE8801E1FA4F48FF4C6-->  <DESCRIPTION><![CDATA[Generates the grid for an Openbravo Tab]]></DESCRIPTION>
<!--91DD63545B674BE8801E1FA4F48FF4C6-->  <TEMPLATECLASSPATHLOCATION><![CDATA[/org/openbravo/client/application/templates/ob-view-grid.js.ftl]]></TEMPLATECLASSPATHLOCATION>
<!--91DD63545B674BE8801E1FA4F48FF4C6-->  <TEMPLATE_LANGUAGE><![CDATA[OBCLFRE_Freemarker]]></TEMPLATE_LANGUAGE>
<!--91DD63545B674BE8801E1FA4F48FF4C6-->  <COMPONENT_TYPE><![CDATA[OBUIAPP_ViewImplementation]]></COMPONENT_TYPE>
<!--91DD63545B674BE8801E1FA4F48FF4C6-->  <ISACTIVE><![CDATA[Y]]></ISACTIVE>
<!--91DD63545B674BE8801E1FA4F48FF4C6--></OBCLKER_TEMPLATE>

<!--9690A685A3D245899EA2A9C15D50D9FB--><OBCLKER_TEMPLATE>
<!--9690A685A3D245899EA2A9C15D50D9FB-->  <OBCLKER_TEMPLATE_ID><![CDATA[9690A685A3D245899EA2A9C15D50D9FB]]></OBCLKER_TEMPLATE_ID>
<!--9690A685A3D245899EA2A9C15D50D9FB-->  <AD_CLIENT_ID><![CDATA[0]]></AD_CLIENT_ID>
<!--9690A685A3D245899EA2A9C15D50D9FB-->  <AD_ORG_ID><![CDATA[0]]></AD_ORG_ID>
<!--9690A685A3D245899EA2A9C15D50D9FB-->  <AD_MODULE_ID><![CDATA[9BA0836A3CD74EE4AB48753A47211BCC]]></AD_MODULE_ID>
<!--9690A685A3D245899EA2A9C15D50D9FB-->  <NAME><![CDATA[Tree Selector Template]]></NAME>
<!--9690A685A3D245899EA2A9C15D50D9FB-->  <TEMPLATECLASSPATHLOCATION><![CDATA[/org/openbravo/client/application/templates/ob-tree-selector.js.ftl]]></TEMPLATECLASSPATHLOCATION>
<!--9690A685A3D245899EA2A9C15D50D9FB-->  <TEMPLATE_LANGUAGE><![CDATA[OBCLFRE_Freemarker]]></TEMPLATE_LANGUAGE>
<!--9690A685A3D245899EA2A9C15D50D9FB-->  <COMPONENT_TYPE><![CDATA[OBUISEL_Selector]]></COMPONENT_TYPE>
<!--9690A685A3D245899EA2A9C15D50D9FB-->  <ISACTIVE><![CDATA[Y]]></ISACTIVE>
<!--9690A685A3D245899EA2A9C15D50D9FB--></OBCLKER_TEMPLATE>

<!--9E97FF309FE44C61A761F50801F79349--><OBCLKER_TEMPLATE>
<!--9E97FF309FE44C61A761F50801F79349-->  <OBCLKER_TEMPLATE_ID><![CDATA[9E97FF309FE44C61A761F50801F79349]]></OBCLKER_TEMPLATE_ID>
<!--9E97FF309FE44C61A761F50801F79349-->  <AD_CLIENT_ID><![CDATA[0]]></AD_CLIENT_ID>
<!--9E97FF309FE44C61A761F50801F79349-->  <AD_ORG_ID><![CDATA[0]]></AD_ORG_ID>
<!--9E97FF309FE44C61A761F50801F79349-->  <AD_MODULE_ID><![CDATA[9BA0836A3CD74EE4AB48753A47211BCC]]></AD_MODULE_ID>
<!--9E97FF309FE44C61A761F50801F79349-->  <NAME><![CDATA[Main Layout template]]></NAME>
<!--9E97FF309FE44C61A761F50801F79349-->  <DESCRIPTION><![CDATA[Template that generates the Main Layout canvas]]></DESCRIPTION>
<!--9E97FF309FE44C61A761F50801F79349-->  <TEMPLATECLASSPATHLOCATION><![CDATA[/org/openbravo/client/application/templates/layout.js.ftl]]></TEMPLATECLASSPATHLOCATION>
<!--9E97FF309FE44C61A761F50801F79349-->  <TEMPLATE_LANGUAGE><![CDATA[OBCLFRE_Freemarker]]></TEMPLATE_LANGUAGE>
<!--9E97FF309FE44C61A761F50801F79349-->  <COMPONENT_TYPE><![CDATA[OBUIAPP_MainLayout]]></COMPONENT_TYPE>
<!--9E97FF309FE44C61A761F50801F79349-->  <ISACTIVE><![CDATA[Y]]></ISACTIVE>
<!--9E97FF309FE44C61A761F50801F79349--></OBCLKER_TEMPLATE>

<!--ADD5EF45333C458098286D0E639B3290--><OBCLKER_TEMPLATE>
<!--ADD5EF45333C458098286D0E639B3290-->  <OBCLKER_TEMPLATE_ID><![CDATA[ADD5EF45333C458098286D0E639B3290]]></OBCLKER_TEMPLATE_ID>
<!--ADD5EF45333C458098286D0E639B3290-->  <AD_CLIENT_ID><![CDATA[0]]></AD_CLIENT_ID>
<!--ADD5EF45333C458098286D0E639B3290-->  <AD_ORG_ID><![CDATA[0]]></AD_ORG_ID>
<!--ADD5EF45333C458098286D0E639B3290-->  <AD_MODULE_ID><![CDATA[9BA0836A3CD74EE4AB48753A47211BCC]]></AD_MODULE_ID>
<!--ADD5EF45333C458098286D0E639B3290-->  <NAME><![CDATA[OB Standard View]]></NAME>
<!--ADD5EF45333C458098286D0E639B3290-->  <DESCRIPTION><![CDATA[The template which creates a standard OB View]]></DESCRIPTION>
<!--ADD5EF45333C458098286D0E639B3290-->  <TEMPLATECLASSPATHLOCATION><![CDATA[/org/openbravo/client/application/templates/ob-standard-view-window.js.ftl]]></TEMPLATECLASSPATHLOCATION>
<!--ADD5EF45333C458098286D0E639B3290-->  <TEMPLATE_LANGUAGE><![CDATA[OBCLFRE_Freemarker]]></TEMPLATE_LANGUAGE>
<!--ADD5EF45333C458098286D0E639B3290-->  <COMPONENT_TYPE><![CDATA[OBUIAPP_ViewImplementation]]></COMPONENT_TYPE>
<!--ADD5EF45333C458098286D0E639B3290-->  <ISACTIVE><![CDATA[Y]]></ISACTIVE>
<!--ADD5EF45333C458098286D0E639B3290--></OBCLKER_TEMPLATE>

<!--B5124C0A450D4D3A867AEAC7DF64D6F0--><OBCLKER_TEMPLATE>
<!--B5124C0A450D4D3A867AEAC7DF64D6F0-->  <OBCLKER_TEMPLATE_ID><![CDATA[B5124C0A450D4D3A867AEAC7DF64D6F0]]></OBCLKER_TEMPLATE_ID>
<!--B5124C0A450D4D3A867AEAC7DF64D6F0-->  <AD_CLIENT_ID><![CDATA[0]]></AD_CLIENT_ID>
<!--B5124C0A450D4D3A867AEAC7DF64D6F0-->  <AD_ORG_ID><![CDATA[0]]></AD_ORG_ID>
<!--B5124C0A450D4D3A867AEAC7DF64D6F0-->  <AD_MODULE_ID><![CDATA[9BA0836A3CD74EE4AB48753A47211BCC]]></AD_MODULE_ID>
<!--B5124C0A450D4D3A867AEAC7DF64D6F0-->  <NAME><![CDATA[OB VIew Tab Template]]></NAME>
<!--B5124C0A450D4D3A867AEAC7DF64D6F0-->  <DESCRIPTION><![CDATA[Generates the form and grid for an Openbravo Tab]]></DESCRIPTION>
<!--B5124C0A450D4D3A867AEAC7DF64D6F0-->  <TEMPLATECLASSPATHLOCATION><![CDATA[/org/openbravo/client/application/templates/ob-view-tab.js.ftl]]></TEMPLATECLASSPATHLOCATION>
<!--B5124C0A450D4D3A867AEAC7DF64D6F0-->  <TEMPLATE_LANGUAGE><![CDATA[OBCLFRE_Freemarker]]></TEMPLATE_LANGUAGE>
<!--B5124C0A450D4D3A867AEAC7DF64D6F0-->  <COMPONENT_TYPE><![CDATA[OBUIAPP_ViewImplementation]]></COMPONENT_TYPE>
<!--B5124C0A450D4D3A867AEAC7DF64D6F0-->  <ISACTIVE><![CDATA[Y]]></ISACTIVE>
<!--B5124C0A450D4D3A867AEAC7DF64D6F0--></OBCLKER_TEMPLATE>

<!--C1D176407A354A40815DC46D24D70EB8--><OBCLKER_TEMPLATE>
<!--C1D176407A354A40815DC46D24D70EB8-->  <OBCLKER_TEMPLATE_ID><![CDATA[C1D176407A354A40815DC46D24D70EB8]]></OBCLKER_TEMPLATE_ID>
<!--C1D176407A354A40815DC46D24D70EB8-->  <AD_CLIENT_ID><![CDATA[0]]></AD_CLIENT_ID>
<!--C1D176407A354A40815DC46D24D70EB8-->  <AD_ORG_ID><![CDATA[0]]></AD_ORG_ID>
<!--C1D176407A354A40815DC46D24D70EB8-->  <AD_MODULE_ID><![CDATA[9BA0836A3CD74EE4AB48753A47211BCC]]></AD_MODULE_ID>
<!--C1D176407A354A40815DC46D24D70EB8-->  <NAME><![CDATA[OB View Form Template]]></NAME>
<!--C1D176407A354A40815DC46D24D70EB8-->  <DESCRIPTION><![CDATA[Generates the form definition for an Openbravo Tab]]></DESCRIPTION>
<!--C1D176407A354A40815DC46D24D70EB8-->  <TEMPLATECLASSPATHLOCATION><![CDATA[/org/openbravo/client/application/templates/ob-view-form.js.ftl]]></TEMPLATECLASSPATHLOCATION>
<!--C1D176407A354A40815DC46D24D70EB8-->  <TEMPLATE_LANGUAGE><![CDATA[OBCLFRE_Freemarker]]></TEMPLATE_LANGUAGE>
<!--C1D176407A354A40815DC46D24D70EB8-->  <COMPONENT_TYPE><![CDATA[OBUIAPP_ViewImplementation]]></COMPONENT_TYPE>
<!--C1D176407A354A40815DC46D24D70EB8-->  <ISACTIVE><![CDATA[Y]]></ISACTIVE>
<!--C1D176407A354A40815DC46D24D70EB8--></OBCLKER_TEMPLATE>

<!--CB89E38CF75545499BF0B91FA6B233E5--><OBCLKER_TEMPLATE>
<!--CB89E38CF75545499BF0B91FA6B233E5-->  <OBCLKER_TEMPLATE_ID><![CDATA[CB89E38CF75545499BF0B91FA6B233E5]]></OBCLKER_TEMPLATE_ID>
<!--CB89E38CF75545499BF0B91FA6B233E5-->  <AD_CLIENT_ID><![CDATA[0]]></AD_CLIENT_ID>
<!--CB89E38CF75545499BF0B91FA6B233E5-->  <AD_ORG_ID><![CDATA[0]]></AD_ORG_ID>
<!--CB89E38CF75545499BF0B91FA6B233E5-->  <AD_MODULE_ID><![CDATA[9BA0836A3CD74EE4AB48753A47211BCC]]></AD_MODULE_ID>
<!--CB89E38CF75545499BF0B91FA6B233E5-->  <NAME><![CDATA[User info Navigation Bar Data template]]></NAME>
<!--CB89E38CF75545499BF0B91FA6B233E5-->  <DESCRIPTION><![CDATA[Template generating the session data shown by the user info navigation bar element]]></DESCRIPTION>
<!--CB89E38CF75545499BF0B91FA6B233E5-->  <TEMPLATECLASSPATHLOCATION><![CDATA[/org/openbravo/client/application/navigationbarcomponents/templates/user-info.js.ftl]]></TEMPLATECLASSPATHLOCATION>
<!--CB89E38CF75545499BF0B91FA6B233E5-->  <TEMPLATE_LANGUAGE><![CDATA[OBCLFRE_Freemarker]]></TEMPLATE_LANGUAGE>
<!--CB89E38CF75545499BF0B91FA6B233E5-->  <COMPONENT_TYPE><![CDATA[OBUIAPP_NavigationBar]]></COMPONENT_TYPE>
<!--CB89E38CF75545499BF0B91FA6B233E5-->  <ISACTIVE><![CDATA[Y]]></ISACTIVE>
<!--CB89E38CF75545499BF0B91FA6B233E5--></OBCLKER_TEMPLATE>

<!--CCA227AA8C4944E88B3EB23BA491222A--><OBCLKER_TEMPLATE>
<!--CCA227AA8C4944E88B3EB23BA491222A-->  <OBCLKER_TEMPLATE_ID><![CDATA[CCA227AA8C4944E88B3EB23BA491222A]]></OBCLKER_TEMPLATE_ID>
<!--CCA227AA8C4944E88B3EB23BA491222A-->  <AD_CLIENT_ID><![CDATA[0]]></AD_CLIENT_ID>
<!--CCA227AA8C4944E88B3EB23BA491222A-->  <AD_ORG_ID><![CDATA[0]]></AD_ORG_ID>
<!--CCA227AA8C4944E88B3EB23BA491222A-->  <AD_MODULE_ID><![CDATA[9BA0836A3CD74EE4AB48753A47211BCC]]></AD_MODULE_ID>
<!--CCA227AA8C4944E88B3EB23BA491222A-->  <NAME><![CDATA[Quick Launch template]]></NAME>
<!--CCA227AA8C4944E88B3EB23BA491222A-->  <DESCRIPTION><![CDATA[Creates the quick launch component]]></DESCRIPTION>
<!--CCA227AA8C4944E88B3EB23BA491222A-->  <TEMPLATE><![CDATA[{
  className: 'OBQuickLaunch',
  properties: {
    title: '',
    itemPrompt: 'UINAVBA_QUICK_LAUNCH',
    buttonType: 'quickLaunch',
    prefixLabel: '',
    keyboardShortcutId: 'NavBar_OBQuickLaunch',
    recentPropertyName: 'UINAVBA_RecentLaunchList',
    titleLabel: 'UINAVBA_QUICK_LAUNCH',
    command: 'DEFAULT',
    initWidget: function() {
      if (this.quickLaunch_src) {
        this.setSrc(this.quickLaunch_src);
      }
      this.Super('initWidget', arguments);
    },
    isValidMenuItem: function(menuItem) {
      return !this.isFolder(menuItem);
    }
  }
}]]></TEMPLATE>
<!--CCA227AA8C4944E88B3EB23BA491222A-->  <TEMPLATE_LANGUAGE><![CDATA[OBCLFRE_Freemarker]]></TEMPLATE_LANGUAGE>
<!--CCA227AA8C4944E88B3EB23BA491222A-->  <COMPONENT_TYPE><![CDATA[OBUIAPP_NavigationBar]]></COMPONENT_TYPE>
<!--CCA227AA8C4944E88B3EB23BA491222A-->  <ISACTIVE><![CDATA[Y]]></ISACTIVE>
<!--CCA227AA8C4944E88B3EB23BA491222A--></OBCLKER_TEMPLATE>

<!--D64EAA29F45C4A9888D59458D7B18AE2--><OBCLKER_TEMPLATE>
<!--D64EAA29F45C4A9888D59458D7B18AE2-->  <OBCLKER_TEMPLATE_ID><![CDATA[D64EAA29F45C4A9888D59458D7B18AE2]]></OBCLKER_TEMPLATE_ID>
<!--D64EAA29F45C4A9888D59458D7B18AE2-->  <AD_CLIENT_ID><![CDATA[0]]></AD_CLIENT_ID>
<!--D64EAA29F45C4A9888D59458D7B18AE2-->  <AD_ORG_ID><![CDATA[0]]></AD_ORG_ID>
<!--D64EAA29F45C4A9888D59458D7B18AE2-->  <AD_MODULE_ID><![CDATA[9BA0836A3CD74EE4AB48753A47211BCC]]></AD_MODULE_ID>
<!--D64EAA29F45C4A9888D59458D7B18AE2-->  <NAME><![CDATA[Dummy Navigation Bar Component]]></NAME>
<!--D64EAA29F45C4A9888D59458D7B18AE2-->  <DESCRIPTION><![CDATA[Dummy Navigation Bar Component]]></DESCRIPTION>
<!--D64EAA29F45C4A9888D59458D7B18AE2-->  <TEMPLATE><![CDATA[<#--
 *************************************************************************
 * The contents of this file are subject to the Openbravo  Public  License
 * Version  1.1  (the  "License"),  being   the  Mozilla   Public  License
 * Version 1.1  with a permitted attribution clause; you may not  use this
 * file except in compliance with the License. You  may  obtain  a copy of
 * the License at http://www.openbravo.com/legal/license.html 
 * Software distributed under the License  is  distributed  on  an "AS IS"
 * basis, WITHOUT WARRANTY OF ANY KIND, either express or implied. See the
 * License for the specific  language  governing  rights  and  limitations
 * under the License. 
 * The Original Code is Openbravo ERP. 
 * The Initial Developer of the Original Code is Openbravo SLU 
 * All portions are Copyright (C) 2009-2010 Openbravo SLU 
 * All Rights Reserved. 
 * Contributor(s):  ______________________________________.
 ************************************************************************
-->]]></TEMPLATE>
<!--D64EAA29F45C4A9888D59458D7B18AE2-->  <TEMPLATE_LANGUAGE><![CDATA[OBCLFRE_Freemarker]]></TEMPLATE_LANGUAGE>
<!--D64EAA29F45C4A9888D59458D7B18AE2-->  <COMPONENT_TYPE><![CDATA[OBUIAPP_NavigationBar]]></COMPONENT_TYPE>
<!--D64EAA29F45C4A9888D59458D7B18AE2-->  <ISACTIVE><![CDATA[Y]]></ISACTIVE>
<!--D64EAA29F45C4A9888D59458D7B18AE2--></OBCLKER_TEMPLATE>

<!--DA488BBACB294198AA36A93F03F9561B--><OBCLKER_TEMPLATE>
<!--DA488BBACB294198AA36A93F03F9561B-->  <OBCLKER_TEMPLATE_ID><![CDATA[DA488BBACB294198AA36A93F03F9561B]]></OBCLKER_TEMPLATE_ID>
<!--DA488BBACB294198AA36A93F03F9561B-->  <AD_CLIENT_ID><![CDATA[0]]></AD_CLIENT_ID>
<!--DA488BBACB294198AA36A93F03F9561B-->  <AD_ORG_ID><![CDATA[0]]></AD_ORG_ID>
<!--DA488BBACB294198AA36A93F03F9561B-->  <AD_MODULE_ID><![CDATA[9BA0836A3CD74EE4AB48753A47211BCC]]></AD_MODULE_ID>
<!--DA488BBACB294198AA36A93F03F9561B-->  <NAME><![CDATA[Application Properties Template]]></NAME>
<!--DA488BBACB294198AA36A93F03F9561B-->  <DESCRIPTION><![CDATA[The template which generates all properties]]></DESCRIPTION>
<!--DA488BBACB294198AA36A93F03F9561B-->  <TEMPLATECLASSPATHLOCATION><![CDATA[/org/openbravo/client/application/templates/properties.js.ftl]]></TEMPLATECLASSPATHLOCATION>
<!--DA488BBACB294198AA36A93F03F9561B-->  <TEMPLATE_LANGUAGE><![CDATA[OBCLFRE_Freemarker]]></TEMPLATE_LANGUAGE>
<!--DA488BBACB294198AA36A93F03F9561B-->  <COMPONENT_TYPE><![CDATA[OBUIAPP_MainLayout]]></COMPONENT_TYPE>
<!--DA488BBACB294198AA36A93F03F9561B-->  <ISACTIVE><![CDATA[Y]]></ISACTIVE>
<!--DA488BBACB294198AA36A93F03F9561B--></OBCLKER_TEMPLATE>

<!--EE3A4F4E485D47CB8057B90C40D134A0--><OBCLKER_TEMPLATE>
<!--EE3A4F4E485D47CB8057B90C40D134A0-->  <OBCLKER_TEMPLATE_ID><![CDATA[EE3A4F4E485D47CB8057B90C40D134A0]]></OBCLKER_TEMPLATE_ID>
<!--EE3A4F4E485D47CB8057B90C40D134A0-->  <AD_CLIENT_ID><![CDATA[0]]></AD_CLIENT_ID>
<!--EE3A4F4E485D47CB8057B90C40D134A0-->  <AD_ORG_ID><![CDATA[0]]></AD_ORG_ID>
<!--EE3A4F4E485D47CB8057B90C40D134A0-->  <AD_MODULE_ID><![CDATA[9BA0836A3CD74EE4AB48753A47211BCC]]></AD_MODULE_ID>
<!--EE3A4F4E485D47CB8057B90C40D134A0-->  <NAME><![CDATA[Pick and Execute Grid]]></NAME>
<!--EE3A4F4E485D47CB8057B90C40D134A0-->  <DESCRIPTION><![CDATA[Template used to produce grid information]]></DESCRIPTION>
<!--EE3A4F4E485D47CB8057B90C40D134A0-->  <TEMPLATECLASSPATHLOCATION><![CDATA[/org/openbravo/client/application/templates/ob-pick-and-execute-grid.js.ftl]]></TEMPLATECLASSPATHLOCATION>
<!--EE3A4F4E485D47CB8057B90C40D134A0-->  <TEMPLATE_LANGUAGE><![CDATA[OBCLFRE_Freemarker]]></TEMPLATE_LANGUAGE>
<!--EE3A4F4E485D47CB8057B90C40D134A0-->  <COMPONENT_TYPE><![CDATA[OBUIAPP_ViewImplementation]]></COMPONENT_TYPE>
<!--EE3A4F4E485D47CB8057B90C40D134A0-->  <ISACTIVE><![CDATA[Y]]></ISACTIVE>
<!--EE3A4F4E485D47CB8057B90C40D134A0--></OBCLKER_TEMPLATE>

<!--EE5CEC203AEA4B039CCDAD0BE8E07E3C--><OBCLKER_TEMPLATE>
<!--EE5CEC203AEA4B039CCDAD0BE8E07E3C-->  <OBCLKER_TEMPLATE_ID><![CDATA[EE5CEC203AEA4B039CCDAD0BE8E07E3C]]></OBCLKER_TEMPLATE_ID>
<!--EE5CEC203AEA4B039CCDAD0BE8E07E3C-->  <AD_CLIENT_ID><![CDATA[0]]></AD_CLIENT_ID>
<!--EE5CEC203AEA4B039CCDAD0BE8E07E3C-->  <AD_ORG_ID><![CDATA[0]]></AD_ORG_ID>
<!--EE5CEC203AEA4B039CCDAD0BE8E07E3C-->  <AD_MODULE_ID><![CDATA[9BA0836A3CD74EE4AB48753A47211BCC]]></AD_MODULE_ID>
<!--EE5CEC203AEA4B039CCDAD0BE8E07E3C-->  <NAME><![CDATA[Heartbeat Registration]]></NAME>
<!--EE5CEC203AEA4B039CCDAD0BE8E07E3C-->  <DESCRIPTION><![CDATA[Template used to generate the function that decides to show (or not) the heartbeat or registration popups]]></DESCRIPTION>
<!--EE5CEC203AEA4B039CCDAD0BE8E07E3C-->  <TEMPLATECLASSPATHLOCATION><![CDATA[/org/openbravo/client/application/templates/ob-heartbeat-registration.js.ftl]]></TEMPLATECLASSPATHLOCATION>
<!--EE5CEC203AEA4B039CCDAD0BE8E07E3C-->  <TEMPLATE_LANGUAGE><![CDATA[OBCLFRE_Freemarker]]></TEMPLATE_LANGUAGE>
<!--EE5CEC203AEA4B039CCDAD0BE8E07E3C-->  <COMPONENT_TYPE><![CDATA[OBUIAPP_MainLayout]]></COMPONENT_TYPE>
<!--EE5CEC203AEA4B039CCDAD0BE8E07E3C-->  <ISACTIVE><![CDATA[Y]]></ISACTIVE>
<!--EE5CEC203AEA4B039CCDAD0BE8E07E3C--></OBCLKER_TEMPLATE>

<!--FF808181317B723B01317B7453E90006--><OBCLKER_TEMPLATE>
<!--FF808181317B723B01317B7453E90006-->  <OBCLKER_TEMPLATE_ID><![CDATA[FF808181317B723B01317B7453E90006]]></OBCLKER_TEMPLATE_ID>
<!--FF808181317B723B01317B7453E90006-->  <AD_CLIENT_ID><![CDATA[0]]></AD_CLIENT_ID>
<!--FF808181317B723B01317B7453E90006-->  <AD_ORG_ID><![CDATA[0]]></AD_ORG_ID>
<!--FF808181317B723B01317B7453E90006-->  <AD_MODULE_ID><![CDATA[9BA0836A3CD74EE4AB48753A47211BCC]]></AD_MODULE_ID>
<!--FF808181317B723B01317B7453E90006-->  <NAME><![CDATA[Personalization Form]]></NAME>
<!--FF808181317B723B01317B7453E90006-->  <DESCRIPTION><![CDATA[The template for generating the demo form used in form personalization]]></DESCRIPTION>
<!--FF808181317B723B01317B7453E90006-->  <TEMPLATECLASSPATHLOCATION><![CDATA[/org/openbravo/client/application/templates/ob-view-personalization-form.js.ftl]]></TEMPLATECLASSPATHLOCATION>
<!--FF808181317B723B01317B7453E90006-->  <TEMPLATE_LANGUAGE><![CDATA[OBCLFRE_Freemarker]]></TEMPLATE_LANGUAGE>
<!--FF808181317B723B01317B7453E90006-->  <COMPONENT_TYPE><![CDATA[OBUIAPP_ViewImplementation]]></COMPONENT_TYPE>
<!--FF808181317B723B01317B7453E90006-->  <ISACTIVE><![CDATA[Y]]></ISACTIVE>
<!--FF808181317B723B01317B7453E90006--></OBCLKER_TEMPLATE>

<!--FF80818132F916130132F9357DE10016--><OBCLKER_TEMPLATE>
<!--FF80818132F916130132F9357DE10016-->  <OBCLKER_TEMPLATE_ID><![CDATA[FF80818132F916130132F9357DE10016]]></OBCLKER_TEMPLATE_ID>
<!--FF80818132F916130132F9357DE10016-->  <AD_CLIENT_ID><![CDATA[0]]></AD_CLIENT_ID>
<!--FF80818132F916130132F9357DE10016-->  <AD_ORG_ID><![CDATA[0]]></AD_ORG_ID>
<!--FF80818132F916130132F9357DE10016-->  <AD_MODULE_ID><![CDATA[9BA0836A3CD74EE4AB48753A47211BCC]]></AD_MODULE_ID>
<!--FF80818132F916130132F9357DE10016-->  <NAME><![CDATA[Pick and Execute Window]]></NAME>
<!--FF80818132F916130132F9357DE10016-->  <DESCRIPTION><![CDATA[Template which creates a Pick and Execute window]]></DESCRIPTION>
<!--FF80818132F916130132F9357DE10016-->  <TEMPLATECLASSPATHLOCATION><![CDATA[/org/openbravo/client/application/templates/ob-pick-and-execute-view-window.js.ftl]]></TEMPLATECLASSPATHLOCATION>
<!--FF80818132F916130132F9357DE10016-->  <TEMPLATE_LANGUAGE><![CDATA[OBCLFRE_Freemarker]]></TEMPLATE_LANGUAGE>
<!--FF80818132F916130132F9357DE10016-->  <COMPONENT_TYPE><![CDATA[OBUIAPP_ViewImplementation]]></COMPONENT_TYPE>
<!--FF80818132F916130132F9357DE10016-->  <ISACTIVE><![CDATA[Y]]></ISACTIVE>
<!--FF80818132F916130132F9357DE10016--></OBCLKER_TEMPLATE>

<!--FF808181330BD14F01330BD34EA00008--><OBCLKER_TEMPLATE>
<!--FF808181330BD14F01330BD34EA00008-->  <OBCLKER_TEMPLATE_ID><![CDATA[FF808181330BD14F01330BD34EA00008]]></OBCLKER_TEMPLATE_ID>
<!--FF808181330BD14F01330BD34EA00008-->  <AD_CLIENT_ID><![CDATA[0]]></AD_CLIENT_ID>
<!--FF808181330BD14F01330BD34EA00008-->  <AD_ORG_ID><![CDATA[0]]></AD_ORG_ID>
<!--FF808181330BD14F01330BD34EA00008-->  <AD_MODULE_ID><![CDATA[9BA0836A3CD74EE4AB48753A47211BCC]]></AD_MODULE_ID>
<!--FF808181330BD14F01330BD34EA00008-->  <NAME><![CDATA[Pick and Execute Tab]]></NAME>
<!--FF808181330BD14F01330BD34EA00008-->  <DESCRIPTION><![CDATA[Template which creates a Pick and Execute window]]></DESCRIPTION>
<!--FF808181330BD14F01330BD34EA00008-->  <TEMPLATECLASSPATHLOCATION><![CDATA[/org/openbravo/client/application/templates/ob-pick-and-execute-view-tab.js.ftl]]></TEMPLATECLASSPATHLOCATION>
<!--FF808181330BD14F01330BD34EA00008-->  <TEMPLATE_LANGUAGE><![CDATA[OBCLFRE_Freemarker]]></TEMPLATE_LANGUAGE>
<!--FF808181330BD14F01330BD34EA00008-->  <COMPONENT_TYPE><![CDATA[OBUIAPP_ViewImplementation]]></COMPONENT_TYPE>
<!--FF808181330BD14F01330BD34EA00008-->  <ISACTIVE><![CDATA[Y]]></ISACTIVE>
<!--FF808181330BD14F01330BD34EA00008--></OBCLKER_TEMPLATE>

</data>
