<?xml version='1.0' encoding='UTF-8'?>
<data>
<!--090A37D22E61FE94012E621729090048--><OBSERDS_DATASOURCE>
<!--090A37D22E61FE94012E621729090048-->  <OBSERDS_DATASOURCE_ID><![CDATA[090A37D22E61FE94012E621729090048]]></OBSERDS_DATASOURCE_ID>
<!--090A37D22E61FE94012E621729090048-->  <AD_CLIENT_ID><![CDATA[0]]></AD_CLIENT_ID>
<!--090A37D22E61FE94012E621729090048-->  <AD_ORG_ID><![CDATA[0]]></AD_ORG_ID>
<!--090A37D22E61FE94012E621729090048-->  <AD_MODULE_ID><![CDATA[9BA0836A3CD74EE4AB48753A47211BCC]]></AD_MODULE_ID>
<!--090A37D22E61FE94012E621729090048-->  <NAME><![CDATA[Notes Datasource]]></NAME>
<!--090A37D22E61FE94012E621729090048-->  <AD_TABLE_ID><![CDATA[090A37D22E61FE94012E620CD15D0030]]></AD_TABLE_ID>
<!--090A37D22E61FE94012E621729090048-->  <CLASSNAME><![CDATA[org.openbravo.service.datasource.NoteDataSource]]></CLASSNAME>
<!--090A37D22E61FE94012E621729090048-->  <OBCLKER_TEMPLATE_ID><![CDATA[2BAD445C2A0343C58E455F9BD379C690]]></OBCLKER_TEMPLATE_ID>
<!--090A37D22E61FE94012E621729090048-->  <ISACTIVE><![CDATA[Y]]></ISACTIVE>
<!--090A37D22E61FE94012E621729090048-->  <USEASTABLEDATAORIGIN><![CDATA[N]]></USEASTABLEDATAORIGIN>
<!--090A37D22E61FE94012E621729090048-->  <IDFKFILTERING><![CDATA[Y]]></IDFKFILTERING>
<!--090A37D22E61FE94012E621729090048--></OBSERDS_DATASOURCE>

<!--3C1148C0AB604DE1B51B7EA4112C325F--><OBSERDS_DATASOURCE>
<!--3C1148C0AB604DE1B51B7EA4112C325F-->  <OBSERDS_DATASOURCE_ID><![CDATA[3C1148C0AB604DE1B51B7EA4112C325F]]></OBSERDS_DATASOURCE_ID>
<!--3C1148C0AB604DE1B51B7EA4112C325F-->  <AD_CLIENT_ID><![CDATA[0]]></AD_CLIENT_ID>
<!--3C1148C0AB604DE1B51B7EA4112C325F-->  <AD_ORG_ID><![CDATA[0]]></AD_ORG_ID>
<!--3C1148C0AB604DE1B51B7EA4112C325F-->  <AD_MODULE_ID><![CDATA[9BA0836A3CD74EE4AB48753A47211BCC]]></AD_MODULE_ID>
<!--3C1148C0AB604DE1B51B7EA4112C325F-->  <NAME><![CDATA[HQL Tables Datasource]]></NAME>
<!--3C1148C0AB604DE1B51B7EA4112C325F-->  <DESCRIPTION><![CDATA[HQL Tables Datasource]]></DESCRIPTION>
<!--3C1148C0AB604DE1B51B7EA4112C325F-->  <CLASSNAME><![CDATA[org.openbravo.service.datasource.HQLDataSourceService]]></CLASSNAME>
<!--3C1148C0AB604DE1B51B7EA4112C325F-->  <OBCLKER_TEMPLATE_ID><![CDATA[2BAD445C2A0343C58E455F9BD379C690]]></OBCLKER_TEMPLATE_ID>
<!--3C1148C0AB604DE1B51B7EA4112C325F-->  <ISACTIVE><![CDATA[Y]]></ISACTIVE>
<!--3C1148C0AB604DE1B51B7EA4112C325F-->  <USEASTABLEDATAORIGIN><![CDATA[Y]]></USEASTABLEDATAORIGIN>
<!--3C1148C0AB604DE1B51B7EA4112C325F-->  <IDFKFILTERING><![CDATA[Y]]></IDFKFILTERING>
<!--3C1148C0AB604DE1B51B7EA4112C325F--></OBSERDS_DATASOURCE>

<!--DB9F062472294F12A0291A7BD203F922--><OBSERDS_DATASOURCE>
<!--DB9F062472294F12A0291A7BD203F922-->  <OBSERDS_DATASOURCE_ID><![CDATA[DB9F062472294F12A0291A7BD203F922]]></OBSERDS_DATASOURCE_ID>
<!--DB9F062472294F12A0291A7BD203F922-->  <AD_CLIENT_ID><![CDATA[0]]></AD_CLIENT_ID>
<!--DB9F062472294F12A0291A7BD203F922-->  <AD_ORG_ID><![CDATA[0]]></AD_ORG_ID>
<!--DB9F062472294F12A0291A7BD203F922-->  <AD_MODULE_ID><![CDATA[9BA0836A3CD74EE4AB48753A47211BCC]]></AD_MODULE_ID>
<!--DB9F062472294F12A0291A7BD203F922-->  <NAME><![CDATA[AD Alert Datasource]]></NAME>
<!--DB9F062472294F12A0291A7BD203F922-->  <CLASSNAME><![CDATA[org.openbravo.client.application.ADAlertDatasourceService]]></CLASSNAME>
<!--DB9F062472294F12A0291A7BD203F922-->  <OBCLKER_TEMPLATE_ID><![CDATA[2BAD445C2A0343C58E455F9BD379C690]]></OBCLKER_TEMPLATE_ID>
<!--DB9F062472294F12A0291A7BD203F922-->  <ISACTIVE><![CDATA[Y]]></ISACTIVE>
<!--DB9F062472294F12A0291A7BD203F922-->  <USEASTABLEDATAORIGIN><![CDATA[N]]></USEASTABLEDATAORIGIN>
<!--DB9F062472294F12A0291A7BD203F922-->  <IDFKFILTERING><![CDATA[Y]]></IDFKFILTERING>
<!--DB9F062472294F12A0291A7BD203F922--></OBSERDS_DATASOURCE>

</data>
