<?xml version='1.0' encoding='UTF-8'?>
<data>
<!--3B41D413D7FE4AF384574ED7594FFB11--><OBUISEL_SELECTOR>
<!--3B41D413D7FE4AF384574ED7594FFB11-->  <OBUISEL_SELECTOR_ID><![CDATA[3B41D413D7FE4AF384574ED7594FFB11]]></OBUISEL_SELECTOR_ID>
<!--3B41D413D7FE4AF384574ED7594FFB11-->  <AD_CLIENT_ID><![CDATA[0]]></AD_CLIENT_ID>
<!--3B41D413D7FE4AF384574ED7594FFB11-->  <AD_ORG_ID><![CDATA[0]]></AD_ORG_ID>
<!--3B41D413D7FE4AF384574ED7594FFB11-->  <AD_MODULE_ID><![CDATA[9BA0836A3CD74EE4AB48753A47211BCC]]></AD_MODULE_ID>
<!--3B41D413D7FE4AF384574ED7594FFB11-->  <NAME><![CDATA[Reports]]></NAME>
<!--3B41D413D7FE4AF384574ED7594FFB11-->  <AD_REFERENCE_ID><![CDATA[9613657373F54165954A69D54803F65F]]></AD_REFERENCE_ID>
<!--3B41D413D7FE4AF384574ED7594FFB11-->  <AD_TABLE_ID><![CDATA[C41826412A134A488D94C84EB8C6EE81]]></AD_TABLE_ID>
<!--3B41D413D7FE4AF384574ED7594FFB11-->  <AD_COLUMN_ID><![CDATA[4442CF9875AF450491ECB75E68AF5205]]></AD_COLUMN_ID>
<!--3B41D413D7FE4AF384574ED7594FFB11-->  <OBCLKER_TEMPLATE_ID><![CDATA[9314DE8599AD44E7BFC4CC50699042AB]]></OBCLKER_TEMPLATE_ID>
<!--3B41D413D7FE4AF384574ED7594FFB11-->  <ISACTIVE><![CDATA[Y]]></ISACTIVE>
<!--3B41D413D7FE4AF384574ED7594FFB11-->  <SUGGESTIONTEXTMATCHSTYLE><![CDATA[startsWith]]></SUGGESTIONTEXTMATCHSTYLE>
<!--3B41D413D7FE4AF384574ED7594FFB11-->  <POPUPTEXTMATCHSTYLE><![CDATA[startsWith]]></POPUPTEXTMATCHSTYLE>
<!--3B41D413D7FE4AF384574ED7594FFB11-->  <CUSTOM_QUERY><![CDATA[N]]></CUSTOM_QUERY>
<!--3B41D413D7FE4AF384574ED7594FFB11--></OBUISEL_SELECTOR>

</data>
