<?xml version='1.0' encoding='UTF-8'?>
<data>
<!--FF8080812EB90459012EBA225DDB0029--><OBUIAPP_VIEW_IMPL>
<!--FF8080812EB90459012EBA225DDB0029-->  <OBUIAPP_VIEW_IMPL_ID><![CDATA[FF8080812EB90459012EBA225DDB0029]]></OBUIAPP_VIEW_IMPL_ID>
<!--FF8080812EB90459012EBA225DDB0029-->  <AD_CLIENT_ID><![CDATA[0]]></AD_CLIENT_ID>
<!--FF8080812EB90459012EBA225DDB0029-->  <AD_ORG_ID><![CDATA[0]]></AD_ORG_ID>
<!--FF8080812EB90459012EBA225DDB0029-->  <AD_MODULE_ID><![CDATA[9BA0836A3CD74EE4AB48753A47211BCC]]></AD_MODULE_ID>
<!--FF8080812EB90459012EBA225DDB0029-->  <NAME><![CDATA[OBUIAPP_AlertManagement]]></NAME>
<!--FF8080812EB90459012EBA225DDB0029-->  <ISACTIVE><![CDATA[Y]]></ISACTIVE>
<!--FF8080812EB90459012EBA225DDB0029-->  <ISADVANCEDFEATURE><![CDATA[N]]></ISADVANCEDFEATURE>
<!--FF8080812EB90459012EBA225DDB0029--></OBUIAPP_VIEW_IMPL>

<!--FF808081329B023101329B0CE2080013--><OBUIAPP_VIEW_IMPL>
<!--FF808081329B023101329B0CE2080013-->  <OBUIAPP_VIEW_IMPL_ID><![CDATA[FF808081329B023101329B0CE2080013]]></OBUIAPP_VIEW_IMPL_ID>
<!--FF808081329B023101329B0CE2080013-->  <AD_CLIENT_ID><![CDATA[0]]></AD_CLIENT_ID>
<!--FF808081329B023101329B0CE2080013-->  <AD_ORG_ID><![CDATA[0]]></AD_ORG_ID>
<!--FF808081329B023101329B0CE2080013-->  <AD_MODULE_ID><![CDATA[9BA0836A3CD74EE4AB48753A47211BCC]]></AD_MODULE_ID>
<!--FF808081329B023101329B0CE2080013-->  <NAME><![CDATA[OBUIAPP_RegistrationView]]></NAME>
<!--FF808081329B023101329B0CE2080013-->  <DESCRIPTION><![CDATA[Opens registration popup]]></DESCRIPTION>
<!--FF808081329B023101329B0CE2080013-->  <ISACTIVE><![CDATA[Y]]></ISACTIVE>
<!--FF808081329B023101329B0CE2080013-->  <ISADVANCEDFEATURE><![CDATA[N]]></ISADVANCEDFEATURE>
<!--FF808081329B023101329B0CE2080013--></OBUIAPP_VIEW_IMPL>

</data>
