<?xml version='1.0' encoding='UTF-8'?>
<data>
<!--0FB5D32155C84680B9B02CD8E9C81EE9--><OBUIAPP_NAVBAR_COMPONENT>
<!--0FB5D32155C84680B9B02CD8E9C81EE9-->  <OBUIAPP_NAVBAR_COMPONENT_ID><![CDATA[0FB5D32155C84680B9B02CD8E9C81EE9]]></OBUIAPP_NAVBAR_COMPONENT_ID>
<!--0FB5D32155C84680B9B02CD8E9C81EE9-->  <AD_CLIENT_ID><![CDATA[0]]></AD_CLIENT_ID>
<!--0FB5D32155C84680B9B02CD8E9C81EE9-->  <AD_ORG_ID><![CDATA[0]]></AD_ORG_ID>
<!--0FB5D32155C84680B9B02CD8E9C81EE9-->  <AD_MODULE_ID><![CDATA[9BA0836A3CD74EE4AB48753A47211BCC]]></AD_MODULE_ID>
<!--0FB5D32155C84680B9B02CD8E9C81EE9-->  <OBCLKER_TEMPLATE_ID><![CDATA[614A1413D97B4392AA3C1AF486D8D76A]]></OBCLKER_TEMPLATE_ID>
<!--0FB5D32155C84680B9B02CD8E9C81EE9-->  <NAME><![CDATA[Help About Widget]]></NAME>
<!--0FB5D32155C84680B9B02CD8E9C81EE9-->  <CLASSNAME><![CDATA[org.openbravo.client.kernel.BaseTemplateComponent]]></CLASSNAME>
<!--0FB5D32155C84680B9B02CD8E9C81EE9-->  <ALLROLES><![CDATA[Y]]></ALLROLES>
<!--0FB5D32155C84680B9B02CD8E9C81EE9-->  <SORTNO><![CDATA[60]]></SORTNO>
<!--0FB5D32155C84680B9B02CD8E9C81EE9-->  <ISACTIVE><![CDATA[Y]]></ISACTIVE>
<!--0FB5D32155C84680B9B02CD8E9C81EE9-->  <ISSTATICCOMPONENT><![CDATA[Y]]></ISSTATICCOMPONENT>
<!--0FB5D32155C84680B9B02CD8E9C81EE9--></OBUIAPP_NAVBAR_COMPONENT>

<!--112AFEB9A5604C349CB3D6644EAE4992--><OBUIAPP_NAVBAR_COMPONENT>
<!--112AFEB9A5604C349CB3D6644EAE4992-->  <OBUIAPP_NAVBAR_COMPONENT_ID><![CDATA[112AFEB9A5604C349CB3D6644EAE4992]]></OBUIAPP_NAVBAR_COMPONENT_ID>
<!--112AFEB9A5604C349CB3D6644EAE4992-->  <AD_CLIENT_ID><![CDATA[0]]></AD_CLIENT_ID>
<!--112AFEB9A5604C349CB3D6644EAE4992-->  <AD_ORG_ID><![CDATA[0]]></AD_ORG_ID>
<!--112AFEB9A5604C349CB3D6644EAE4992-->  <AD_MODULE_ID><![CDATA[9BA0836A3CD74EE4AB48753A47211BCC]]></AD_MODULE_ID>
<!--112AFEB9A5604C349CB3D6644EAE4992-->  <OBCLKER_TEMPLATE_ID><![CDATA[34752CBCF4AF48E59E1283317EB0674C]]></OBCLKER_TEMPLATE_ID>
<!--112AFEB9A5604C349CB3D6644EAE4992-->  <NAME><![CDATA[Quick Create]]></NAME>
<!--112AFEB9A5604C349CB3D6644EAE4992-->  <DESCRIPTION><![CDATA[Opens a classic OB window in insert/create mode]]></DESCRIPTION>
<!--112AFEB9A5604C349CB3D6644EAE4992-->  <CLASSNAME><![CDATA[org.openbravo.client.kernel.BaseTemplateComponent]]></CLASSNAME>
<!--112AFEB9A5604C349CB3D6644EAE4992-->  <ALLROLES><![CDATA[Y]]></ALLROLES>
<!--112AFEB9A5604C349CB3D6644EAE4992-->  <SORTNO><![CDATA[10]]></SORTNO>
<!--112AFEB9A5604C349CB3D6644EAE4992-->  <ISACTIVE><![CDATA[Y]]></ISACTIVE>
<!--112AFEB9A5604C349CB3D6644EAE4992-->  <ISSTATICCOMPONENT><![CDATA[Y]]></ISSTATICCOMPONENT>
<!--112AFEB9A5604C349CB3D6644EAE4992--></OBUIAPP_NAVBAR_COMPONENT>

<!--5AC86E8BB0464025887B6544F175177C--><OBUIAPP_NAVBAR_COMPONENT>
<!--5AC86E8BB0464025887B6544F175177C-->  <OBUIAPP_NAVBAR_COMPONENT_ID><![CDATA[5AC86E8BB0464025887B6544F175177C]]></OBUIAPP_NAVBAR_COMPONENT_ID>
<!--5AC86E8BB0464025887B6544F175177C-->  <AD_CLIENT_ID><![CDATA[0]]></AD_CLIENT_ID>
<!--5AC86E8BB0464025887B6544F175177C-->  <AD_ORG_ID><![CDATA[0]]></AD_ORG_ID>
<!--5AC86E8BB0464025887B6544F175177C-->  <AD_MODULE_ID><![CDATA[9BA0836A3CD74EE4AB48753A47211BCC]]></AD_MODULE_ID>
<!--5AC86E8BB0464025887B6544F175177C-->  <OBCLKER_TEMPLATE_ID><![CDATA[582D107C03FD4B56A4BEDCF4CAABBB55]]></OBCLKER_TEMPLATE_ID>
<!--5AC86E8BB0464025887B6544F175177C-->  <NAME><![CDATA[User Information]]></NAME>
<!--5AC86E8BB0464025887B6544F175177C-->  <DESCRIPTION><![CDATA[Shows user information]]></DESCRIPTION>
<!--5AC86E8BB0464025887B6544F175177C-->  <CLASSNAME><![CDATA[org.openbravo.client.kernel.BaseTemplateComponent]]></CLASSNAME>
<!--5AC86E8BB0464025887B6544F175177C-->  <ALLROLES><![CDATA[Y]]></ALLROLES>
<!--5AC86E8BB0464025887B6544F175177C-->  <SORTNO><![CDATA[70]]></SORTNO>
<!--5AC86E8BB0464025887B6544F175177C-->  <ISACTIVE><![CDATA[Y]]></ISACTIVE>
<!--5AC86E8BB0464025887B6544F175177C-->  <ISSTATICCOMPONENT><![CDATA[Y]]></ISSTATICCOMPONENT>
<!--5AC86E8BB0464025887B6544F175177C--></OBUIAPP_NAVBAR_COMPONENT>

<!--B2CD049FB8E34CE9B35A6F2C39A3A1F1--><OBUIAPP_NAVBAR_COMPONENT>
<!--B2CD049FB8E34CE9B35A6F2C39A3A1F1-->  <OBUIAPP_NAVBAR_COMPONENT_ID><![CDATA[B2CD049FB8E34CE9B35A6F2C39A3A1F1]]></OBUIAPP_NAVBAR_COMPONENT_ID>
<!--B2CD049FB8E34CE9B35A6F2C39A3A1F1-->  <AD_CLIENT_ID><![CDATA[0]]></AD_CLIENT_ID>
<!--B2CD049FB8E34CE9B35A6F2C39A3A1F1-->  <AD_ORG_ID><![CDATA[0]]></AD_ORG_ID>
<!--B2CD049FB8E34CE9B35A6F2C39A3A1F1-->  <AD_MODULE_ID><![CDATA[9BA0836A3CD74EE4AB48753A47211BCC]]></AD_MODULE_ID>
<!--B2CD049FB8E34CE9B35A6F2C39A3A1F1-->  <OBCLKER_TEMPLATE_ID><![CDATA[08074180655340F0B67E2BA3BA087062]]></OBCLKER_TEMPLATE_ID>
<!--B2CD049FB8E34CE9B35A6F2C39A3A1F1-->  <NAME><![CDATA[Alert Icon]]></NAME>
<!--B2CD049FB8E34CE9B35A6F2C39A3A1F1-->  <DESCRIPTION><![CDATA[Alert icon in the navigation bar]]></DESCRIPTION>
<!--B2CD049FB8E34CE9B35A6F2C39A3A1F1-->  <CLASSNAME><![CDATA[org.openbravo.client.kernel.BaseTemplateComponent]]></CLASSNAME>
<!--B2CD049FB8E34CE9B35A6F2C39A3A1F1-->  <ALLROLES><![CDATA[Y]]></ALLROLES>
<!--B2CD049FB8E34CE9B35A6F2C39A3A1F1-->  <SORTNO><![CDATA[50]]></SORTNO>
<!--B2CD049FB8E34CE9B35A6F2C39A3A1F1-->  <ISACTIVE><![CDATA[Y]]></ISACTIVE>
<!--B2CD049FB8E34CE9B35A6F2C39A3A1F1-->  <ISSTATICCOMPONENT><![CDATA[Y]]></ISSTATICCOMPONENT>
<!--B2CD049FB8E34CE9B35A6F2C39A3A1F1--></OBUIAPP_NAVBAR_COMPONENT>

<!--DD54C8A48D5A4E48BC92648B9BE19474--><OBUIAPP_NAVBAR_COMPONENT>
<!--DD54C8A48D5A4E48BC92648B9BE19474-->  <OBUIAPP_NAVBAR_COMPONENT_ID><![CDATA[DD54C8A48D5A4E48BC92648B9BE19474]]></OBUIAPP_NAVBAR_COMPONENT_ID>
<!--DD54C8A48D5A4E48BC92648B9BE19474-->  <AD_CLIENT_ID><![CDATA[0]]></AD_CLIENT_ID>
<!--DD54C8A48D5A4E48BC92648B9BE19474-->  <AD_ORG_ID><![CDATA[0]]></AD_ORG_ID>
<!--DD54C8A48D5A4E48BC92648B9BE19474-->  <AD_MODULE_ID><![CDATA[9BA0836A3CD74EE4AB48753A47211BCC]]></AD_MODULE_ID>
<!--DD54C8A48D5A4E48BC92648B9BE19474-->  <OBCLKER_TEMPLATE_ID><![CDATA[CCA227AA8C4944E88B3EB23BA491222A]]></OBCLKER_TEMPLATE_ID>
<!--DD54C8A48D5A4E48BC92648B9BE19474-->  <NAME><![CDATA[Quick Launch component]]></NAME>
<!--DD54C8A48D5A4E48BC92648B9BE19474-->  <DESCRIPTION><![CDATA[Opens an class OB Window]]></DESCRIPTION>
<!--DD54C8A48D5A4E48BC92648B9BE19474-->  <CLASSNAME><![CDATA[org.openbravo.client.kernel.BaseTemplateComponent]]></CLASSNAME>
<!--DD54C8A48D5A4E48BC92648B9BE19474-->  <ALLROLES><![CDATA[Y]]></ALLROLES>
<!--DD54C8A48D5A4E48BC92648B9BE19474-->  <SORTNO><![CDATA[20]]></SORTNO>
<!--DD54C8A48D5A4E48BC92648B9BE19474-->  <ISACTIVE><![CDATA[Y]]></ISACTIVE>
<!--DD54C8A48D5A4E48BC92648B9BE19474-->  <ISSTATICCOMPONENT><![CDATA[Y]]></ISSTATICCOMPONENT>
<!--DD54C8A48D5A4E48BC92648B9BE19474--></OBUIAPP_NAVBAR_COMPONENT>

<!--E404869052A44BC99AE27BDBAE1D6062--><OBUIAPP_NAVBAR_COMPONENT>
<!--E404869052A44BC99AE27BDBAE1D6062-->  <OBUIAPP_NAVBAR_COMPONENT_ID><![CDATA[E404869052A44BC99AE27BDBAE1D6062]]></OBUIAPP_NAVBAR_COMPONENT_ID>
<!--E404869052A44BC99AE27BDBAE1D6062-->  <AD_CLIENT_ID><![CDATA[0]]></AD_CLIENT_ID>
<!--E404869052A44BC99AE27BDBAE1D6062-->  <AD_ORG_ID><![CDATA[0]]></AD_ORG_ID>
<!--E404869052A44BC99AE27BDBAE1D6062-->  <AD_MODULE_ID><![CDATA[9BA0836A3CD74EE4AB48753A47211BCC]]></AD_MODULE_ID>
<!--E404869052A44BC99AE27BDBAE1D6062-->  <OBCLKER_TEMPLATE_ID><![CDATA[66A2AD8595D1479E904ED0D9999E2842]]></OBCLKER_TEMPLATE_ID>
<!--E404869052A44BC99AE27BDBAE1D6062-->  <NAME><![CDATA[Application Menu]]></NAME>
<!--E404869052A44BC99AE27BDBAE1D6062-->  <DESCRIPTION><![CDATA[The application menu navigation bar component]]></DESCRIPTION>
<!--E404869052A44BC99AE27BDBAE1D6062-->  <CLASSNAME><![CDATA[org.openbravo.client.kernel.BaseTemplateComponent]]></CLASSNAME>
<!--E404869052A44BC99AE27BDBAE1D6062-->  <ALLROLES><![CDATA[Y]]></ALLROLES>
<!--E404869052A44BC99AE27BDBAE1D6062-->  <SORTNO><![CDATA[30]]></SORTNO>
<!--E404869052A44BC99AE27BDBAE1D6062-->  <ISACTIVE><![CDATA[Y]]></ISACTIVE>
<!--E404869052A44BC99AE27BDBAE1D6062-->  <ISSTATICCOMPONENT><![CDATA[Y]]></ISSTATICCOMPONENT>
<!--E404869052A44BC99AE27BDBAE1D6062--></OBUIAPP_NAVBAR_COMPONENT>

</data>
