<?xml version='1.0' encoding='UTF-8'?>
<data>
<!--AF307E77F9774BFBB9A18223DD51596B--><OBUISEL_SELECTOR_FIELD>
<!--AF307E77F9774BFBB9A18223DD51596B-->  <OBUISEL_SELECTOR_FIELD_ID><![CDATA[AF307E77F9774BFBB9A18223DD51596B]]></OBUISEL_SELECTOR_FIELD_ID>
<!--AF307E77F9774BFBB9A18223DD51596B-->  <OBUISEL_SELECTOR_ID><![CDATA[3B41D413D7FE4AF384574ED7594FFB11]]></OBUISEL_SELECTOR_ID>
<!--AF307E77F9774BFBB9A18223DD51596B-->  <AD_CLIENT_ID><![CDATA[0]]></AD_CLIENT_ID>
<!--AF307E77F9774BFBB9A18223DD51596B-->  <AD_ORG_ID><![CDATA[0]]></AD_ORG_ID>
<!--AF307E77F9774BFBB9A18223DD51596B-->  <AD_MODULE_ID><![CDATA[9BA0836A3CD74EE4AB48753A47211BCC]]></AD_MODULE_ID>
<!--AF307E77F9774BFBB9A18223DD51596B-->  <AD_COLUMN_ID><![CDATA[09A37827B9BC4CDC93DB8C99A055C60C]]></AD_COLUMN_ID>
<!--AF307E77F9774BFBB9A18223DD51596B-->  <NAME><![CDATA[Name]]></NAME>
<!--AF307E77F9774BFBB9A18223DD51596B-->  <DESCRIPTION><![CDATA[A non-unique identifier for a record/document often used as a search tool.]]></DESCRIPTION>
<!--AF307E77F9774BFBB9A18223DD51596B-->  <HELP><![CDATA[A more descriptive identifier (that does need to be unique) of a record/document that is used as a default search option along with the search key (that is unique and mostly shorter). It is up to 60 characters in length.]]></HELP>
<!--AF307E77F9774BFBB9A18223DD51596B-->  <PROPERTY><![CDATA[name]]></PROPERTY>
<!--AF307E77F9774BFBB9A18223DD51596B-->  <ISCENTRALLYMAINTAINED><![CDATA[Y]]></ISCENTRALLYMAINTAINED>
<!--AF307E77F9774BFBB9A18223DD51596B-->  <SORT><![CDATA[Y]]></SORT>
<!--AF307E77F9774BFBB9A18223DD51596B-->  <FILTER><![CDATA[Y]]></FILTER>
<!--AF307E77F9774BFBB9A18223DD51596B-->  <SEARCHINSUGGESTIONBOX><![CDATA[N]]></SEARCHINSUGGESTIONBOX>
<!--AF307E77F9774BFBB9A18223DD51596B-->  <SHOWINGRID><![CDATA[Y]]></SHOWINGRID>
<!--AF307E77F9774BFBB9A18223DD51596B-->  <SORTNO><![CDATA[0]]></SORTNO>
<!--AF307E77F9774BFBB9A18223DD51596B-->  <ISACTIVE><![CDATA[Y]]></ISACTIVE>
<!--AF307E77F9774BFBB9A18223DD51596B-->  <ISOUTFIELD><![CDATA[N]]></ISOUTFIELD>
<!--AF307E77F9774BFBB9A18223DD51596B-->  <SHOWINPICKLIST><![CDATA[N]]></SHOWINPICKLIST>
<!--AF307E77F9774BFBB9A18223DD51596B--></OBUISEL_SELECTOR_FIELD>

<!--B5A8A4933C4F4BF599FE539BB7B68BC5--><OBUISEL_SELECTOR_FIELD>
<!--B5A8A4933C4F4BF599FE539BB7B68BC5-->  <OBUISEL_SELECTOR_FIELD_ID><![CDATA[B5A8A4933C4F4BF599FE539BB7B68BC5]]></OBUISEL_SELECTOR_FIELD_ID>
<!--B5A8A4933C4F4BF599FE539BB7B68BC5-->  <OBUISEL_SELECTOR_ID><![CDATA[3B41D413D7FE4AF384574ED7594FFB11]]></OBUISEL_SELECTOR_ID>
<!--B5A8A4933C4F4BF599FE539BB7B68BC5-->  <AD_CLIENT_ID><![CDATA[0]]></AD_CLIENT_ID>
<!--B5A8A4933C4F4BF599FE539BB7B68BC5-->  <AD_ORG_ID><![CDATA[0]]></AD_ORG_ID>
<!--B5A8A4933C4F4BF599FE539BB7B68BC5-->  <AD_MODULE_ID><![CDATA[9BA0836A3CD74EE4AB48753A47211BCC]]></AD_MODULE_ID>
<!--B5A8A4933C4F4BF599FE539BB7B68BC5-->  <AD_COLUMN_ID><![CDATA[BB1529DE0698452CB6875C837F09C684]]></AD_COLUMN_ID>
<!--B5A8A4933C4F4BF599FE539BB7B68BC5-->  <NAME><![CDATA[Window]]></NAME>
<!--B5A8A4933C4F4BF599FE539BB7B68BC5-->  <DESCRIPTION><![CDATA[A work area which can be used to create, view, edit, and process a record.]]></DESCRIPTION>
<!--B5A8A4933C4F4BF599FE539BB7B68BC5-->  <HELP><![CDATA[The Window field identifies a unique Window in the system.]]></HELP>
<!--B5A8A4933C4F4BF599FE539BB7B68BC5-->  <PROPERTY><![CDATA[window]]></PROPERTY>
<!--B5A8A4933C4F4BF599FE539BB7B68BC5-->  <ISCENTRALLYMAINTAINED><![CDATA[Y]]></ISCENTRALLYMAINTAINED>
<!--B5A8A4933C4F4BF599FE539BB7B68BC5-->  <SORT><![CDATA[Y]]></SORT>
<!--B5A8A4933C4F4BF599FE539BB7B68BC5-->  <FILTER><![CDATA[Y]]></FILTER>
<!--B5A8A4933C4F4BF599FE539BB7B68BC5-->  <SEARCHINSUGGESTIONBOX><![CDATA[N]]></SEARCHINSUGGESTIONBOX>
<!--B5A8A4933C4F4BF599FE539BB7B68BC5-->  <SHOWINGRID><![CDATA[Y]]></SHOWINGRID>
<!--B5A8A4933C4F4BF599FE539BB7B68BC5-->  <SORTNO><![CDATA[0]]></SORTNO>
<!--B5A8A4933C4F4BF599FE539BB7B68BC5-->  <ISACTIVE><![CDATA[Y]]></ISACTIVE>
<!--B5A8A4933C4F4BF599FE539BB7B68BC5-->  <ISOUTFIELD><![CDATA[N]]></ISOUTFIELD>
<!--B5A8A4933C4F4BF599FE539BB7B68BC5-->  <SHOWINPICKLIST><![CDATA[N]]></SHOWINPICKLIST>
<!--B5A8A4933C4F4BF599FE539BB7B68BC5--></OBUISEL_SELECTOR_FIELD>

</data>
