<?xml version='1.0' encoding='UTF-8'?>
<data>
<!--FF808081329B023101329B110E0F0027--><OBUIAPP_MENU_PARAMETERS>
<!--FF808081329B023101329B110E0F0027-->  <OBUIAPP_MENU_PARAMETERS_ID><![CDATA[FF808081329B023101329B110E0F0027]]></OBUIAPP_MENU_PARAMETERS_ID>
<!--FF808081329B023101329B110E0F0027-->  <AD_CLIENT_ID><![CDATA[0]]></AD_CLIENT_ID>
<!--FF808081329B023101329B110E0F0027-->  <AD_ORG_ID><![CDATA[0]]></AD_ORG_ID>
<!--FF808081329B023101329B110E0F0027-->  <AD_MODULE_ID><![CDATA[9BA0836A3CD74EE4AB48753A47211BCC]]></AD_MODULE_ID>
<!--FF808081329B023101329B110E0F0027-->  <AD_MENU_ID><![CDATA[1005400002]]></AD_MENU_ID>
<!--FF808081329B023101329B110E0F0027-->  <NAME><![CDATA[popup]]></NAME>
<!--FF808081329B023101329B110E0F0027-->  <PARAMETERVALUE><![CDATA[true]]></PARAMETERVALUE>
<!--FF808081329B023101329B110E0F0027-->  <ISACTIVE><![CDATA[Y]]></ISACTIVE>
<!--FF808081329B023101329B110E0F0027--></OBUIAPP_MENU_PARAMETERS>

<!--FF808081329B023101329B1188FA002B--><OBUIAPP_MENU_PARAMETERS>
<!--FF808081329B023101329B1188FA002B-->  <OBUIAPP_MENU_PARAMETERS_ID><![CDATA[FF808081329B023101329B1188FA002B]]></OBUIAPP_MENU_PARAMETERS_ID>
<!--FF808081329B023101329B1188FA002B-->  <AD_CLIENT_ID><![CDATA[0]]></AD_CLIENT_ID>
<!--FF808081329B023101329B1188FA002B-->  <AD_ORG_ID><![CDATA[0]]></AD_ORG_ID>
<!--FF808081329B023101329B1188FA002B-->  <AD_MODULE_ID><![CDATA[9BA0836A3CD74EE4AB48753A47211BCC]]></AD_MODULE_ID>
<!--FF808081329B023101329B1188FA002B-->  <AD_MENU_ID><![CDATA[1005400002]]></AD_MENU_ID>
<!--FF808081329B023101329B1188FA002B-->  <NAME><![CDATA[showsItself]]></NAME>
<!--FF808081329B023101329B1188FA002B-->  <PARAMETERVALUE><![CDATA[true]]></PARAMETERVALUE>
<!--FF808081329B023101329B1188FA002B-->  <ISACTIVE><![CDATA[Y]]></ISACTIVE>
<!--FF808081329B023101329B1188FA002B--></OBUIAPP_MENU_PARAMETERS>

</data>
