<?xml version="1.0" encoding="UTF-8"?>
<ob:Openbravo xmlns:ob="http://www.openbravo.com" xmlns:xsi="http://www.w3.org/2001/XMLSchema-instance">
  <FinancialMgmtPaymentExecutionProcess id="039877E7D2124DF7A3483FE2FA905982" identifier="Leave as Credit">
    <id>039877E7D2124DF7A3483FE2FA905982</id>
    <active>true</active>
    <name>Leave as Credit</name>
    <description>Execution process that on negative payments. Sets the leaves the payment amount as credit while modifying the payment's amount to zero.</description>
    <javaClassName>org.openbravo.advpaymentmngt.executionprocess.LeaveAsCredit</javaClassName>
    <financialMgmtPaymentExecutionProcessParameterList/>
  </FinancialMgmtPaymentExecutionProcess>
  <FinancialMgmtPaymentExecutionProcess id="667B31AE82714CE180B12159FB6CEBAD" identifier="Print Check simple process">
    <id>667B31AE82714CE180B12159FB6CEBAD</id>
    <active>true</active>
    <name>Print Check simple process</name>
    <description>Simple process that prompts for a check number and sets it as the reference number of the payment.</description>
    <javaClassName>org.openbravo.advpaymentmngt.executionprocess.PrintCheck</javaClassName>
    <financialMgmtPaymentExecutionProcessParameterList>
      <FinancialMgmtPaymentExecutionProcessParameter id="F556E07CCF0D4BE7912154F191176416" identifier="10 - Check  number">
        <id>F556E07CCF0D4BE7912154F191176416</id>
        <creationDate transient="true">2011-11-23T12:09:57.0Z</creationDate>
        <createdBy transient="true" id="100" entity-name="ADUser" identifier="Openbravo"/>
        <updated transient="true">2011-11-23T12:09:57.0Z</updated>
        <updatedBy transient="true" id="100" entity-name="ADUser" identifier="Openbravo"/>
        <active>true</active>
        <paymentExecutionProcess id="667B31AE82714CE180B12159FB6CEBAD" entity-name="FinancialMgmtPaymentExecutionProcess" identifier="Print Check simple process"/>
        <name>Check  number</name>
        <sequenceNumber>10</sequenceNumber>
        <inputType>TEXT</inputType>
        <mandatory>true</mandatory>
        <defaultValueForFlag xsi:nil="true"/>
        <defaultTextValue xsi:nil="true"/>
        <description xsi:nil="true"/>
        <parameterType>IN</parameterType>
        <searchKey>CheckNumber</searchKey>
      </FinancialMgmtPaymentExecutionProcessParameter>
    </financialMgmtPaymentExecutionProcessParameterList>
  </FinancialMgmtPaymentExecutionProcess>
  <FinancialMgmtPaymentExecutionProcess id="717D521D5F454FAD9199B831001BB4E0" identifier="Simple Execution Process">
    <id>717D521D5F454FAD9199B831001BB4E0</id>
    <active>true</active>
    <name>Simple Execution Process</name>
    <description>Simple execution process that sets the status of the selected payments to Payment Made / Payment Received</description>
    <javaClassName>org.openbravo.advpaymentmngt.executionprocess.SimpleExecutionProcess</javaClassName>
    <financialMgmtPaymentExecutionProcessParameterList/>
  </FinancialMgmtPaymentExecutionProcess>
</ob:Openbravo>
