<?xml version="1.0" encoding="UTF-8"?>
<ob:Openbravo xmlns:ob="http://www.openbravo.com" xmlns:xsi="http://www.w3.org/2001/XMLSchema-instance">
  <FinancialMgmtMatchingAlgorithm id="F6B492F80B6C4733AA653D8B45679B6C" identifier="Standar">
    <id>F6B492F80B6C4733AA653D8B45679B6C</id>
    <active>true</active>
    <name>Standard</name>
    <description xsi:nil="true"/>
    <javaClassName>org.openbravo.advpaymentmngt.algorithm.StandardMatchingAlgorithm</javaClassName>
  </FinancialMgmtMatchingAlgorithm>
</ob:Openbravo>
