<?xml version="1.0"?>
  <database name="FUNCTION APRM_SEQNOINVPAIDSTATUS">
    <function name="APRM_SEQNOINVPAIDSTATUS" type="VARCHAR">
      <parameter name="p_paymentmethod_id" type="VARCHAR" mode="in">
        <default/>
      </parameter>
      <parameter name="p_financialaccount_id" type="VARCHAR" mode="in">
        <default/>
      </parameter>
      <parameter name="p_isreceipt" type="CHAR" mode="in">
        <default/>
      </parameter>
      <body><![CDATA[/*************************************************************************
* The contents of this file are subject to the Openbravo  Public  License
* Version  1.1  (the  "License"),  being   the  Mozilla   Public  License
* Version 1.1  with a permitted attribution clause; you may not  use this
* file except in compliance with the License. You  may  obtain  a copy of
* the License at http://www.openbravo.com/legal/license.html
* Software distributed under the License  is  distributed  on  an "AS IS"
* basis, WITHOUT WARRANTY OF ANY KIND, either express or implied. See the
* License for the specific  language  governing  rights  and  limitations
* under the License.
* The Original Code is Openbravo ERP.
* The Initial Developer of the Original Code is Openbravo SLU
* All portions are Copyright (C) 2015-2018 Openbravo SLU
* All Rights Reserved.
* Contributor(s):  ______________________________________.
************************************************************************/
  v_invoicepaidstatus fin_finacc_paymentmethod.payin_invoicepaidstatus%TYPE;

BEGIN

  SELECT CASE p_isReceipt WHEN 'Y' THEN payin_invoicepaidstatus
       ELSE payout_invoicepaidstatus END AS invoicepaidstatus
  INTO v_invoicepaidstatus
  FROM fin_finacc_paymentmethod
  WHERE fin_financial_account_id = p_financialaccount_id
  and fin_paymentmethod_id = p_paymentmethod_id;

  RETURN aprm_seqnumberpaymentstatus(v_invoicepaidstatus);

EXCEPTION
WHEN OTHERS THEN
  DBMS_OUTPUT.PUT_LINE('aprm_seqnumberinvoicepaidstatus exception');
  RAISE;
  RETURN NULL;
END APRM_SEQNOINVPAIDSTATUS
]]></body>
    </function>
  </database>
