<?xml version='1.0' encoding='UTF-8'?>
<data>
<!--06A84BC3EC66453191652F4F3A6859C1--><AD_AUXILIARINPUT>
<!--06A84BC3EC66453191652F4F3A6859C1-->  <AD_AUXILIARINPUT_ID><![CDATA[06A84BC3EC66453191652F4F3A6859C1]]></AD_AUXILIARINPUT_ID>
<!--06A84BC3EC66453191652F4F3A6859C1-->  <AD_CLIENT_ID><![CDATA[0]]></AD_CLIENT_ID>
<!--06A84BC3EC66453191652F4F3A6859C1-->  <AD_ORG_ID><![CDATA[0]]></AD_ORG_ID>
<!--06A84BC3EC66453191652F4F3A6859C1-->  <ISACTIVE><![CDATA[Y]]></ISACTIVE>
<!--06A84BC3EC66453191652F4F3A6859C1-->  <AD_TAB_ID><![CDATA[FF8080812F213146012F2135BC25000E]]></AD_TAB_ID>
<!--06A84BC3EC66453191652F4F3A6859C1-->  <NAME><![CDATA[DOCBASETYPE]]></NAME>
<!--06A84BC3EC66453191652F4F3A6859C1-->  <CODE><![CDATA[FAT]]></CODE>
<!--06A84BC3EC66453191652F4F3A6859C1-->  <AD_MODULE_ID><![CDATA[A918E3331C404B889D69AA9BFAFB23AC]]></AD_MODULE_ID>
<!--06A84BC3EC66453191652F4F3A6859C1--></AD_AUXILIARINPUT>

<!--1570DEA796EC4EE0A9AB562BC2E14C66--><AD_AUXILIARINPUT>
<!--1570DEA796EC4EE0A9AB562BC2E14C66-->  <AD_AUXILIARINPUT_ID><![CDATA[1570DEA796EC4EE0A9AB562BC2E14C66]]></AD_AUXILIARINPUT_ID>
<!--1570DEA796EC4EE0A9AB562BC2E14C66-->  <AD_CLIENT_ID><![CDATA[0]]></AD_CLIENT_ID>
<!--1570DEA796EC4EE0A9AB562BC2E14C66-->  <AD_ORG_ID><![CDATA[0]]></AD_ORG_ID>
<!--1570DEA796EC4EE0A9AB562BC2E14C66-->  <ISACTIVE><![CDATA[Y]]></ISACTIVE>
<!--1570DEA796EC4EE0A9AB562BC2E14C66-->  <AD_TAB_ID><![CDATA[FF8080813320657F0133209DE21B0042]]></AD_TAB_ID>
<!--1570DEA796EC4EE0A9AB562BC2E14C66-->  <NAME><![CDATA[ISMANUAL]]></NAME>
<!--1570DEA796EC4EE0A9AB562BC2E14C66-->  <CODE><![CDATA[@SQL=select case when  max(fin_reconciliation_id) is  null then 'N' else 'Y' end
from fin_reconciliation
where fin_reconciliation_id = @FIN_RECONCILIATION_ID@
and processed = 'Y'
and not exists (select 1 from fin_finacc_transaction, fin_bankstatementline
								where fin_finacc_transaction.fin_reconciliation_id = fin_reconciliation.fin_reconciliation_id
								and fin_finacc_transaction.fin_finacc_transaction_id = fin_bankstatementline.fin_finacc_transaction_id)]]></CODE>
<!--1570DEA796EC4EE0A9AB562BC2E14C66-->  <AD_MODULE_ID><![CDATA[A918E3331C404B889D69AA9BFAFB23AC]]></AD_MODULE_ID>
<!--1570DEA796EC4EE0A9AB562BC2E14C66--></AD_AUXILIARINPUT>

<!--21943DF0B89F4AE3AF14A9C06F1181C2--><AD_AUXILIARINPUT>
<!--21943DF0B89F4AE3AF14A9C06F1181C2-->  <AD_AUXILIARINPUT_ID><![CDATA[21943DF0B89F4AE3AF14A9C06F1181C2]]></AD_AUXILIARINPUT_ID>
<!--21943DF0B89F4AE3AF14A9C06F1181C2-->  <AD_CLIENT_ID><![CDATA[0]]></AD_CLIENT_ID>
<!--21943DF0B89F4AE3AF14A9C06F1181C2-->  <AD_ORG_ID><![CDATA[0]]></AD_ORG_ID>
<!--21943DF0B89F4AE3AF14A9C06F1181C2-->  <ISACTIVE><![CDATA[Y]]></ISACTIVE>
<!--21943DF0B89F4AE3AF14A9C06F1181C2-->  <AD_TAB_ID><![CDATA[FF8080813320657F0133209DE21B0042]]></AD_TAB_ID>
<!--21943DF0B89F4AE3AF14A9C06F1181C2-->  <NAME><![CDATA[Forced_Table_ID]]></NAME>
<!--21943DF0B89F4AE3AF14A9C06F1181C2-->  <CODE><![CDATA[@AD_TABLE_ID@]]></CODE>
<!--21943DF0B89F4AE3AF14A9C06F1181C2-->  <AD_MODULE_ID><![CDATA[A918E3331C404B889D69AA9BFAFB23AC]]></AD_MODULE_ID>
<!--21943DF0B89F4AE3AF14A9C06F1181C2--></AD_AUXILIARINPUT>

<!--29B80A89DBA84293A75434979C655101--><AD_AUXILIARINPUT>
<!--29B80A89DBA84293A75434979C655101-->  <AD_AUXILIARINPUT_ID><![CDATA[29B80A89DBA84293A75434979C655101]]></AD_AUXILIARINPUT_ID>
<!--29B80A89DBA84293A75434979C655101-->  <AD_CLIENT_ID><![CDATA[0]]></AD_CLIENT_ID>
<!--29B80A89DBA84293A75434979C655101-->  <AD_ORG_ID><![CDATA[0]]></AD_ORG_ID>
<!--29B80A89DBA84293A75434979C655101-->  <ISACTIVE><![CDATA[Y]]></ISACTIVE>
<!--29B80A89DBA84293A75434979C655101-->  <AD_TAB_ID><![CDATA[FF8080813320657F0133209DE21B0042]]></AD_TAB_ID>
<!--29B80A89DBA84293A75434979C655101-->  <NAME><![CDATA[APRM_LASTREC]]></NAME>
<!--29B80A89DBA84293A75434979C655101-->  <CODE><![CDATA[@SQL=select fin_reconciliation_id from fin_reconciliation where created = (
select max(created)
from fin_reconciliation 
where fin_financial_account_id = @FIN_Financial_Account_ID@)]]></CODE>
<!--29B80A89DBA84293A75434979C655101-->  <AD_MODULE_ID><![CDATA[A918E3331C404B889D69AA9BFAFB23AC]]></AD_MODULE_ID>
<!--29B80A89DBA84293A75434979C655101--></AD_AUXILIARINPUT>

<!--4FA457B12B4E411FA662D4D97A53B2E1--><AD_AUXILIARINPUT>
<!--4FA457B12B4E411FA662D4D97A53B2E1-->  <AD_AUXILIARINPUT_ID><![CDATA[4FA457B12B4E411FA662D4D97A53B2E1]]></AD_AUXILIARINPUT_ID>
<!--4FA457B12B4E411FA662D4D97A53B2E1-->  <AD_CLIENT_ID><![CDATA[0]]></AD_CLIENT_ID>
<!--4FA457B12B4E411FA662D4D97A53B2E1-->  <AD_ORG_ID><![CDATA[0]]></AD_ORG_ID>
<!--4FA457B12B4E411FA662D4D97A53B2E1-->  <ISACTIVE><![CDATA[Y]]></ISACTIVE>
<!--4FA457B12B4E411FA662D4D97A53B2E1-->  <AD_TAB_ID><![CDATA[FF80808130BB89090130BB9A3A2B0043]]></AD_TAB_ID>
<!--4FA457B12B4E411FA662D4D97A53B2E1-->  <NAME><![CDATA[DOCBASETYPE]]></NAME>
<!--4FA457B12B4E411FA662D4D97A53B2E1-->  <CODE><![CDATA[FAT]]></CODE>
<!--4FA457B12B4E411FA662D4D97A53B2E1-->  <AD_MODULE_ID><![CDATA[A918E3331C404B889D69AA9BFAFB23AC]]></AD_MODULE_ID>
<!--4FA457B12B4E411FA662D4D97A53B2E1--></AD_AUXILIARINPUT>

<!--874CCFB2FE7B40D79D2B0AE27951853F--><AD_AUXILIARINPUT>
<!--874CCFB2FE7B40D79D2B0AE27951853F-->  <AD_AUXILIARINPUT_ID><![CDATA[874CCFB2FE7B40D79D2B0AE27951853F]]></AD_AUXILIARINPUT_ID>
<!--874CCFB2FE7B40D79D2B0AE27951853F-->  <AD_CLIENT_ID><![CDATA[0]]></AD_CLIENT_ID>
<!--874CCFB2FE7B40D79D2B0AE27951853F-->  <AD_ORG_ID><![CDATA[0]]></AD_ORG_ID>
<!--874CCFB2FE7B40D79D2B0AE27951853F-->  <ISACTIVE><![CDATA[Y]]></ISACTIVE>
<!--874CCFB2FE7B40D79D2B0AE27951853F-->  <AD_TAB_ID><![CDATA[294]]></AD_TAB_ID>
<!--874CCFB2FE7B40D79D2B0AE27951853F-->  <NAME><![CDATA[APRM_OrderIsPaid]]></NAME>
<!--874CCFB2FE7B40D79D2B0AE27951853F-->  <CODE><![CDATA[@SQL=select case when ps.outstandingamt <> 0 then 'N' else 'Y' end
          from fin_payment_scheduledetail fpsd
              join fin_payment_detail fpd on fpsd.fin_payment_detail_id=fpd.fin_payment_detail_id
              join fin_payment fp on fpd.fin_payment_id=fp.fin_payment_id
              join fin_payment_schedule ps ON ps.fin_payment_schedule_id = fpsd.fin_payment_schedule_order
              join c_order co on co.c_order_id=ps.c_order_id
                WHERE ps.c_order_id =@c_order_id@
                and to_number(aprm_seqnumberpaymentstatus(fp.status)) >= 40
                group by co.GrandTotal, ps.outstandingamt, ps.c_order_id]]></CODE>
<!--874CCFB2FE7B40D79D2B0AE27951853F-->  <AD_MODULE_ID><![CDATA[A918E3331C404B889D69AA9BFAFB23AC]]></AD_MODULE_ID>
<!--874CCFB2FE7B40D79D2B0AE27951853F--></AD_AUXILIARINPUT>

<!--9D630C9E4C734361BFB09B153EEE3BCB--><AD_AUXILIARINPUT>
<!--9D630C9E4C734361BFB09B153EEE3BCB-->  <AD_AUXILIARINPUT_ID><![CDATA[9D630C9E4C734361BFB09B153EEE3BCB]]></AD_AUXILIARINPUT_ID>
<!--9D630C9E4C734361BFB09B153EEE3BCB-->  <AD_CLIENT_ID><![CDATA[0]]></AD_CLIENT_ID>
<!--9D630C9E4C734361BFB09B153EEE3BCB-->  <AD_ORG_ID><![CDATA[0]]></AD_ORG_ID>
<!--9D630C9E4C734361BFB09B153EEE3BCB-->  <ISACTIVE><![CDATA[Y]]></ISACTIVE>
<!--9D630C9E4C734361BFB09B153EEE3BCB-->  <AD_TAB_ID><![CDATA[7F5E8E4C55914138A358F5087B532B59]]></AD_TAB_ID>
<!--9D630C9E4C734361BFB09B153EEE3BCB-->  <NAME><![CDATA[APRM_BSProcessed]]></NAME>
<!--9D630C9E4C734361BFB09B153EEE3BCB-->  <CODE><![CDATA[@SQL=SELECT PROCESSED FROM FIN_BankStatement WHERE FIN_BankStatement_ID = @FIN_Bankstatement_ID@]]></CODE>
<!--9D630C9E4C734361BFB09B153EEE3BCB-->  <AD_MODULE_ID><![CDATA[A918E3331C404B889D69AA9BFAFB23AC]]></AD_MODULE_ID>
<!--9D630C9E4C734361BFB09B153EEE3BCB--></AD_AUXILIARINPUT>

<!--9FF4321DE0E5487B8A649A444F3F64BC--><AD_AUXILIARINPUT>
<!--9FF4321DE0E5487B8A649A444F3F64BC-->  <AD_AUXILIARINPUT_ID><![CDATA[9FF4321DE0E5487B8A649A444F3F64BC]]></AD_AUXILIARINPUT_ID>
<!--9FF4321DE0E5487B8A649A444F3F64BC-->  <AD_CLIENT_ID><![CDATA[0]]></AD_CLIENT_ID>
<!--9FF4321DE0E5487B8A649A444F3F64BC-->  <AD_ORG_ID><![CDATA[0]]></AD_ORG_ID>
<!--9FF4321DE0E5487B8A649A444F3F64BC-->  <ISACTIVE><![CDATA[Y]]></ISACTIVE>
<!--9FF4321DE0E5487B8A649A444F3F64BC-->  <AD_TAB_ID><![CDATA[186]]></AD_TAB_ID>
<!--9FF4321DE0E5487B8A649A444F3F64BC-->  <NAME><![CDATA[APRM_OrderIsPaid]]></NAME>
<!--9FF4321DE0E5487B8A649A444F3F64BC-->  <CODE><![CDATA[@SQL=select case when ps.outstandingamt <> 0 then 'N' else 'Y' end
          from fin_payment_scheduledetail fpsd
              join fin_payment_detail fpd on fpsd.fin_payment_detail_id=fpd.fin_payment_detail_id
              join fin_payment fp on fpd.fin_payment_id=fp.fin_payment_id
              join fin_payment_schedule ps ON ps.fin_payment_schedule_id = fpsd.fin_payment_schedule_order
              join c_order co on co.c_order_id=ps.c_order_id
                WHERE ps.c_order_id =@c_order_id@
                and to_number(aprm_seqnumberpaymentstatus(fp.status)) >= 40
                group by co.GrandTotal, ps.outstandingamt, ps.c_order_id]]></CODE>
<!--9FF4321DE0E5487B8A649A444F3F64BC-->  <AD_MODULE_ID><![CDATA[A918E3331C404B889D69AA9BFAFB23AC]]></AD_MODULE_ID>
<!--9FF4321DE0E5487B8A649A444F3F64BC--></AD_AUXILIARINPUT>

<!--B1C25B989C164EDFB7F9B26CB799DDAA--><AD_AUXILIARINPUT>
<!--B1C25B989C164EDFB7F9B26CB799DDAA-->  <AD_AUXILIARINPUT_ID><![CDATA[B1C25B989C164EDFB7F9B26CB799DDAA]]></AD_AUXILIARINPUT_ID>
<!--B1C25B989C164EDFB7F9B26CB799DDAA-->  <AD_CLIENT_ID><![CDATA[0]]></AD_CLIENT_ID>
<!--B1C25B989C164EDFB7F9B26CB799DDAA-->  <AD_ORG_ID><![CDATA[0]]></AD_ORG_ID>
<!--B1C25B989C164EDFB7F9B26CB799DDAA-->  <ISACTIVE><![CDATA[Y]]></ISACTIVE>
<!--B1C25B989C164EDFB7F9B26CB799DDAA-->  <AD_TAB_ID><![CDATA[C56E698100314ABBBBD3A89626CA551C]]></AD_TAB_ID>
<!--B1C25B989C164EDFB7F9B26CB799DDAA-->  <NAME><![CDATA[APRM_ISRECONCILED]]></NAME>
<!--B1C25B989C164EDFB7F9B26CB799DDAA-->  <CODE><![CDATA[@SQL=SELECT 1 FROM DUAL WHERE EXISTS (SELECT 1 FROM FIN_BANKSTATEMENTLINE WHERE FIN_FINACC_TRANSACTION_ID IS NOT NULL AND FIN_BANKSTATEMENT_ID = @FIN_BankStatement_ID@) OR EXISTS (SELECT 1 FROM FIN_BANKSTATEMENTLINE, FIN_BANKSTATEMENT  WHERE DATETRX > (SELECT MAX(DATETRX) FROM FIN_BANKSTATEMENTLINE WHERE FIN_BANKSTATEMENT_ID = @FIN_BankStatement_ID@) AND  FIN_BANKSTATEMENT.FIN_BANKSTATEMENT_ID = FIN_BANKSTATEMENTLINE.FIN_BANKSTATEMENT_ID AND FIN_BANKSTATEMENT.FIN_FINANCIAL_ACCOUNT_ID = @FIN_Financial_Account_ID@) ]]></CODE>
<!--B1C25B989C164EDFB7F9B26CB799DDAA-->  <AD_MODULE_ID><![CDATA[A918E3331C404B889D69AA9BFAFB23AC]]></AD_MODULE_ID>
<!--B1C25B989C164EDFB7F9B26CB799DDAA--></AD_AUXILIARINPUT>

<!--D08EBACB459849488F49089EA28F96D9--><AD_AUXILIARINPUT>
<!--D08EBACB459849488F49089EA28F96D9-->  <AD_AUXILIARINPUT_ID><![CDATA[D08EBACB459849488F49089EA28F96D9]]></AD_AUXILIARINPUT_ID>
<!--D08EBACB459849488F49089EA28F96D9-->  <AD_CLIENT_ID><![CDATA[0]]></AD_CLIENT_ID>
<!--D08EBACB459849488F49089EA28F96D9-->  <AD_ORG_ID><![CDATA[0]]></AD_ORG_ID>
<!--D08EBACB459849488F49089EA28F96D9-->  <ISACTIVE><![CDATA[Y]]></ISACTIVE>
<!--D08EBACB459849488F49089EA28F96D9-->  <AD_TAB_ID><![CDATA[79DFBE24B39742AD877E3163643E619F]]></AD_TAB_ID>
<!--D08EBACB459849488F49089EA28F96D9-->  <NAME><![CDATA[IsSOTrx]]></NAME>
<!--D08EBACB459849488F49089EA28F96D9-->  <CODE><![CDATA[@SQL=SELECT COALESCE(ISRECEIPT,'Y') AS ISRECEIPT FROM FIN_PAYMENT WHERE FIN_PAYMENT_ID = @FIN_PAYMENT_ID@]]></CODE>
<!--D08EBACB459849488F49089EA28F96D9-->  <AD_MODULE_ID><![CDATA[A918E3331C404B889D69AA9BFAFB23AC]]></AD_MODULE_ID>
<!--D08EBACB459849488F49089EA28F96D9--></AD_AUXILIARINPUT>

<!--D6A7851C9B4745BD8DC91E429A7A0B19--><AD_AUXILIARINPUT>
<!--D6A7851C9B4745BD8DC91E429A7A0B19-->  <AD_AUXILIARINPUT_ID><![CDATA[D6A7851C9B4745BD8DC91E429A7A0B19]]></AD_AUXILIARINPUT_ID>
<!--D6A7851C9B4745BD8DC91E429A7A0B19-->  <AD_CLIENT_ID><![CDATA[0]]></AD_CLIENT_ID>
<!--D6A7851C9B4745BD8DC91E429A7A0B19-->  <AD_ORG_ID><![CDATA[0]]></AD_ORG_ID>
<!--D6A7851C9B4745BD8DC91E429A7A0B19-->  <ISACTIVE><![CDATA[Y]]></ISACTIVE>
<!--D6A7851C9B4745BD8DC91E429A7A0B19-->  <AD_TAB_ID><![CDATA[2A9BA5FDA0F8470D881F8EA9DEDCC598]]></AD_TAB_ID>
<!--D6A7851C9B4745BD8DC91E429A7A0B19-->  <NAME><![CDATA[DOCBASETYPE]]></NAME>
<!--D6A7851C9B4745BD8DC91E429A7A0B19-->  <CODE><![CDATA[FAT]]></CODE>
<!--D6A7851C9B4745BD8DC91E429A7A0B19-->  <AD_MODULE_ID><![CDATA[A918E3331C404B889D69AA9BFAFB23AC]]></AD_MODULE_ID>
<!--D6A7851C9B4745BD8DC91E429A7A0B19--></AD_AUXILIARINPUT>

<!--ED969CB603E24D5EBB26282C6B994566--><AD_AUXILIARINPUT>
<!--ED969CB603E24D5EBB26282C6B994566-->  <AD_AUXILIARINPUT_ID><![CDATA[ED969CB603E24D5EBB26282C6B994566]]></AD_AUXILIARINPUT_ID>
<!--ED969CB603E24D5EBB26282C6B994566-->  <AD_CLIENT_ID><![CDATA[0]]></AD_CLIENT_ID>
<!--ED969CB603E24D5EBB26282C6B994566-->  <AD_ORG_ID><![CDATA[0]]></AD_ORG_ID>
<!--ED969CB603E24D5EBB26282C6B994566-->  <ISACTIVE><![CDATA[Y]]></ISACTIVE>
<!--ED969CB603E24D5EBB26282C6B994566-->  <AD_TAB_ID><![CDATA[79DFBE24B39742AD877E3163643E619F]]></AD_TAB_ID>
<!--ED969CB603E24D5EBB26282C6B994566-->  <NAME><![CDATA[DOCBASETYPE]]></NAME>
<!--ED969CB603E24D5EBB26282C6B994566-->  <CODE><![CDATA[REC]]></CODE>
<!--ED969CB603E24D5EBB26282C6B994566-->  <AD_MODULE_ID><![CDATA[A918E3331C404B889D69AA9BFAFB23AC]]></AD_MODULE_ID>
<!--ED969CB603E24D5EBB26282C6B994566--></AD_AUXILIARINPUT>

<!--FF808081308851A40130887E45400063--><AD_AUXILIARINPUT>
<!--FF808081308851A40130887E45400063-->  <AD_AUXILIARINPUT_ID><![CDATA[FF808081308851A40130887E45400063]]></AD_AUXILIARINPUT_ID>
<!--FF808081308851A40130887E45400063-->  <AD_CLIENT_ID><![CDATA[0]]></AD_CLIENT_ID>
<!--FF808081308851A40130887E45400063-->  <AD_ORG_ID><![CDATA[0]]></AD_ORG_ID>
<!--FF808081308851A40130887E45400063-->  <ISACTIVE><![CDATA[Y]]></ISACTIVE>
<!--FF808081308851A40130887E45400063-->  <AD_TAB_ID><![CDATA[FF8080812F213146012F2135BC25000E]]></AD_TAB_ID>
<!--FF808081308851A40130887E45400063-->  <NAME><![CDATA[IsSOTrx]]></NAME>
<!--FF808081308851A40130887E45400063-->  <CODE><![CDATA[@SQL=SELECT COALESCE(ISRECEIPT,'Y') AS ISRECEIPT FROM FIN_PAYMENT WHERE FIN_PAYMENT_ID = @FIN_PAYMENT_ID@]]></CODE>
<!--FF808081308851A40130887E45400063-->  <AD_MODULE_ID><![CDATA[A918E3331C404B889D69AA9BFAFB23AC]]></AD_MODULE_ID>
<!--FF808081308851A40130887E45400063--></AD_AUXILIARINPUT>

</data>
