<?xml version='1.0' encoding='UTF-8'?>
<data>
<!--7CEAEA8FE44E40DDA1D2FD43BC0125AC--><AD_DATASET_COLUMN>
<!--7CEAEA8FE44E40DDA1D2FD43BC0125AC-->  <AD_DATASET_COLUMN_ID><![CDATA[7CEAEA8FE44E40DDA1D2FD43BC0125AC]]></AD_DATASET_COLUMN_ID>
<!--7CEAEA8FE44E40DDA1D2FD43BC0125AC-->  <AD_CLIENT_ID><![CDATA[0]]></AD_CLIENT_ID>
<!--7CEAEA8FE44E40DDA1D2FD43BC0125AC-->  <AD_ORG_ID><![CDATA[0]]></AD_ORG_ID>
<!--7CEAEA8FE44E40DDA1D2FD43BC0125AC-->  <ISACTIVE><![CDATA[Y]]></ISACTIVE>
<!--7CEAEA8FE44E40DDA1D2FD43BC0125AC-->  <AD_DATASET_TABLE_ID><![CDATA[E63B01BB3FCA41A28D9161816F13A83B]]></AD_DATASET_TABLE_ID>
<!--7CEAEA8FE44E40DDA1D2FD43BC0125AC-->  <AD_COLUMN_ID><![CDATA[220]]></AD_COLUMN_ID>
<!--7CEAEA8FE44E40DDA1D2FD43BC0125AC-->  <ISEXCLUDED><![CDATA[Y]]></ISEXCLUDED>
<!--7CEAEA8FE44E40DDA1D2FD43BC0125AC-->  <AD_MODULE_ID><![CDATA[A918E3331C404B889D69AA9BFAFB23AC]]></AD_MODULE_ID>
<!--7CEAEA8FE44E40DDA1D2FD43BC0125AC--></AD_DATASET_COLUMN>

<!--FF8080812E70A943012E70ADA39F0010--><AD_DATASET_COLUMN>
<!--FF8080812E70A943012E70ADA39F0010-->  <AD_DATASET_COLUMN_ID><![CDATA[FF8080812E70A943012E70ADA39F0010]]></AD_DATASET_COLUMN_ID>
<!--FF8080812E70A943012E70ADA39F0010-->  <AD_CLIENT_ID><![CDATA[0]]></AD_CLIENT_ID>
<!--FF8080812E70A943012E70ADA39F0010-->  <AD_ORG_ID><![CDATA[0]]></AD_ORG_ID>
<!--FF8080812E70A943012E70ADA39F0010-->  <ISACTIVE><![CDATA[Y]]></ISACTIVE>
<!--FF8080812E70A943012E70ADA39F0010-->  <AD_DATASET_TABLE_ID><![CDATA[E63B01BB3FCA41A28D9161816F13A83B]]></AD_DATASET_TABLE_ID>
<!--FF8080812E70A943012E70ADA39F0010-->  <AD_COLUMN_ID><![CDATA[223]]></AD_COLUMN_ID>
<!--FF8080812E70A943012E70ADA39F0010-->  <ISEXCLUDED><![CDATA[Y]]></ISEXCLUDED>
<!--FF8080812E70A943012E70ADA39F0010-->  <AD_MODULE_ID><![CDATA[A918E3331C404B889D69AA9BFAFB23AC]]></AD_MODULE_ID>
<!--FF8080812E70A943012E70ADA39F0010--></AD_DATASET_COLUMN>

<!--FF8080812E70A943012E70B28DAE0015--><AD_DATASET_COLUMN>
<!--FF8080812E70A943012E70B28DAE0015-->  <AD_DATASET_COLUMN_ID><![CDATA[FF8080812E70A943012E70B28DAE0015]]></AD_DATASET_COLUMN_ID>
<!--FF8080812E70A943012E70B28DAE0015-->  <AD_CLIENT_ID><![CDATA[0]]></AD_CLIENT_ID>
<!--FF8080812E70A943012E70B28DAE0015-->  <AD_ORG_ID><![CDATA[0]]></AD_ORG_ID>
<!--FF8080812E70A943012E70B28DAE0015-->  <ISACTIVE><![CDATA[Y]]></ISACTIVE>
<!--FF8080812E70A943012E70B28DAE0015-->  <AD_DATASET_TABLE_ID><![CDATA[E63B01BB3FCA41A28D9161816F13A83B]]></AD_DATASET_TABLE_ID>
<!--FF8080812E70A943012E70B28DAE0015-->  <AD_COLUMN_ID><![CDATA[224]]></AD_COLUMN_ID>
<!--FF8080812E70A943012E70B28DAE0015-->  <ISEXCLUDED><![CDATA[Y]]></ISEXCLUDED>
<!--FF8080812E70A943012E70B28DAE0015-->  <AD_MODULE_ID><![CDATA[A918E3331C404B889D69AA9BFAFB23AC]]></AD_MODULE_ID>
<!--FF8080812E70A943012E70B28DAE0015--></AD_DATASET_COLUMN>

</data>
