<?xml version='1.0' encoding='UTF-8'?>
<data>
<!--51A924C9C4DA49E3B966CA87C5891637--><AD_DATASET_TABLE>
<!--51A924C9C4DA49E3B966CA87C5891637-->  <AD_DATASET_TABLE_ID><![CDATA[51A924C9C4DA49E3B966CA87C5891637]]></AD_DATASET_TABLE_ID>
<!--51A924C9C4DA49E3B966CA87C5891637-->  <AD_CLIENT_ID><![CDATA[0]]></AD_CLIENT_ID>
<!--51A924C9C4DA49E3B966CA87C5891637-->  <AD_ORG_ID><![CDATA[0]]></AD_ORG_ID>
<!--51A924C9C4DA49E3B966CA87C5891637-->  <ISACTIVE><![CDATA[Y]]></ISACTIVE>
<!--51A924C9C4DA49E3B966CA87C5891637-->  <AD_DATASET_ID><![CDATA[77DDF830057A4613A803CEBD1634D743]]></AD_DATASET_ID>
<!--51A924C9C4DA49E3B966CA87C5891637-->  <AD_TABLE_ID><![CDATA[217]]></AD_TABLE_ID>
<!--51A924C9C4DA49E3B966CA87C5891637-->  <INCLUDEALLCOLUMNS><![CDATA[Y]]></INCLUDEALLCOLUMNS>
<!--51A924C9C4DA49E3B966CA87C5891637-->  <WHERECLAUSE><![CDATA[documentCategory in ('FAT', 'REC', 'BSF', 'APPP')]]></WHERECLAUSE>
<!--51A924C9C4DA49E3B966CA87C5891637-->  <EXCLUDEAUDITINFO><![CDATA[Y]]></EXCLUDEAUDITINFO>
<!--51A924C9C4DA49E3B966CA87C5891637-->  <ISBUSINESSOBJECT><![CDATA[N]]></ISBUSINESSOBJECT>
<!--51A924C9C4DA49E3B966CA87C5891637-->  <AD_MODULE_ID><![CDATA[A918E3331C404B889D69AA9BFAFB23AC]]></AD_MODULE_ID>
<!--51A924C9C4DA49E3B966CA87C5891637--></AD_DATASET_TABLE>

<!--742274C412E94E0A8230157F796F941B--><AD_DATASET_TABLE>
<!--742274C412E94E0A8230157F796F941B-->  <AD_DATASET_TABLE_ID><![CDATA[742274C412E94E0A8230157F796F941B]]></AD_DATASET_TABLE_ID>
<!--742274C412E94E0A8230157F796F941B-->  <AD_CLIENT_ID><![CDATA[0]]></AD_CLIENT_ID>
<!--742274C412E94E0A8230157F796F941B-->  <AD_ORG_ID><![CDATA[0]]></AD_ORG_ID>
<!--742274C412E94E0A8230157F796F941B-->  <ISACTIVE><![CDATA[Y]]></ISACTIVE>
<!--742274C412E94E0A8230157F796F941B-->  <AD_DATASET_ID><![CDATA[66424B7981EE437A9DDA242D36DDE42B]]></AD_DATASET_ID>
<!--742274C412E94E0A8230157F796F941B-->  <AD_TABLE_ID><![CDATA[BC14382F18E5471694063D1D35C5C3D4]]></AD_TABLE_ID>
<!--742274C412E94E0A8230157F796F941B-->  <INCLUDEALLCOLUMNS><![CDATA[Y]]></INCLUDEALLCOLUMNS>
<!--742274C412E94E0A8230157F796F941B-->  <EXCLUDEAUDITINFO><![CDATA[Y]]></EXCLUDEAUDITINFO>
<!--742274C412E94E0A8230157F796F941B-->  <ISBUSINESSOBJECT><![CDATA[Y]]></ISBUSINESSOBJECT>
<!--742274C412E94E0A8230157F796F941B-->  <AD_MODULE_ID><![CDATA[A918E3331C404B889D69AA9BFAFB23AC]]></AD_MODULE_ID>
<!--742274C412E94E0A8230157F796F941B--></AD_DATASET_TABLE>

<!--AFB8F480AC7847CB80A125DC103D9EF9--><AD_DATASET_TABLE>
<!--AFB8F480AC7847CB80A125DC103D9EF9-->  <AD_DATASET_TABLE_ID><![CDATA[AFB8F480AC7847CB80A125DC103D9EF9]]></AD_DATASET_TABLE_ID>
<!--AFB8F480AC7847CB80A125DC103D9EF9-->  <AD_CLIENT_ID><![CDATA[0]]></AD_CLIENT_ID>
<!--AFB8F480AC7847CB80A125DC103D9EF9-->  <AD_ORG_ID><![CDATA[0]]></AD_ORG_ID>
<!--AFB8F480AC7847CB80A125DC103D9EF9-->  <ISACTIVE><![CDATA[Y]]></ISACTIVE>
<!--AFB8F480AC7847CB80A125DC103D9EF9-->  <AD_DATASET_ID><![CDATA[8A7509A2F64B4257B8DF54C37425B307]]></AD_DATASET_ID>
<!--AFB8F480AC7847CB80A125DC103D9EF9-->  <AD_TABLE_ID><![CDATA[8EABE4230116400FA30CAF1A57BBC579]]></AD_TABLE_ID>
<!--AFB8F480AC7847CB80A125DC103D9EF9-->  <INCLUDEALLCOLUMNS><![CDATA[Y]]></INCLUDEALLCOLUMNS>
<!--AFB8F480AC7847CB80A125DC103D9EF9-->  <EXCLUDEAUDITINFO><![CDATA[Y]]></EXCLUDEAUDITINFO>
<!--AFB8F480AC7847CB80A125DC103D9EF9-->  <ISBUSINESSOBJECT><![CDATA[N]]></ISBUSINESSOBJECT>
<!--AFB8F480AC7847CB80A125DC103D9EF9-->  <AD_MODULE_ID><![CDATA[A918E3331C404B889D69AA9BFAFB23AC]]></AD_MODULE_ID>
<!--AFB8F480AC7847CB80A125DC103D9EF9--></AD_DATASET_TABLE>

<!--B93033B9AB17405D84BCCBAD96FAC7E3--><AD_DATASET_TABLE>
<!--B93033B9AB17405D84BCCBAD96FAC7E3-->  <AD_DATASET_TABLE_ID><![CDATA[B93033B9AB17405D84BCCBAD96FAC7E3]]></AD_DATASET_TABLE_ID>
<!--B93033B9AB17405D84BCCBAD96FAC7E3-->  <AD_CLIENT_ID><![CDATA[0]]></AD_CLIENT_ID>
<!--B93033B9AB17405D84BCCBAD96FAC7E3-->  <AD_ORG_ID><![CDATA[0]]></AD_ORG_ID>
<!--B93033B9AB17405D84BCCBAD96FAC7E3-->  <ISACTIVE><![CDATA[Y]]></ISACTIVE>
<!--B93033B9AB17405D84BCCBAD96FAC7E3-->  <AD_DATASET_ID><![CDATA[77DDF830057A4613A803CEBD1634D743]]></AD_DATASET_ID>
<!--B93033B9AB17405D84BCCBAD96FAC7E3-->  <AD_TABLE_ID><![CDATA[218]]></AD_TABLE_ID>
<!--B93033B9AB17405D84BCCBAD96FAC7E3-->  <INCLUDEALLCOLUMNS><![CDATA[Y]]></INCLUDEALLCOLUMNS>
<!--B93033B9AB17405D84BCCBAD96FAC7E3-->  <WHERECLAUSE><![CDATA[name = 'Financial']]></WHERECLAUSE>
<!--B93033B9AB17405D84BCCBAD96FAC7E3-->  <EXCLUDEAUDITINFO><![CDATA[Y]]></EXCLUDEAUDITINFO>
<!--B93033B9AB17405D84BCCBAD96FAC7E3-->  <ISBUSINESSOBJECT><![CDATA[Y]]></ISBUSINESSOBJECT>
<!--B93033B9AB17405D84BCCBAD96FAC7E3-->  <AD_MODULE_ID><![CDATA[A918E3331C404B889D69AA9BFAFB23AC]]></AD_MODULE_ID>
<!--B93033B9AB17405D84BCCBAD96FAC7E3--></AD_DATASET_TABLE>

<!--E63B01BB3FCA41A28D9161816F13A83B--><AD_DATASET_TABLE>
<!--E63B01BB3FCA41A28D9161816F13A83B-->  <AD_DATASET_TABLE_ID><![CDATA[E63B01BB3FCA41A28D9161816F13A83B]]></AD_DATASET_TABLE_ID>
<!--E63B01BB3FCA41A28D9161816F13A83B-->  <AD_CLIENT_ID><![CDATA[0]]></AD_CLIENT_ID>
<!--E63B01BB3FCA41A28D9161816F13A83B-->  <AD_ORG_ID><![CDATA[0]]></AD_ORG_ID>
<!--E63B01BB3FCA41A28D9161816F13A83B-->  <ISACTIVE><![CDATA[Y]]></ISACTIVE>
<!--E63B01BB3FCA41A28D9161816F13A83B-->  <AD_DATASET_ID><![CDATA[77DDF830057A4613A803CEBD1634D743]]></AD_DATASET_ID>
<!--E63B01BB3FCA41A28D9161816F13A83B-->  <AD_TABLE_ID><![CDATA[115]]></AD_TABLE_ID>
<!--E63B01BB3FCA41A28D9161816F13A83B-->  <INCLUDEALLCOLUMNS><![CDATA[Y]]></INCLUDEALLCOLUMNS>
<!--E63B01BB3FCA41A28D9161816F13A83B-->  <WHERECLAUSE><![CDATA[id in (select d.documentSequence.id from DocumentType d where d.documentCategory in ('FAT', 'REC', 'BSF', 'APPP'))]]></WHERECLAUSE>
<!--E63B01BB3FCA41A28D9161816F13A83B-->  <EXCLUDEAUDITINFO><![CDATA[Y]]></EXCLUDEAUDITINFO>
<!--E63B01BB3FCA41A28D9161816F13A83B-->  <ISBUSINESSOBJECT><![CDATA[N]]></ISBUSINESSOBJECT>
<!--E63B01BB3FCA41A28D9161816F13A83B-->  <AD_MODULE_ID><![CDATA[A918E3331C404B889D69AA9BFAFB23AC]]></AD_MODULE_ID>
<!--E63B01BB3FCA41A28D9161816F13A83B--></AD_DATASET_TABLE>

</data>
