<?xml version='1.0' encoding='UTF-8'?>
<data>
<!--66424B7981EE437A9DDA242D36DDE42B--><AD_DATASET>
<!--66424B7981EE437A9DDA242D36DDE42B-->  <AD_DATASET_ID><![CDATA[66424B7981EE437A9DDA242D36DDE42B]]></AD_DATASET_ID>
<!--66424B7981EE437A9DDA242D36DDE42B-->  <AD_CLIENT_ID><![CDATA[0]]></AD_CLIENT_ID>
<!--66424B7981EE437A9DDA242D36DDE42B-->  <AD_ORG_ID><![CDATA[0]]></AD_ORG_ID>
<!--66424B7981EE437A9DDA242D36DDE42B-->  <ISACTIVE><![CDATA[Y]]></ISACTIVE>
<!--66424B7981EE437A9DDA242D36DDE42B-->  <VALUE><![CDATA[APRM_ExecutionProcess]]></VALUE>
<!--66424B7981EE437A9DDA242D36DDE42B-->  <NAME><![CDATA[Execution Process]]></NAME>
<!--66424B7981EE437A9DDA242D36DDE42B-->  <DESCRIPTION><![CDATA[Set of Execution Processes]]></DESCRIPTION>
<!--66424B7981EE437A9DDA242D36DDE42B-->  <AD_MODULE_ID><![CDATA[A918E3331C404B889D69AA9BFAFB23AC]]></AD_MODULE_ID>
<!--66424B7981EE437A9DDA242D36DDE42B-->  <EXPORT><![CDATA[N]]></EXPORT>
<!--66424B7981EE437A9DDA242D36DDE42B-->  <ACCESSLEVEL><![CDATA[3]]></ACCESSLEVEL>
<!--66424B7981EE437A9DDA242D36DDE42B-->  <EXPORTALLOWED><![CDATA[Y]]></EXPORTALLOWED>
<!--66424B7981EE437A9DDA242D36DDE42B-->  <CHECKSUM><![CDATA[128694322567591023004870814311086611717]]></CHECKSUM>
<!--66424B7981EE437A9DDA242D36DDE42B-->  <ISDEFAULTVALUESDATASET><![CDATA[N]]></ISDEFAULTVALUESDATASET>
<!--66424B7981EE437A9DDA242D36DDE42B--></AD_DATASET>

<!--77DDF830057A4613A803CEBD1634D743--><AD_DATASET>
<!--77DDF830057A4613A803CEBD1634D743-->  <AD_DATASET_ID><![CDATA[77DDF830057A4613A803CEBD1634D743]]></AD_DATASET_ID>
<!--77DDF830057A4613A803CEBD1634D743-->  <AD_CLIENT_ID><![CDATA[0]]></AD_CLIENT_ID>
<!--77DDF830057A4613A803CEBD1634D743-->  <AD_ORG_ID><![CDATA[0]]></AD_ORG_ID>
<!--77DDF830057A4613A803CEBD1634D743-->  <ISACTIVE><![CDATA[Y]]></ISACTIVE>
<!--77DDF830057A4613A803CEBD1634D743-->  <VALUE><![CDATA[APRM_DocumentTypes]]></VALUE>
<!--77DDF830057A4613A803CEBD1634D743-->  <NAME><![CDATA[Document types]]></NAME>
<!--77DDF830057A4613A803CEBD1634D743-->  <DESCRIPTION><![CDATA[Set of docuemnt types for advance receivables and payables]]></DESCRIPTION>
<!--77DDF830057A4613A803CEBD1634D743-->  <AD_MODULE_ID><![CDATA[A918E3331C404B889D69AA9BFAFB23AC]]></AD_MODULE_ID>
<!--77DDF830057A4613A803CEBD1634D743-->  <EXPORT><![CDATA[N]]></EXPORT>
<!--77DDF830057A4613A803CEBD1634D743-->  <ACCESSLEVEL><![CDATA[3]]></ACCESSLEVEL>
<!--77DDF830057A4613A803CEBD1634D743-->  <EXPORTALLOWED><![CDATA[Y]]></EXPORTALLOWED>
<!--77DDF830057A4613A803CEBD1634D743-->  <CHECKSUM><![CDATA[150513565400800394543833512211019964966]]></CHECKSUM>
<!--77DDF830057A4613A803CEBD1634D743-->  <ISDEFAULTVALUESDATASET><![CDATA[N]]></ISDEFAULTVALUESDATASET>
<!--77DDF830057A4613A803CEBD1634D743--></AD_DATASET>

<!--8A7509A2F64B4257B8DF54C37425B307--><AD_DATASET>
<!--8A7509A2F64B4257B8DF54C37425B307-->  <AD_DATASET_ID><![CDATA[8A7509A2F64B4257B8DF54C37425B307]]></AD_DATASET_ID>
<!--8A7509A2F64B4257B8DF54C37425B307-->  <AD_CLIENT_ID><![CDATA[0]]></AD_CLIENT_ID>
<!--8A7509A2F64B4257B8DF54C37425B307-->  <AD_ORG_ID><![CDATA[0]]></AD_ORG_ID>
<!--8A7509A2F64B4257B8DF54C37425B307-->  <ISACTIVE><![CDATA[Y]]></ISACTIVE>
<!--8A7509A2F64B4257B8DF54C37425B307-->  <VALUE><![CDATA[APRM_StarndardAlgorithm]]></VALUE>
<!--8A7509A2F64B4257B8DF54C37425B307-->  <NAME><![CDATA[Standard Algorithm]]></NAME>
<!--8A7509A2F64B4257B8DF54C37425B307-->  <DESCRIPTION><![CDATA[Standard Algorithm for matching using bank statement]]></DESCRIPTION>
<!--8A7509A2F64B4257B8DF54C37425B307-->  <AD_MODULE_ID><![CDATA[A918E3331C404B889D69AA9BFAFB23AC]]></AD_MODULE_ID>
<!--8A7509A2F64B4257B8DF54C37425B307-->  <EXPORT><![CDATA[N]]></EXPORT>
<!--8A7509A2F64B4257B8DF54C37425B307-->  <ACCESSLEVEL><![CDATA[3]]></ACCESSLEVEL>
<!--8A7509A2F64B4257B8DF54C37425B307-->  <EXPORTALLOWED><![CDATA[Y]]></EXPORTALLOWED>
<!--8A7509A2F64B4257B8DF54C37425B307-->  <CHECKSUM><![CDATA[199569570667128490006795792717386225677]]></CHECKSUM>
<!--8A7509A2F64B4257B8DF54C37425B307-->  <ISDEFAULTVALUESDATASET><![CDATA[N]]></ISDEFAULTVALUESDATASET>
<!--8A7509A2F64B4257B8DF54C37425B307--></AD_DATASET>

</data>
