<?xml version='1.0' encoding='UTF-8'?>
<data>
<!--085572AE363342A9B5D10CB91F146217--><AD_EP_PROCEDURES>
<!--085572AE363342A9B5D10CB91F146217-->  <AD_EP_PROCEDURES_ID><![CDATA[085572AE363342A9B5D10CB91F146217]]></AD_EP_PROCEDURES_ID>
<!--085572AE363342A9B5D10CB91F146217-->  <AD_CLIENT_ID><![CDATA[0]]></AD_CLIENT_ID>
<!--085572AE363342A9B5D10CB91F146217-->  <AD_ORG_ID><![CDATA[0]]></AD_ORG_ID>
<!--085572AE363342A9B5D10CB91F146217-->  <ISACTIVE><![CDATA[Y]]></ISACTIVE>
<!--085572AE363342A9B5D10CB91F146217-->  <AD_EXTENSION_POINTS_ID><![CDATA[CBE7DD2E561E4D3D8257ECEA5F19687F]]></AD_EXTENSION_POINTS_ID>
<!--085572AE363342A9B5D10CB91F146217-->  <PROCEDURENAME><![CDATA[APRM_GEN_PAYMENTSCHEDULE_INV]]></PROCEDURENAME>
<!--085572AE363342A9B5D10CB91F146217-->  <AD_MODULE_ID><![CDATA[A918E3331C404B889D69AA9BFAFB23AC]]></AD_MODULE_ID>
<!--085572AE363342A9B5D10CB91F146217--></AD_EP_PROCEDURES>

<!--ABE5D4CC54CB4A27867DDFF0720C338F--><AD_EP_PROCEDURES>
<!--ABE5D4CC54CB4A27867DDFF0720C338F-->  <AD_EP_PROCEDURES_ID><![CDATA[ABE5D4CC54CB4A27867DDFF0720C338F]]></AD_EP_PROCEDURES_ID>
<!--ABE5D4CC54CB4A27867DDFF0720C338F-->  <AD_CLIENT_ID><![CDATA[0]]></AD_CLIENT_ID>
<!--ABE5D4CC54CB4A27867DDFF0720C338F-->  <AD_ORG_ID><![CDATA[0]]></AD_ORG_ID>
<!--ABE5D4CC54CB4A27867DDFF0720C338F-->  <ISACTIVE><![CDATA[Y]]></ISACTIVE>
<!--ABE5D4CC54CB4A27867DDFF0720C338F-->  <AD_EXTENSION_POINTS_ID><![CDATA[2166B73BAD34456CBABCDFE243A5FBCA]]></AD_EXTENSION_POINTS_ID>
<!--ABE5D4CC54CB4A27867DDFF0720C338F-->  <PROCEDURENAME><![CDATA[APRM_TAX_PAYMENT]]></PROCEDURENAME>
<!--ABE5D4CC54CB4A27867DDFF0720C338F-->  <AD_MODULE_ID><![CDATA[A918E3331C404B889D69AA9BFAFB23AC]]></AD_MODULE_ID>
<!--ABE5D4CC54CB4A27867DDFF0720C338F--></AD_EP_PROCEDURES>

<!--E7D138940ABF4EC7B0C3DAF79FE52550--><AD_EP_PROCEDURES>
<!--E7D138940ABF4EC7B0C3DAF79FE52550-->  <AD_EP_PROCEDURES_ID><![CDATA[E7D138940ABF4EC7B0C3DAF79FE52550]]></AD_EP_PROCEDURES_ID>
<!--E7D138940ABF4EC7B0C3DAF79FE52550-->  <AD_CLIENT_ID><![CDATA[0]]></AD_CLIENT_ID>
<!--E7D138940ABF4EC7B0C3DAF79FE52550-->  <AD_ORG_ID><![CDATA[0]]></AD_ORG_ID>
<!--E7D138940ABF4EC7B0C3DAF79FE52550-->  <ISACTIVE><![CDATA[Y]]></ISACTIVE>
<!--E7D138940ABF4EC7B0C3DAF79FE52550-->  <AD_EXTENSION_POINTS_ID><![CDATA[CB68FC0E8A4547D9943C785761977E77]]></AD_EXTENSION_POINTS_ID>
<!--E7D138940ABF4EC7B0C3DAF79FE52550-->  <PROCEDURENAME><![CDATA[APRM_GEN_PAYMENTSCHEDULE_ORD]]></PROCEDURENAME>
<!--E7D138940ABF4EC7B0C3DAF79FE52550-->  <AD_MODULE_ID><![CDATA[A918E3331C404B889D69AA9BFAFB23AC]]></AD_MODULE_ID>
<!--E7D138940ABF4EC7B0C3DAF79FE52550--></AD_EP_PROCEDURES>

</data>
