<?xml version='1.0' encoding='UTF-8'?>
<data>
<!--4201E189318E443297F6B23F03CABB9D--><AD_FORM>
<!--4201E189318E443297F6B23F03CABB9D-->  <AD_FORM_ID><![CDATA[4201E189318E443297F6B23F03CABB9D]]></AD_FORM_ID>
<!--4201E189318E443297F6B23F03CABB9D-->  <AD_CLIENT_ID><![CDATA[0]]></AD_CLIENT_ID>
<!--4201E189318E443297F6B23F03CABB9D-->  <AD_ORG_ID><![CDATA[0]]></AD_ORG_ID>
<!--4201E189318E443297F6B23F03CABB9D-->  <ISACTIVE><![CDATA[Y]]></ISACTIVE>
<!--4201E189318E443297F6B23F03CABB9D-->  <NAME><![CDATA[AccountTransactions]]></NAME>
<!--4201E189318E443297F6B23F03CABB9D-->  <DESCRIPTION><![CDATA[Transactions associated with the Financial Account]]></DESCRIPTION>
<!--4201E189318E443297F6B23F03CABB9D-->  <ACCESSLEVEL><![CDATA[3]]></ACCESSLEVEL>
<!--4201E189318E443297F6B23F03CABB9D-->  <CLASSNAME><![CDATA[org.openbravo.advpaymentmngt.ad_forms.Transactions]]></CLASSNAME>
<!--4201E189318E443297F6B23F03CABB9D-->  <AD_MODULE_ID><![CDATA[A918E3331C404B889D69AA9BFAFB23AC]]></AD_MODULE_ID>
<!--4201E189318E443297F6B23F03CABB9D-->  <ISADVANCEDFEATURE><![CDATA[N]]></ISADVANCEDFEATURE>
<!--4201E189318E443297F6B23F03CABB9D--></AD_FORM>

<!--FE9623C32FE749DD803ED7C64CCD7405--><AD_FORM>
<!--FE9623C32FE749DD803ED7C64CCD7405-->  <AD_FORM_ID><![CDATA[FE9623C32FE749DD803ED7C64CCD7405]]></AD_FORM_ID>
<!--FE9623C32FE749DD803ED7C64CCD7405-->  <AD_CLIENT_ID><![CDATA[0]]></AD_CLIENT_ID>
<!--FE9623C32FE749DD803ED7C64CCD7405-->  <AD_ORG_ID><![CDATA[0]]></AD_ORG_ID>
<!--FE9623C32FE749DD803ED7C64CCD7405-->  <ISACTIVE><![CDATA[Y]]></ISACTIVE>
<!--FE9623C32FE749DD803ED7C64CCD7405-->  <NAME><![CDATA[Payment Execution]]></NAME>
<!--FE9623C32FE749DD803ED7C64CCD7405-->  <DESCRIPTION><![CDATA[This window allows payment execution management for payments in status "awaiting execution".]]></DESCRIPTION>
<!--FE9623C32FE749DD803ED7C64CCD7405-->  <HELP><![CDATA[Payment Execution form allows to massively execute deferred payments in an "Awaiting Execution" status.]]></HELP>
<!--FE9623C32FE749DD803ED7C64CCD7405-->  <ACCESSLEVEL><![CDATA[3]]></ACCESSLEVEL>
<!--FE9623C32FE749DD803ED7C64CCD7405-->  <CLASSNAME><![CDATA[org.openbravo.advpaymentmngt.ad_forms.BatchPaymentExecution]]></CLASSNAME>
<!--FE9623C32FE749DD803ED7C64CCD7405-->  <AD_MODULE_ID><![CDATA[A918E3331C404B889D69AA9BFAFB23AC]]></AD_MODULE_ID>
<!--FE9623C32FE749DD803ED7C64CCD7405-->  <ISADVANCEDFEATURE><![CDATA[N]]></ISADVANCEDFEATURE>
<!--FE9623C32FE749DD803ED7C64CCD7405--></AD_FORM>

</data>
