<?xml version='1.0' encoding='UTF-8'?>
<data>
<!--0CEFFFFC4EDD46A2BDDD71F4F23EE3BE--><AD_MODULE_DBPREFIX>
<!--0CEFFFFC4EDD46A2BDDD71F4F23EE3BE-->  <AD_MODULE_DBPREFIX_ID><![CDATA[0CEFFFFC4EDD46A2BDDD71F4F23EE3BE]]></AD_MODULE_DBPREFIX_ID>
<!--0CEFFFFC4EDD46A2BDDD71F4F23EE3BE-->  <AD_CLIENT_ID><![CDATA[0]]></AD_CLIENT_ID>
<!--0CEFFFFC4EDD46A2BDDD71F4F23EE3BE-->  <AD_ORG_ID><![CDATA[0]]></AD_ORG_ID>
<!--0CEFFFFC4EDD46A2BDDD71F4F23EE3BE-->  <ISACTIVE><![CDATA[Y]]></ISACTIVE>
<!--0CEFFFFC4EDD46A2BDDD71F4F23EE3BE-->  <AD_MODULE_ID><![CDATA[A918E3331C404B889D69AA9BFAFB23AC]]></AD_MODULE_ID>
<!--0CEFFFFC4EDD46A2BDDD71F4F23EE3BE-->  <NAME><![CDATA[APRM]]></NAME>
<!--0CEFFFFC4EDD46A2BDDD71F4F23EE3BE--></AD_MODULE_DBPREFIX>

</data>
