<?xml version='1.0' encoding='UTF-8'?>
<data>
<!--0F3F7B9BC1054B3BAEFC8BC44C55ADF9--><AD_MODEL_OBJECT>
<!--0F3F7B9BC1054B3BAEFC8BC44C55ADF9-->  <AD_MODEL_OBJECT_ID><![CDATA[0F3F7B9BC1054B3BAEFC8BC44C55ADF9]]></AD_MODEL_OBJECT_ID>
<!--0F3F7B9BC1054B3BAEFC8BC44C55ADF9-->  <AD_CLIENT_ID><![CDATA[0]]></AD_CLIENT_ID>
<!--0F3F7B9BC1054B3BAEFC8BC44C55ADF9-->  <AD_ORG_ID><![CDATA[0]]></AD_ORG_ID>
<!--0F3F7B9BC1054B3BAEFC8BC44C55ADF9-->  <ISACTIVE><![CDATA[Y]]></ISACTIVE>
<!--0F3F7B9BC1054B3BAEFC8BC44C55ADF9-->  <ACTION><![CDATA[P]]></ACTION>
<!--0F3F7B9BC1054B3BAEFC8BC44C55ADF9-->  <CLASSNAME><![CDATA[org.openbravo.advpaymentmngt.ad_actionbutton.SelectExpectedPayments]]></CLASSNAME>
<!--0F3F7B9BC1054B3BAEFC8BC44C55ADF9-->  <ISDEFAULT><![CDATA[Y]]></ISDEFAULT>
<!--0F3F7B9BC1054B3BAEFC8BC44C55ADF9-->  <AD_PROCESS_ID><![CDATA[62E6270312534380B9A8BDF603CA8FBB]]></AD_PROCESS_ID>
<!--0F3F7B9BC1054B3BAEFC8BC44C55ADF9-->  <OBJECT_TYPE><![CDATA[S]]></OBJECT_TYPE>
<!--0F3F7B9BC1054B3BAEFC8BC44C55ADF9--></AD_MODEL_OBJECT>

<!--34307064C7DD4040BC9285E723FE3DC5--><AD_MODEL_OBJECT>
<!--34307064C7DD4040BC9285E723FE3DC5-->  <AD_MODEL_OBJECT_ID><![CDATA[34307064C7DD4040BC9285E723FE3DC5]]></AD_MODEL_OBJECT_ID>
<!--34307064C7DD4040BC9285E723FE3DC5-->  <AD_CLIENT_ID><![CDATA[0]]></AD_CLIENT_ID>
<!--34307064C7DD4040BC9285E723FE3DC5-->  <AD_ORG_ID><![CDATA[0]]></AD_ORG_ID>
<!--34307064C7DD4040BC9285E723FE3DC5-->  <ISACTIVE><![CDATA[Y]]></ISACTIVE>
<!--34307064C7DD4040BC9285E723FE3DC5-->  <ACTION><![CDATA[P]]></ACTION>
<!--34307064C7DD4040BC9285E723FE3DC5-->  <CLASSNAME><![CDATA[org.openbravo.advpaymentmngt.ad_actionbutton.ExecutePayments]]></CLASSNAME>
<!--34307064C7DD4040BC9285E723FE3DC5-->  <ISDEFAULT><![CDATA[Y]]></ISDEFAULT>
<!--34307064C7DD4040BC9285E723FE3DC5-->  <AD_PROCESS_ID><![CDATA[E011F492B0814A74B63CD1F3B9FF0526]]></AD_PROCESS_ID>
<!--34307064C7DD4040BC9285E723FE3DC5-->  <OBJECT_TYPE><![CDATA[S]]></OBJECT_TYPE>
<!--34307064C7DD4040BC9285E723FE3DC5--></AD_MODEL_OBJECT>

<!--3E8AA61941634BBE8584C98881DF76D0--><AD_MODEL_OBJECT>
<!--3E8AA61941634BBE8584C98881DF76D0-->  <AD_MODEL_OBJECT_ID><![CDATA[3E8AA61941634BBE8584C98881DF76D0]]></AD_MODEL_OBJECT_ID>
<!--3E8AA61941634BBE8584C98881DF76D0-->  <AD_CLIENT_ID><![CDATA[0]]></AD_CLIENT_ID>
<!--3E8AA61941634BBE8584C98881DF76D0-->  <AD_ORG_ID><![CDATA[0]]></AD_ORG_ID>
<!--3E8AA61941634BBE8584C98881DF76D0-->  <ISACTIVE><![CDATA[Y]]></ISACTIVE>
<!--3E8AA61941634BBE8584C98881DF76D0-->  <ACTION><![CDATA[X]]></ACTION>
<!--3E8AA61941634BBE8584C98881DF76D0-->  <CLASSNAME><![CDATA[org.openbravo.advpaymentmngt.ad_forms.Transactions]]></CLASSNAME>
<!--3E8AA61941634BBE8584C98881DF76D0-->  <ISDEFAULT><![CDATA[Y]]></ISDEFAULT>
<!--3E8AA61941634BBE8584C98881DF76D0-->  <AD_FORM_ID><![CDATA[4201E189318E443297F6B23F03CABB9D]]></AD_FORM_ID>
<!--3E8AA61941634BBE8584C98881DF76D0-->  <OBJECT_TYPE><![CDATA[S]]></OBJECT_TYPE>
<!--3E8AA61941634BBE8584C98881DF76D0--></AD_MODEL_OBJECT>

<!--46A3E47C3F414E948988B487A85FC244--><AD_MODEL_OBJECT>
<!--46A3E47C3F414E948988B487A85FC244-->  <AD_MODEL_OBJECT_ID><![CDATA[46A3E47C3F414E948988B487A85FC244]]></AD_MODEL_OBJECT_ID>
<!--46A3E47C3F414E948988B487A85FC244-->  <AD_CLIENT_ID><![CDATA[0]]></AD_CLIENT_ID>
<!--46A3E47C3F414E948988B487A85FC244-->  <AD_ORG_ID><![CDATA[0]]></AD_ORG_ID>
<!--46A3E47C3F414E948988B487A85FC244-->  <ISACTIVE><![CDATA[Y]]></ISACTIVE>
<!--46A3E47C3F414E948988B487A85FC244-->  <ACTION><![CDATA[P]]></ACTION>
<!--46A3E47C3F414E948988B487A85FC244-->  <CLASSNAME><![CDATA[org.openbravo.advpaymentmngt.ad_actionbutton.Reconciliation]]></CLASSNAME>
<!--46A3E47C3F414E948988B487A85FC244-->  <ISDEFAULT><![CDATA[Y]]></ISDEFAULT>
<!--46A3E47C3F414E948988B487A85FC244-->  <AD_PROCESS_ID><![CDATA[EB3D56BDD37E4229B67DBAB9F9A9B167]]></AD_PROCESS_ID>
<!--46A3E47C3F414E948988B487A85FC244-->  <OBJECT_TYPE><![CDATA[S]]></OBJECT_TYPE>
<!--46A3E47C3F414E948988B487A85FC244--></AD_MODEL_OBJECT>

<!--560040FB16CB46A0ABDED8047D25D4CD--><AD_MODEL_OBJECT>
<!--560040FB16CB46A0ABDED8047D25D4CD-->  <AD_MODEL_OBJECT_ID><![CDATA[560040FB16CB46A0ABDED8047D25D4CD]]></AD_MODEL_OBJECT_ID>
<!--560040FB16CB46A0ABDED8047D25D4CD-->  <AD_CLIENT_ID><![CDATA[0]]></AD_CLIENT_ID>
<!--560040FB16CB46A0ABDED8047D25D4CD-->  <AD_ORG_ID><![CDATA[0]]></AD_ORG_ID>
<!--560040FB16CB46A0ABDED8047D25D4CD-->  <ISACTIVE><![CDATA[Y]]></ISACTIVE>
<!--560040FB16CB46A0ABDED8047D25D4CD-->  <ACTION><![CDATA[P]]></ACTION>
<!--560040FB16CB46A0ABDED8047D25D4CD-->  <CLASSNAME><![CDATA[org.openbravo.advpaymentmngt.process.FIN_BankStatementProcess]]></CLASSNAME>
<!--560040FB16CB46A0ABDED8047D25D4CD-->  <ISDEFAULT><![CDATA[Y]]></ISDEFAULT>
<!--560040FB16CB46A0ABDED8047D25D4CD-->  <AD_PROCESS_ID><![CDATA[2DDE7D3618034C38A4462B7F3456C28D]]></AD_PROCESS_ID>
<!--560040FB16CB46A0ABDED8047D25D4CD-->  <OBJECT_TYPE><![CDATA[P]]></OBJECT_TYPE>
<!--560040FB16CB46A0ABDED8047D25D4CD--></AD_MODEL_OBJECT>

<!--62CA7E15A1D94659808D715D1A6D65F9--><AD_MODEL_OBJECT>
<!--62CA7E15A1D94659808D715D1A6D65F9-->  <AD_MODEL_OBJECT_ID><![CDATA[62CA7E15A1D94659808D715D1A6D65F9]]></AD_MODEL_OBJECT_ID>
<!--62CA7E15A1D94659808D715D1A6D65F9-->  <AD_CLIENT_ID><![CDATA[0]]></AD_CLIENT_ID>
<!--62CA7E15A1D94659808D715D1A6D65F9-->  <AD_ORG_ID><![CDATA[0]]></AD_ORG_ID>
<!--62CA7E15A1D94659808D715D1A6D65F9-->  <ISACTIVE><![CDATA[Y]]></ISACTIVE>
<!--62CA7E15A1D94659808D715D1A6D65F9-->  <ACTION><![CDATA[P]]></ACTION>
<!--62CA7E15A1D94659808D715D1A6D65F9-->  <CLASSNAME><![CDATA[org.openbravo.advpaymentmngt.ad_actionbutton.MatchTransaction]]></CLASSNAME>
<!--62CA7E15A1D94659808D715D1A6D65F9-->  <ISDEFAULT><![CDATA[Y]]></ISDEFAULT>
<!--62CA7E15A1D94659808D715D1A6D65F9-->  <AD_PROCESS_ID><![CDATA[19EEA22FCA464979B3ADAD3A967ADA52]]></AD_PROCESS_ID>
<!--62CA7E15A1D94659808D715D1A6D65F9-->  <OBJECT_TYPE><![CDATA[S]]></OBJECT_TYPE>
<!--62CA7E15A1D94659808D715D1A6D65F9--></AD_MODEL_OBJECT>

<!--640FC5F514AA4798B36A15D1E70335EC--><AD_MODEL_OBJECT>
<!--640FC5F514AA4798B36A15D1E70335EC-->  <AD_MODEL_OBJECT_ID><![CDATA[640FC5F514AA4798B36A15D1E70335EC]]></AD_MODEL_OBJECT_ID>
<!--640FC5F514AA4798B36A15D1E70335EC-->  <AD_CLIENT_ID><![CDATA[0]]></AD_CLIENT_ID>
<!--640FC5F514AA4798B36A15D1E70335EC-->  <AD_ORG_ID><![CDATA[0]]></AD_ORG_ID>
<!--640FC5F514AA4798B36A15D1E70335EC-->  <ISACTIVE><![CDATA[Y]]></ISACTIVE>
<!--640FC5F514AA4798B36A15D1E70335EC-->  <ACTION><![CDATA[P]]></ACTION>
<!--640FC5F514AA4798B36A15D1E70335EC-->  <CLASSNAME><![CDATA[org.openbravo.advpaymentmngt.process.FIN_ReconciliationProcess]]></CLASSNAME>
<!--640FC5F514AA4798B36A15D1E70335EC-->  <ISDEFAULT><![CDATA[Y]]></ISDEFAULT>
<!--640FC5F514AA4798B36A15D1E70335EC-->  <AD_PROCESS_ID><![CDATA[6BF16EFC772843AC9A17552AE0B26AB7]]></AD_PROCESS_ID>
<!--640FC5F514AA4798B36A15D1E70335EC-->  <OBJECT_TYPE><![CDATA[P]]></OBJECT_TYPE>
<!--640FC5F514AA4798B36A15D1E70335EC--></AD_MODEL_OBJECT>

<!--668D8470721B430687DFE2F97A75751F--><AD_MODEL_OBJECT>
<!--668D8470721B430687DFE2F97A75751F-->  <AD_MODEL_OBJECT_ID><![CDATA[668D8470721B430687DFE2F97A75751F]]></AD_MODEL_OBJECT_ID>
<!--668D8470721B430687DFE2F97A75751F-->  <AD_CLIENT_ID><![CDATA[0]]></AD_CLIENT_ID>
<!--668D8470721B430687DFE2F97A75751F-->  <AD_ORG_ID><![CDATA[0]]></AD_ORG_ID>
<!--668D8470721B430687DFE2F97A75751F-->  <ISACTIVE><![CDATA[Y]]></ISACTIVE>
<!--668D8470721B430687DFE2F97A75751F-->  <ACTION><![CDATA[P]]></ACTION>
<!--668D8470721B430687DFE2F97A75751F-->  <CLASSNAME><![CDATA[org.openbravo.advpaymentmngt.process.FIN_DoubtfulDebtProcess]]></CLASSNAME>
<!--668D8470721B430687DFE2F97A75751F-->  <ISDEFAULT><![CDATA[Y]]></ISDEFAULT>
<!--668D8470721B430687DFE2F97A75751F-->  <AD_PROCESS_ID><![CDATA[0BDC2164ED3E48539FCEF4D306F29EFD]]></AD_PROCESS_ID>
<!--668D8470721B430687DFE2F97A75751F-->  <OBJECT_TYPE><![CDATA[P]]></OBJECT_TYPE>
<!--668D8470721B430687DFE2F97A75751F--></AD_MODEL_OBJECT>

<!--733555DE925D4789BF94835D50EEEE14--><AD_MODEL_OBJECT>
<!--733555DE925D4789BF94835D50EEEE14-->  <AD_MODEL_OBJECT_ID><![CDATA[733555DE925D4789BF94835D50EEEE14]]></AD_MODEL_OBJECT_ID>
<!--733555DE925D4789BF94835D50EEEE14-->  <AD_CLIENT_ID><![CDATA[0]]></AD_CLIENT_ID>
<!--733555DE925D4789BF94835D50EEEE14-->  <AD_ORG_ID><![CDATA[0]]></AD_ORG_ID>
<!--733555DE925D4789BF94835D50EEEE14-->  <ISACTIVE><![CDATA[Y]]></ISACTIVE>
<!--733555DE925D4789BF94835D50EEEE14-->  <ACTION><![CDATA[P]]></ACTION>
<!--733555DE925D4789BF94835D50EEEE14-->  <CLASSNAME><![CDATA[org.openbravo.advpaymentmngt.process.FIN_AddPaymentFromJournal]]></CLASSNAME>
<!--733555DE925D4789BF94835D50EEEE14-->  <ISDEFAULT><![CDATA[Y]]></ISDEFAULT>
<!--733555DE925D4789BF94835D50EEEE14-->  <AD_PROCESS_ID><![CDATA[5BE14AA10165490A9ADEFB7532F7FA94]]></AD_PROCESS_ID>
<!--733555DE925D4789BF94835D50EEEE14-->  <OBJECT_TYPE><![CDATA[P]]></OBJECT_TYPE>
<!--733555DE925D4789BF94835D50EEEE14--></AD_MODEL_OBJECT>

<!--89313103AC3C4CC0BF080175CE85AEE9--><AD_MODEL_OBJECT>
<!--89313103AC3C4CC0BF080175CE85AEE9-->  <AD_MODEL_OBJECT_ID><![CDATA[89313103AC3C4CC0BF080175CE85AEE9]]></AD_MODEL_OBJECT_ID>
<!--89313103AC3C4CC0BF080175CE85AEE9-->  <AD_CLIENT_ID><![CDATA[0]]></AD_CLIENT_ID>
<!--89313103AC3C4CC0BF080175CE85AEE9-->  <AD_ORG_ID><![CDATA[0]]></AD_ORG_ID>
<!--89313103AC3C4CC0BF080175CE85AEE9-->  <ISACTIVE><![CDATA[Y]]></ISACTIVE>
<!--89313103AC3C4CC0BF080175CE85AEE9-->  <ACTION><![CDATA[P]]></ACTION>
<!--89313103AC3C4CC0BF080175CE85AEE9-->  <CLASSNAME><![CDATA[org.openbravo.advpaymentmngt.ad_actionbutton.AddTransaction]]></CLASSNAME>
<!--89313103AC3C4CC0BF080175CE85AEE9-->  <ISDEFAULT><![CDATA[Y]]></ISDEFAULT>
<!--89313103AC3C4CC0BF080175CE85AEE9-->  <AD_PROCESS_ID><![CDATA[E3E92E9F08214507958E6875E66F2F99]]></AD_PROCESS_ID>
<!--89313103AC3C4CC0BF080175CE85AEE9-->  <OBJECT_TYPE><![CDATA[S]]></OBJECT_TYPE>
<!--89313103AC3C4CC0BF080175CE85AEE9--></AD_MODEL_OBJECT>

<!--90EBD262F5AF41E4ACFFF3FD00D43F61--><AD_MODEL_OBJECT>
<!--90EBD262F5AF41E4ACFFF3FD00D43F61-->  <AD_MODEL_OBJECT_ID><![CDATA[90EBD262F5AF41E4ACFFF3FD00D43F61]]></AD_MODEL_OBJECT_ID>
<!--90EBD262F5AF41E4ACFFF3FD00D43F61-->  <AD_CLIENT_ID><![CDATA[0]]></AD_CLIENT_ID>
<!--90EBD262F5AF41E4ACFFF3FD00D43F61-->  <AD_ORG_ID><![CDATA[0]]></AD_ORG_ID>
<!--90EBD262F5AF41E4ACFFF3FD00D43F61-->  <ISACTIVE><![CDATA[Y]]></ISACTIVE>
<!--90EBD262F5AF41E4ACFFF3FD00D43F61-->  <ACTION><![CDATA[P]]></ACTION>
<!--90EBD262F5AF41E4ACFFF3FD00D43F61-->  <CLASSNAME><![CDATA[org.openbravo.advpaymentmngt.ad_reports.ReportReconciliationDetail]]></CLASSNAME>
<!--90EBD262F5AF41E4ACFFF3FD00D43F61-->  <ISDEFAULT><![CDATA[Y]]></ISDEFAULT>
<!--90EBD262F5AF41E4ACFFF3FD00D43F61-->  <AD_PROCESS_ID><![CDATA[3C4A5FB206B74C3CA9FE20116FCA0464]]></AD_PROCESS_ID>
<!--90EBD262F5AF41E4ACFFF3FD00D43F61-->  <OBJECT_TYPE><![CDATA[S]]></OBJECT_TYPE>
<!--90EBD262F5AF41E4ACFFF3FD00D43F61--></AD_MODEL_OBJECT>

<!--9313D44D9A13480388AD5A55B455EDCB--><AD_MODEL_OBJECT>
<!--9313D44D9A13480388AD5A55B455EDCB-->  <AD_MODEL_OBJECT_ID><![CDATA[9313D44D9A13480388AD5A55B455EDCB]]></AD_MODEL_OBJECT_ID>
<!--9313D44D9A13480388AD5A55B455EDCB-->  <AD_CLIENT_ID><![CDATA[0]]></AD_CLIENT_ID>
<!--9313D44D9A13480388AD5A55B455EDCB-->  <AD_ORG_ID><![CDATA[0]]></AD_ORG_ID>
<!--9313D44D9A13480388AD5A55B455EDCB-->  <ISACTIVE><![CDATA[Y]]></ISACTIVE>
<!--9313D44D9A13480388AD5A55B455EDCB-->  <ACTION><![CDATA[P]]></ACTION>
<!--9313D44D9A13480388AD5A55B455EDCB-->  <CLASSNAME><![CDATA[org.openbravo.advpaymentmngt.ad_actionbutton.AddPaymentFromTransaction]]></CLASSNAME>
<!--9313D44D9A13480388AD5A55B455EDCB-->  <ISDEFAULT><![CDATA[Y]]></ISDEFAULT>
<!--9313D44D9A13480388AD5A55B455EDCB-->  <AD_PROCESS_ID><![CDATA[4A059E4F79294640AD37B1B718C56E5D]]></AD_PROCESS_ID>
<!--9313D44D9A13480388AD5A55B455EDCB-->  <OBJECT_TYPE><![CDATA[S]]></OBJECT_TYPE>
<!--9313D44D9A13480388AD5A55B455EDCB--></AD_MODEL_OBJECT>

<!--95620B3F5CA04222A12CD446B0581DF3--><AD_MODEL_OBJECT>
<!--95620B3F5CA04222A12CD446B0581DF3-->  <AD_MODEL_OBJECT_ID><![CDATA[95620B3F5CA04222A12CD446B0581DF3]]></AD_MODEL_OBJECT_ID>
<!--95620B3F5CA04222A12CD446B0581DF3-->  <AD_CLIENT_ID><![CDATA[0]]></AD_CLIENT_ID>
<!--95620B3F5CA04222A12CD446B0581DF3-->  <AD_ORG_ID><![CDATA[0]]></AD_ORG_ID>
<!--95620B3F5CA04222A12CD446B0581DF3-->  <ISACTIVE><![CDATA[Y]]></ISACTIVE>
<!--95620B3F5CA04222A12CD446B0581DF3-->  <ACTION><![CDATA[P]]></ACTION>
<!--95620B3F5CA04222A12CD446B0581DF3-->  <CLASSNAME><![CDATA[org.openbravo.advpaymentmngt.process.FIN_BankStatementProcess]]></CLASSNAME>
<!--95620B3F5CA04222A12CD446B0581DF3-->  <ISDEFAULT><![CDATA[Y]]></ISDEFAULT>
<!--95620B3F5CA04222A12CD446B0581DF3-->  <AD_PROCESS_ID><![CDATA[58A9261BACEF45DDA526F29D8557272D]]></AD_PROCESS_ID>
<!--95620B3F5CA04222A12CD446B0581DF3-->  <OBJECT_TYPE><![CDATA[P]]></OBJECT_TYPE>
<!--95620B3F5CA04222A12CD446B0581DF3--></AD_MODEL_OBJECT>

<!--A7A562CD91CB42D9977E12B098CBC9EC--><AD_MODEL_OBJECT>
<!--A7A562CD91CB42D9977E12B098CBC9EC-->  <AD_MODEL_OBJECT_ID><![CDATA[A7A562CD91CB42D9977E12B098CBC9EC]]></AD_MODEL_OBJECT_ID>
<!--A7A562CD91CB42D9977E12B098CBC9EC-->  <AD_CLIENT_ID><![CDATA[0]]></AD_CLIENT_ID>
<!--A7A562CD91CB42D9977E12B098CBC9EC-->  <AD_ORG_ID><![CDATA[0]]></AD_ORG_ID>
<!--A7A562CD91CB42D9977E12B098CBC9EC-->  <ISACTIVE><![CDATA[Y]]></ISACTIVE>
<!--A7A562CD91CB42D9977E12B098CBC9EC-->  <ACTION><![CDATA[P]]></ACTION>
<!--A7A562CD91CB42D9977E12B098CBC9EC-->  <CLASSNAME><![CDATA[org.openbravo.advpaymentmngt.ad_actionbutton.ProcessInvoice]]></CLASSNAME>
<!--A7A562CD91CB42D9977E12B098CBC9EC-->  <ISDEFAULT><![CDATA[Y]]></ISDEFAULT>
<!--A7A562CD91CB42D9977E12B098CBC9EC-->  <AD_PROCESS_ID><![CDATA[B54318B49E984B9CB855AEFB1F474CD6]]></AD_PROCESS_ID>
<!--A7A562CD91CB42D9977E12B098CBC9EC-->  <OBJECT_TYPE><![CDATA[S]]></OBJECT_TYPE>
<!--A7A562CD91CB42D9977E12B098CBC9EC--></AD_MODEL_OBJECT>

<!--AA1C0D6D318943808A75A24F5781AEBF--><AD_MODEL_OBJECT>
<!--AA1C0D6D318943808A75A24F5781AEBF-->  <AD_MODEL_OBJECT_ID><![CDATA[AA1C0D6D318943808A75A24F5781AEBF]]></AD_MODEL_OBJECT_ID>
<!--AA1C0D6D318943808A75A24F5781AEBF-->  <AD_CLIENT_ID><![CDATA[0]]></AD_CLIENT_ID>
<!--AA1C0D6D318943808A75A24F5781AEBF-->  <AD_ORG_ID><![CDATA[0]]></AD_ORG_ID>
<!--AA1C0D6D318943808A75A24F5781AEBF-->  <ISACTIVE><![CDATA[Y]]></ISACTIVE>
<!--AA1C0D6D318943808A75A24F5781AEBF-->  <ACTION><![CDATA[P]]></ACTION>
<!--AA1C0D6D318943808A75A24F5781AEBF-->  <CLASSNAME><![CDATA[org.openbravo.advpaymentmngt.process.FIN_TransactionModify]]></CLASSNAME>
<!--AA1C0D6D318943808A75A24F5781AEBF-->  <ISDEFAULT><![CDATA[Y]]></ISDEFAULT>
<!--AA1C0D6D318943808A75A24F5781AEBF-->  <AD_PROCESS_ID><![CDATA[15C8708DFC464C2D91286E59624FDD18]]></AD_PROCESS_ID>
<!--AA1C0D6D318943808A75A24F5781AEBF-->  <OBJECT_TYPE><![CDATA[P]]></OBJECT_TYPE>
<!--AA1C0D6D318943808A75A24F5781AEBF--></AD_MODEL_OBJECT>

<!--ACF0CCE03B9648CDB143478B8DD9A8F3--><AD_MODEL_OBJECT>
<!--ACF0CCE03B9648CDB143478B8DD9A8F3-->  <AD_MODEL_OBJECT_ID><![CDATA[ACF0CCE03B9648CDB143478B8DD9A8F3]]></AD_MODEL_OBJECT_ID>
<!--ACF0CCE03B9648CDB143478B8DD9A8F3-->  <AD_CLIENT_ID><![CDATA[0]]></AD_CLIENT_ID>
<!--ACF0CCE03B9648CDB143478B8DD9A8F3-->  <AD_ORG_ID><![CDATA[0]]></AD_ORG_ID>
<!--ACF0CCE03B9648CDB143478B8DD9A8F3-->  <ISACTIVE><![CDATA[Y]]></ISACTIVE>
<!--ACF0CCE03B9648CDB143478B8DD9A8F3-->  <ACTION><![CDATA[P]]></ACTION>
<!--ACF0CCE03B9648CDB143478B8DD9A8F3-->  <CLASSNAME><![CDATA[org.openbravo.advpaymentmngt.process.FIN_DoubtfulDebtRunProcess]]></CLASSNAME>
<!--ACF0CCE03B9648CDB143478B8DD9A8F3-->  <ISDEFAULT><![CDATA[Y]]></ISDEFAULT>
<!--ACF0CCE03B9648CDB143478B8DD9A8F3-->  <AD_PROCESS_ID><![CDATA[017312F51139438A9665775E3B5392A1]]></AD_PROCESS_ID>
<!--ACF0CCE03B9648CDB143478B8DD9A8F3-->  <OBJECT_TYPE><![CDATA[P]]></OBJECT_TYPE>
<!--ACF0CCE03B9648CDB143478B8DD9A8F3--></AD_MODEL_OBJECT>

<!--B18447439CAB419395BDA44287722832--><AD_MODEL_OBJECT>
<!--B18447439CAB419395BDA44287722832-->  <AD_MODEL_OBJECT_ID><![CDATA[B18447439CAB419395BDA44287722832]]></AD_MODEL_OBJECT_ID>
<!--B18447439CAB419395BDA44287722832-->  <AD_CLIENT_ID><![CDATA[0]]></AD_CLIENT_ID>
<!--B18447439CAB419395BDA44287722832-->  <AD_ORG_ID><![CDATA[0]]></AD_ORG_ID>
<!--B18447439CAB419395BDA44287722832-->  <ISACTIVE><![CDATA[Y]]></ISACTIVE>
<!--B18447439CAB419395BDA44287722832-->  <ACTION><![CDATA[P]]></ACTION>
<!--B18447439CAB419395BDA44287722832-->  <CLASSNAME><![CDATA[org.openbravo.advpaymentmngt.process.FIN_PaymentProcess]]></CLASSNAME>
<!--B18447439CAB419395BDA44287722832-->  <ISDEFAULT><![CDATA[Y]]></ISDEFAULT>
<!--B18447439CAB419395BDA44287722832-->  <AD_PROCESS_ID><![CDATA[6255BE488882480599C81284B70CD9B3]]></AD_PROCESS_ID>
<!--B18447439CAB419395BDA44287722832-->  <OBJECT_TYPE><![CDATA[P]]></OBJECT_TYPE>
<!--B18447439CAB419395BDA44287722832--></AD_MODEL_OBJECT>

<!--C200D584303B4C9BA59CD232F16610D7--><AD_MODEL_OBJECT>
<!--C200D584303B4C9BA59CD232F16610D7-->  <AD_MODEL_OBJECT_ID><![CDATA[C200D584303B4C9BA59CD232F16610D7]]></AD_MODEL_OBJECT_ID>
<!--C200D584303B4C9BA59CD232F16610D7-->  <AD_CLIENT_ID><![CDATA[0]]></AD_CLIENT_ID>
<!--C200D584303B4C9BA59CD232F16610D7-->  <AD_ORG_ID><![CDATA[0]]></AD_ORG_ID>
<!--C200D584303B4C9BA59CD232F16610D7-->  <ISACTIVE><![CDATA[Y]]></ISACTIVE>
<!--C200D584303B4C9BA59CD232F16610D7-->  <ACTION><![CDATA[P]]></ACTION>
<!--C200D584303B4C9BA59CD232F16610D7-->  <CLASSNAME><![CDATA[org.openbravo.advpaymentmngt.ad_actionbutton.ProcessPaymentProposal]]></CLASSNAME>
<!--C200D584303B4C9BA59CD232F16610D7-->  <ISDEFAULT><![CDATA[Y]]></ISDEFAULT>
<!--C200D584303B4C9BA59CD232F16610D7-->  <AD_PROCESS_ID><![CDATA[DC23BB9234174E52879E4B21C8CD1F4B]]></AD_PROCESS_ID>
<!--C200D584303B4C9BA59CD232F16610D7-->  <OBJECT_TYPE><![CDATA[S]]></OBJECT_TYPE>
<!--C200D584303B4C9BA59CD232F16610D7--></AD_MODEL_OBJECT>

<!--D4B8EDB86914439A9E10B5D4D8372C6C--><AD_MODEL_OBJECT>
<!--D4B8EDB86914439A9E10B5D4D8372C6C-->  <AD_MODEL_OBJECT_ID><![CDATA[D4B8EDB86914439A9E10B5D4D8372C6C]]></AD_MODEL_OBJECT_ID>
<!--D4B8EDB86914439A9E10B5D4D8372C6C-->  <AD_CLIENT_ID><![CDATA[0]]></AD_CLIENT_ID>
<!--D4B8EDB86914439A9E10B5D4D8372C6C-->  <AD_ORG_ID><![CDATA[0]]></AD_ORG_ID>
<!--D4B8EDB86914439A9E10B5D4D8372C6C-->  <ISACTIVE><![CDATA[Y]]></ISACTIVE>
<!--D4B8EDB86914439A9E10B5D4D8372C6C-->  <ACTION><![CDATA[P]]></ACTION>
<!--D4B8EDB86914439A9E10B5D4D8372C6C-->  <CLASSNAME><![CDATA[org.openbravo.advpaymentmngt.process.FIN_TransactionProcess]]></CLASSNAME>
<!--D4B8EDB86914439A9E10B5D4D8372C6C-->  <ISDEFAULT><![CDATA[Y]]></ISDEFAULT>
<!--D4B8EDB86914439A9E10B5D4D8372C6C-->  <AD_PROCESS_ID><![CDATA[F68F2890E96D4D85A1DEF0274D105BCE]]></AD_PROCESS_ID>
<!--D4B8EDB86914439A9E10B5D4D8372C6C-->  <OBJECT_TYPE><![CDATA[P]]></OBJECT_TYPE>
<!--D4B8EDB86914439A9E10B5D4D8372C6C--></AD_MODEL_OBJECT>

<!--DC6F77826AD54AEF865E47C8FC356143--><AD_MODEL_OBJECT>
<!--DC6F77826AD54AEF865E47C8FC356143-->  <AD_MODEL_OBJECT_ID><![CDATA[DC6F77826AD54AEF865E47C8FC356143]]></AD_MODEL_OBJECT_ID>
<!--DC6F77826AD54AEF865E47C8FC356143-->  <AD_CLIENT_ID><![CDATA[0]]></AD_CLIENT_ID>
<!--DC6F77826AD54AEF865E47C8FC356143-->  <AD_ORG_ID><![CDATA[0]]></AD_ORG_ID>
<!--DC6F77826AD54AEF865E47C8FC356143-->  <ISACTIVE><![CDATA[Y]]></ISACTIVE>
<!--DC6F77826AD54AEF865E47C8FC356143-->  <ACTION><![CDATA[P]]></ACTION>
<!--DC6F77826AD54AEF865E47C8FC356143-->  <CLASSNAME><![CDATA[org.openbravo.advpaymentmngt.ad_actionbutton.AddOrderOrInvoice]]></CLASSNAME>
<!--DC6F77826AD54AEF865E47C8FC356143-->  <ISDEFAULT><![CDATA[Y]]></ISDEFAULT>
<!--DC6F77826AD54AEF865E47C8FC356143-->  <AD_PROCESS_ID><![CDATA[12016E2EDE0245B5A36B84CBA144DBDF]]></AD_PROCESS_ID>
<!--DC6F77826AD54AEF865E47C8FC356143-->  <OBJECT_TYPE><![CDATA[S]]></OBJECT_TYPE>
<!--DC6F77826AD54AEF865E47C8FC356143--></AD_MODEL_OBJECT>

<!--DF09705B3D7F4756A1E741FB3E73B825--><AD_MODEL_OBJECT>
<!--DF09705B3D7F4756A1E741FB3E73B825-->  <AD_MODEL_OBJECT_ID><![CDATA[DF09705B3D7F4756A1E741FB3E73B825]]></AD_MODEL_OBJECT_ID>
<!--DF09705B3D7F4756A1E741FB3E73B825-->  <AD_CLIENT_ID><![CDATA[0]]></AD_CLIENT_ID>
<!--DF09705B3D7F4756A1E741FB3E73B825-->  <AD_ORG_ID><![CDATA[0]]></AD_ORG_ID>
<!--DF09705B3D7F4756A1E741FB3E73B825-->  <ISACTIVE><![CDATA[Y]]></ISACTIVE>
<!--DF09705B3D7F4756A1E741FB3E73B825-->  <ACTION><![CDATA[P]]></ACTION>
<!--DF09705B3D7F4756A1E741FB3E73B825-->  <CLASSNAME><![CDATA[org.openbravo.advpaymentmngt.process.FIN_PaymentProcess]]></CLASSNAME>
<!--DF09705B3D7F4756A1E741FB3E73B825-->  <ISDEFAULT><![CDATA[Y]]></ISDEFAULT>
<!--DF09705B3D7F4756A1E741FB3E73B825-->  <AD_PROCESS_ID><![CDATA[29D17F515727436DBCE32BC6CA28382B]]></AD_PROCESS_ID>
<!--DF09705B3D7F4756A1E741FB3E73B825-->  <OBJECT_TYPE><![CDATA[P]]></OBJECT_TYPE>
<!--DF09705B3D7F4756A1E741FB3E73B825--></AD_MODEL_OBJECT>

<!--E711C538D5414BC6AABC2281BEA2F738--><AD_MODEL_OBJECT>
<!--E711C538D5414BC6AABC2281BEA2F738-->  <AD_MODEL_OBJECT_ID><![CDATA[E711C538D5414BC6AABC2281BEA2F738]]></AD_MODEL_OBJECT_ID>
<!--E711C538D5414BC6AABC2281BEA2F738-->  <AD_CLIENT_ID><![CDATA[0]]></AD_CLIENT_ID>
<!--E711C538D5414BC6AABC2281BEA2F738-->  <AD_ORG_ID><![CDATA[0]]></AD_ORG_ID>
<!--E711C538D5414BC6AABC2281BEA2F738-->  <ISACTIVE><![CDATA[Y]]></ISACTIVE>
<!--E711C538D5414BC6AABC2281BEA2F738-->  <ACTION><![CDATA[P]]></ACTION>
<!--E711C538D5414BC6AABC2281BEA2F738-->  <CLASSNAME><![CDATA[org.openbravo.advpaymentmngt.process.FIN_AddPaymentFromJournalLine]]></CLASSNAME>
<!--E711C538D5414BC6AABC2281BEA2F738-->  <ISDEFAULT><![CDATA[Y]]></ISDEFAULT>
<!--E711C538D5414BC6AABC2281BEA2F738-->  <AD_PROCESS_ID><![CDATA[DE1B382FDD2540199D223586F6E216D0]]></AD_PROCESS_ID>
<!--E711C538D5414BC6AABC2281BEA2F738-->  <OBJECT_TYPE><![CDATA[P]]></OBJECT_TYPE>
<!--E711C538D5414BC6AABC2281BEA2F738--></AD_MODEL_OBJECT>

<!--E7D054B44F5848B6B6FC5923EBA4E1DE--><AD_MODEL_OBJECT>
<!--E7D054B44F5848B6B6FC5923EBA4E1DE-->  <AD_MODEL_OBJECT_ID><![CDATA[E7D054B44F5848B6B6FC5923EBA4E1DE]]></AD_MODEL_OBJECT_ID>
<!--E7D054B44F5848B6B6FC5923EBA4E1DE-->  <AD_CLIENT_ID><![CDATA[0]]></AD_CLIENT_ID>
<!--E7D054B44F5848B6B6FC5923EBA4E1DE-->  <AD_ORG_ID><![CDATA[0]]></AD_ORG_ID>
<!--E7D054B44F5848B6B6FC5923EBA4E1DE-->  <ISACTIVE><![CDATA[Y]]></ISACTIVE>
<!--E7D054B44F5848B6B6FC5923EBA4E1DE-->  <ACTION><![CDATA[P]]></ACTION>
<!--E7D054B44F5848B6B6FC5923EBA4E1DE-->  <CLASSNAME><![CDATA[org.openbravo.advpaymentmngt.ad_reports.ReportReconciliationSummary]]></CLASSNAME>
<!--E7D054B44F5848B6B6FC5923EBA4E1DE-->  <ISDEFAULT><![CDATA[Y]]></ISDEFAULT>
<!--E7D054B44F5848B6B6FC5923EBA4E1DE-->  <AD_PROCESS_ID><![CDATA[BBA11D1A061346459AF6148920FE6629]]></AD_PROCESS_ID>
<!--E7D054B44F5848B6B6FC5923EBA4E1DE-->  <OBJECT_TYPE><![CDATA[S]]></OBJECT_TYPE>
<!--E7D054B44F5848B6B6FC5923EBA4E1DE--></AD_MODEL_OBJECT>

<!--EF9F7381E3984C6CB7BE705C3BAD3E6C--><AD_MODEL_OBJECT>
<!--EF9F7381E3984C6CB7BE705C3BAD3E6C-->  <AD_MODEL_OBJECT_ID><![CDATA[EF9F7381E3984C6CB7BE705C3BAD3E6C]]></AD_MODEL_OBJECT_ID>
<!--EF9F7381E3984C6CB7BE705C3BAD3E6C-->  <AD_CLIENT_ID><![CDATA[0]]></AD_CLIENT_ID>
<!--EF9F7381E3984C6CB7BE705C3BAD3E6C-->  <AD_ORG_ID><![CDATA[0]]></AD_ORG_ID>
<!--EF9F7381E3984C6CB7BE705C3BAD3E6C-->  <ISACTIVE><![CDATA[Y]]></ISACTIVE>
<!--EF9F7381E3984C6CB7BE705C3BAD3E6C-->  <ACTION><![CDATA[P]]></ACTION>
<!--EF9F7381E3984C6CB7BE705C3BAD3E6C-->  <CLASSNAME><![CDATA[org.openbravo.advpaymentmngt.ad_actionbutton.AddPaymentFromInvoice]]></CLASSNAME>
<!--EF9F7381E3984C6CB7BE705C3BAD3E6C-->  <ISDEFAULT><![CDATA[Y]]></ISDEFAULT>
<!--EF9F7381E3984C6CB7BE705C3BAD3E6C-->  <AD_PROCESS_ID><![CDATA[2EED9BC16DB34D2B80BA40A21564BECF]]></AD_PROCESS_ID>
<!--EF9F7381E3984C6CB7BE705C3BAD3E6C-->  <OBJECT_TYPE><![CDATA[S]]></OBJECT_TYPE>
<!--EF9F7381E3984C6CB7BE705C3BAD3E6C--></AD_MODEL_OBJECT>

<!--F621B518B6264CDF9285A590995013E4--><AD_MODEL_OBJECT>
<!--F621B518B6264CDF9285A590995013E4-->  <AD_MODEL_OBJECT_ID><![CDATA[F621B518B6264CDF9285A590995013E4]]></AD_MODEL_OBJECT_ID>
<!--F621B518B6264CDF9285A590995013E4-->  <AD_CLIENT_ID><![CDATA[0]]></AD_CLIENT_ID>
<!--F621B518B6264CDF9285A590995013E4-->  <AD_ORG_ID><![CDATA[0]]></AD_ORG_ID>
<!--F621B518B6264CDF9285A590995013E4-->  <ISACTIVE><![CDATA[Y]]></ISACTIVE>
<!--F621B518B6264CDF9285A590995013E4-->  <ACTION><![CDATA[P]]></ACTION>
<!--F621B518B6264CDF9285A590995013E4-->  <CLASSNAME><![CDATA[org.openbravo.advpaymentmngt.process.FIN_PaymentProposalProcess]]></CLASSNAME>
<!--F621B518B6264CDF9285A590995013E4-->  <ISDEFAULT><![CDATA[Y]]></ISDEFAULT>
<!--F621B518B6264CDF9285A590995013E4-->  <AD_PROCESS_ID><![CDATA[D16966FBF9604A3D91A50DC83C6EA8E3]]></AD_PROCESS_ID>
<!--F621B518B6264CDF9285A590995013E4-->  <OBJECT_TYPE><![CDATA[P]]></OBJECT_TYPE>
<!--F621B518B6264CDF9285A590995013E4--></AD_MODEL_OBJECT>

<!--F9CAF92FC3A84BAD8644B0006EF483FB--><AD_MODEL_OBJECT>
<!--F9CAF92FC3A84BAD8644B0006EF483FB-->  <AD_MODEL_OBJECT_ID><![CDATA[F9CAF92FC3A84BAD8644B0006EF483FB]]></AD_MODEL_OBJECT_ID>
<!--F9CAF92FC3A84BAD8644B0006EF483FB-->  <AD_CLIENT_ID><![CDATA[0]]></AD_CLIENT_ID>
<!--F9CAF92FC3A84BAD8644B0006EF483FB-->  <AD_ORG_ID><![CDATA[0]]></AD_ORG_ID>
<!--F9CAF92FC3A84BAD8644B0006EF483FB-->  <ISACTIVE><![CDATA[Y]]></ISACTIVE>
<!--F9CAF92FC3A84BAD8644B0006EF483FB-->  <ACTION><![CDATA[X]]></ACTION>
<!--F9CAF92FC3A84BAD8644B0006EF483FB-->  <CLASSNAME><![CDATA[org.openbravo.advpaymentmngt.ad_forms.BatchPaymentExecution]]></CLASSNAME>
<!--F9CAF92FC3A84BAD8644B0006EF483FB-->  <ISDEFAULT><![CDATA[Y]]></ISDEFAULT>
<!--F9CAF92FC3A84BAD8644B0006EF483FB-->  <AD_FORM_ID><![CDATA[FE9623C32FE749DD803ED7C64CCD7405]]></AD_FORM_ID>
<!--F9CAF92FC3A84BAD8644B0006EF483FB-->  <OBJECT_TYPE><![CDATA[S]]></OBJECT_TYPE>
<!--F9CAF92FC3A84BAD8644B0006EF483FB--></AD_MODEL_OBJECT>

<!--FE791E7B95E249EEB4CA21A90D5728FB--><AD_MODEL_OBJECT>
<!--FE791E7B95E249EEB4CA21A90D5728FB-->  <AD_MODEL_OBJECT_ID><![CDATA[FE791E7B95E249EEB4CA21A90D5728FB]]></AD_MODEL_OBJECT_ID>
<!--FE791E7B95E249EEB4CA21A90D5728FB-->  <AD_CLIENT_ID><![CDATA[0]]></AD_CLIENT_ID>
<!--FE791E7B95E249EEB4CA21A90D5728FB-->  <AD_ORG_ID><![CDATA[0]]></AD_ORG_ID>
<!--FE791E7B95E249EEB4CA21A90D5728FB-->  <ISACTIVE><![CDATA[Y]]></ISACTIVE>
<!--FE791E7B95E249EEB4CA21A90D5728FB-->  <ACTION><![CDATA[P]]></ACTION>
<!--FE791E7B95E249EEB4CA21A90D5728FB-->  <CLASSNAME><![CDATA[org.openbravo.advpaymentmngt.ad_actionbutton.ImportBankFile]]></CLASSNAME>
<!--FE791E7B95E249EEB4CA21A90D5728FB-->  <ISDEFAULT><![CDATA[Y]]></ISDEFAULT>
<!--FE791E7B95E249EEB4CA21A90D5728FB-->  <AD_PROCESS_ID><![CDATA[7AC7BE9024E448A0BB863C159DA762F9]]></AD_PROCESS_ID>
<!--FE791E7B95E249EEB4CA21A90D5728FB-->  <OBJECT_TYPE><![CDATA[S]]></OBJECT_TYPE>
<!--FE791E7B95E249EEB4CA21A90D5728FB--></AD_MODEL_OBJECT>

<!--FF73C27402EB45558A1925859CD484F0--><AD_MODEL_OBJECT>
<!--FF73C27402EB45558A1925859CD484F0-->  <AD_MODEL_OBJECT_ID><![CDATA[FF73C27402EB45558A1925859CD484F0]]></AD_MODEL_OBJECT_ID>
<!--FF73C27402EB45558A1925859CD484F0-->  <AD_CLIENT_ID><![CDATA[0]]></AD_CLIENT_ID>
<!--FF73C27402EB45558A1925859CD484F0-->  <AD_ORG_ID><![CDATA[0]]></AD_ORG_ID>
<!--FF73C27402EB45558A1925859CD484F0-->  <ISACTIVE><![CDATA[Y]]></ISACTIVE>
<!--FF73C27402EB45558A1925859CD484F0-->  <ACTION><![CDATA[P]]></ACTION>
<!--FF73C27402EB45558A1925859CD484F0-->  <CLASSNAME><![CDATA[org.openbravo.advpaymentmngt.ad_actionbutton.MatchTransaction]]></CLASSNAME>
<!--FF73C27402EB45558A1925859CD484F0-->  <ISDEFAULT><![CDATA[Y]]></ISDEFAULT>
<!--FF73C27402EB45558A1925859CD484F0-->  <AD_PROCESS_ID><![CDATA[C125EA7C85234D8B89FEA511FCCD2E9E]]></AD_PROCESS_ID>
<!--FF73C27402EB45558A1925859CD484F0-->  <OBJECT_TYPE><![CDATA[S]]></OBJECT_TYPE>
<!--FF73C27402EB45558A1925859CD484F0--></AD_MODEL_OBJECT>

<!--FF8080812E437710012E43BE26A3000E--><AD_MODEL_OBJECT>
<!--FF8080812E437710012E43BE26A3000E-->  <AD_MODEL_OBJECT_ID><![CDATA[FF8080812E437710012E43BE26A3000E]]></AD_MODEL_OBJECT_ID>
<!--FF8080812E437710012E43BE26A3000E-->  <AD_CLIENT_ID><![CDATA[0]]></AD_CLIENT_ID>
<!--FF8080812E437710012E43BE26A3000E-->  <AD_ORG_ID><![CDATA[0]]></AD_ORG_ID>
<!--FF8080812E437710012E43BE26A3000E-->  <ISACTIVE><![CDATA[Y]]></ISACTIVE>
<!--FF8080812E437710012E43BE26A3000E-->  <ACTION><![CDATA[P]]></ACTION>
<!--FF8080812E437710012E43BE26A3000E-->  <CLASSNAME><![CDATA[org.openbravo.advpaymentmngt.process.FIN_ReconciliationProcess]]></CLASSNAME>
<!--FF8080812E437710012E43BE26A3000E-->  <ISDEFAULT><![CDATA[Y]]></ISDEFAULT>
<!--FF8080812E437710012E43BE26A3000E-->  <AD_PROCESS_ID><![CDATA[FF8080812E2F8EAE012E2F94CF470014]]></AD_PROCESS_ID>
<!--FF8080812E437710012E43BE26A3000E-->  <OBJECT_TYPE><![CDATA[P]]></OBJECT_TYPE>
<!--FF8080812E437710012E43BE26A3000E--></AD_MODEL_OBJECT>

<!--FF8080812F348A97012F349E7610000A--><AD_MODEL_OBJECT>
<!--FF8080812F348A97012F349E7610000A-->  <AD_MODEL_OBJECT_ID><![CDATA[FF8080812F348A97012F349E7610000A]]></AD_MODEL_OBJECT_ID>
<!--FF8080812F348A97012F349E7610000A-->  <AD_CLIENT_ID><![CDATA[0]]></AD_CLIENT_ID>
<!--FF8080812F348A97012F349E7610000A-->  <AD_ORG_ID><![CDATA[0]]></AD_ORG_ID>
<!--FF8080812F348A97012F349E7610000A-->  <ISACTIVE><![CDATA[Y]]></ISACTIVE>
<!--FF8080812F348A97012F349E7610000A-->  <ACTION><![CDATA[P]]></ACTION>
<!--FF8080812F348A97012F349E7610000A-->  <CLASSNAME><![CDATA[org.openbravo.advpaymentmngt.ad_actionbutton.DeleteTransaction]]></CLASSNAME>
<!--FF8080812F348A97012F349E7610000A-->  <ISDEFAULT><![CDATA[Y]]></ISDEFAULT>
<!--FF8080812F348A97012F349E7610000A-->  <AD_PROCESS_ID><![CDATA[FF8080812F348A97012F349DC24F0007]]></AD_PROCESS_ID>
<!--FF8080812F348A97012F349E7610000A-->  <OBJECT_TYPE><![CDATA[P]]></OBJECT_TYPE>
<!--FF8080812F348A97012F349E7610000A--></AD_MODEL_OBJECT>

</data>
