<?xml version='1.0' encoding='UTF-8'?>
<data>
<!--125E6EAD650841F69E2601C78F558AA1--><AD_MENU>
<!--125E6EAD650841F69E2601C78F558AA1-->  <AD_MENU_ID><![CDATA[125E6EAD650841F69E2601C78F558AA1]]></AD_MENU_ID>
<!--125E6EAD650841F69E2601C78F558AA1-->  <AD_CLIENT_ID><![CDATA[0]]></AD_CLIENT_ID>
<!--125E6EAD650841F69E2601C78F558AA1-->  <AD_ORG_ID><![CDATA[0]]></AD_ORG_ID>
<!--125E6EAD650841F69E2601C78F558AA1-->  <ISACTIVE><![CDATA[Y]]></ISACTIVE>
<!--125E6EAD650841F69E2601C78F558AA1-->  <NAME><![CDATA[Payment Proposal]]></NAME>
<!--125E6EAD650841F69E2601C78F558AA1-->  <DESCRIPTION><![CDATA[Generates a payment proposal for a selected payment method based on a criteria.]]></DESCRIPTION>
<!--125E6EAD650841F69E2601C78F558AA1-->  <ISSUMMARY><![CDATA[N]]></ISSUMMARY>
<!--125E6EAD650841F69E2601C78F558AA1-->  <ACTION><![CDATA[W]]></ACTION>
<!--125E6EAD650841F69E2601C78F558AA1-->  <AD_WINDOW_ID><![CDATA[1B7B3BB7FEAF41ED8D9727AB98779D3C]]></AD_WINDOW_ID>
<!--125E6EAD650841F69E2601C78F558AA1-->  <AD_MODULE_ID><![CDATA[A918E3331C404B889D69AA9BFAFB23AC]]></AD_MODULE_ID>
<!--125E6EAD650841F69E2601C78F558AA1-->  <OPENLINKINBROWSER><![CDATA[N]]></OPENLINKINBROWSER>
<!--125E6EAD650841F69E2601C78F558AA1--></AD_MENU>

<!--57DA6BAE74334B5B81A0AD05256C1B34--><AD_MENU>
<!--57DA6BAE74334B5B81A0AD05256C1B34-->  <AD_MENU_ID><![CDATA[57DA6BAE74334B5B81A0AD05256C1B34]]></AD_MENU_ID>
<!--57DA6BAE74334B5B81A0AD05256C1B34-->  <AD_CLIENT_ID><![CDATA[0]]></AD_CLIENT_ID>
<!--57DA6BAE74334B5B81A0AD05256C1B34-->  <AD_ORG_ID><![CDATA[0]]></AD_ORG_ID>
<!--57DA6BAE74334B5B81A0AD05256C1B34-->  <ISACTIVE><![CDATA[Y]]></ISACTIVE>
<!--57DA6BAE74334B5B81A0AD05256C1B34-->  <NAME><![CDATA[Doubtful Debt Run]]></NAME>
<!--57DA6BAE74334B5B81A0AD05256C1B34-->  <DESCRIPTION><![CDATA[Doubtful debts are those debts which a business or individual is unlikely to be able to collect.]]></DESCRIPTION>
<!--57DA6BAE74334B5B81A0AD05256C1B34-->  <ISSUMMARY><![CDATA[N]]></ISSUMMARY>
<!--57DA6BAE74334B5B81A0AD05256C1B34-->  <ACTION><![CDATA[W]]></ACTION>
<!--57DA6BAE74334B5B81A0AD05256C1B34-->  <AD_WINDOW_ID><![CDATA[681E982F747A48A6AF328A236A067559]]></AD_WINDOW_ID>
<!--57DA6BAE74334B5B81A0AD05256C1B34-->  <AD_MODULE_ID><![CDATA[A918E3331C404B889D69AA9BFAFB23AC]]></AD_MODULE_ID>
<!--57DA6BAE74334B5B81A0AD05256C1B34-->  <OPENLINKINBROWSER><![CDATA[N]]></OPENLINKINBROWSER>
<!--57DA6BAE74334B5B81A0AD05256C1B34--></AD_MENU>

<!--5FEA7B2F449D47D8A18769049D07034B--><AD_MENU>
<!--5FEA7B2F449D47D8A18769049D07034B-->  <AD_MENU_ID><![CDATA[5FEA7B2F449D47D8A18769049D07034B]]></AD_MENU_ID>
<!--5FEA7B2F449D47D8A18769049D07034B-->  <AD_CLIENT_ID><![CDATA[0]]></AD_CLIENT_ID>
<!--5FEA7B2F449D47D8A18769049D07034B-->  <AD_ORG_ID><![CDATA[0]]></AD_ORG_ID>
<!--5FEA7B2F449D47D8A18769049D07034B-->  <ISACTIVE><![CDATA[Y]]></ISACTIVE>
<!--5FEA7B2F449D47D8A18769049D07034B-->  <NAME><![CDATA[Doubtful Debt]]></NAME>
<!--5FEA7B2F449D47D8A18769049D07034B-->  <ISSUMMARY><![CDATA[N]]></ISSUMMARY>
<!--5FEA7B2F449D47D8A18769049D07034B-->  <ACTION><![CDATA[W]]></ACTION>
<!--5FEA7B2F449D47D8A18769049D07034B-->  <AD_WINDOW_ID><![CDATA[4A35B1C57B4243F4A1E42D882C8DDA3D]]></AD_WINDOW_ID>
<!--5FEA7B2F449D47D8A18769049D07034B-->  <AD_MODULE_ID><![CDATA[A918E3331C404B889D69AA9BFAFB23AC]]></AD_MODULE_ID>
<!--5FEA7B2F449D47D8A18769049D07034B-->  <OPENLINKINBROWSER><![CDATA[N]]></OPENLINKINBROWSER>
<!--5FEA7B2F449D47D8A18769049D07034B--></AD_MENU>

<!--652E78DE779542D59B27179FE6E59C38--><AD_MENU>
<!--652E78DE779542D59B27179FE6E59C38-->  <AD_MENU_ID><![CDATA[652E78DE779542D59B27179FE6E59C38]]></AD_MENU_ID>
<!--652E78DE779542D59B27179FE6E59C38-->  <AD_CLIENT_ID><![CDATA[0]]></AD_CLIENT_ID>
<!--652E78DE779542D59B27179FE6E59C38-->  <AD_ORG_ID><![CDATA[0]]></AD_ORG_ID>
<!--652E78DE779542D59B27179FE6E59C38-->  <ISACTIVE><![CDATA[Y]]></ISACTIVE>
<!--652E78DE779542D59B27179FE6E59C38-->  <NAME><![CDATA[Sales Invoice Payment Plan]]></NAME>
<!--652E78DE779542D59B27179FE6E59C38-->  <DESCRIPTION><![CDATA[Displays all Invoice Payment Plans for sales transactions which are not fully paid]]></DESCRIPTION>
<!--652E78DE779542D59B27179FE6E59C38-->  <ISSUMMARY><![CDATA[N]]></ISSUMMARY>
<!--652E78DE779542D59B27179FE6E59C38-->  <ACTION><![CDATA[W]]></ACTION>
<!--652E78DE779542D59B27179FE6E59C38-->  <AD_WINDOW_ID><![CDATA[FC6A51DF5F32451987C0C84D7B338B94]]></AD_WINDOW_ID>
<!--652E78DE779542D59B27179FE6E59C38-->  <AD_MODULE_ID><![CDATA[A918E3331C404B889D69AA9BFAFB23AC]]></AD_MODULE_ID>
<!--652E78DE779542D59B27179FE6E59C38-->  <OPENLINKINBROWSER><![CDATA[N]]></OPENLINKINBROWSER>
<!--652E78DE779542D59B27179FE6E59C38--></AD_MENU>

<!--65C70CA5BB3A4F67B6B456C90F907917--><AD_MENU>
<!--65C70CA5BB3A4F67B6B456C90F907917-->  <AD_MENU_ID><![CDATA[65C70CA5BB3A4F67B6B456C90F907917]]></AD_MENU_ID>
<!--65C70CA5BB3A4F67B6B456C90F907917-->  <AD_CLIENT_ID><![CDATA[0]]></AD_CLIENT_ID>
<!--65C70CA5BB3A4F67B6B456C90F907917-->  <AD_ORG_ID><![CDATA[0]]></AD_ORG_ID>
<!--65C70CA5BB3A4F67B6B456C90F907917-->  <ISACTIVE><![CDATA[Y]]></ISACTIVE>
<!--65C70CA5BB3A4F67B6B456C90F907917-->  <NAME><![CDATA[Financial Account]]></NAME>
<!--65C70CA5BB3A4F67B6B456C90F907917-->  <ISSUMMARY><![CDATA[N]]></ISSUMMARY>
<!--65C70CA5BB3A4F67B6B456C90F907917-->  <ACTION><![CDATA[W]]></ACTION>
<!--65C70CA5BB3A4F67B6B456C90F907917-->  <AD_WINDOW_ID><![CDATA[94EAA455D2644E04AB25D93BE5157B6D]]></AD_WINDOW_ID>
<!--65C70CA5BB3A4F67B6B456C90F907917-->  <AD_MODULE_ID><![CDATA[A918E3331C404B889D69AA9BFAFB23AC]]></AD_MODULE_ID>
<!--65C70CA5BB3A4F67B6B456C90F907917-->  <OPENLINKINBROWSER><![CDATA[N]]></OPENLINKINBROWSER>
<!--65C70CA5BB3A4F67B6B456C90F907917--></AD_MENU>

<!--7C26B79DD2BF4F4AADCF088653740597--><AD_MENU>
<!--7C26B79DD2BF4F4AADCF088653740597-->  <AD_MENU_ID><![CDATA[7C26B79DD2BF4F4AADCF088653740597]]></AD_MENU_ID>
<!--7C26B79DD2BF4F4AADCF088653740597-->  <AD_CLIENT_ID><![CDATA[0]]></AD_CLIENT_ID>
<!--7C26B79DD2BF4F4AADCF088653740597-->  <AD_ORG_ID><![CDATA[0]]></AD_ORG_ID>
<!--7C26B79DD2BF4F4AADCF088653740597-->  <ISACTIVE><![CDATA[Y]]></ISACTIVE>
<!--7C26B79DD2BF4F4AADCF088653740597-->  <NAME><![CDATA[Purchase Invoice Payment Plan]]></NAME>
<!--7C26B79DD2BF4F4AADCF088653740597-->  <DESCRIPTION><![CDATA[Displays all Invoice Payment Plans for purchase transactions which are not fully paid]]></DESCRIPTION>
<!--7C26B79DD2BF4F4AADCF088653740597-->  <ISSUMMARY><![CDATA[N]]></ISSUMMARY>
<!--7C26B79DD2BF4F4AADCF088653740597-->  <ACTION><![CDATA[W]]></ACTION>
<!--7C26B79DD2BF4F4AADCF088653740597-->  <AD_WINDOW_ID><![CDATA[6EFB8443A1C64F3D926CE42A0E40631C]]></AD_WINDOW_ID>
<!--7C26B79DD2BF4F4AADCF088653740597-->  <AD_MODULE_ID><![CDATA[A918E3331C404B889D69AA9BFAFB23AC]]></AD_MODULE_ID>
<!--7C26B79DD2BF4F4AADCF088653740597-->  <OPENLINKINBROWSER><![CDATA[N]]></OPENLINKINBROWSER>
<!--7C26B79DD2BF4F4AADCF088653740597--></AD_MENU>

<!--907A7542754F42B0AD2A84FC902A82F8--><AD_MENU>
<!--907A7542754F42B0AD2A84FC902A82F8-->  <AD_MENU_ID><![CDATA[907A7542754F42B0AD2A84FC902A82F8]]></AD_MENU_ID>
<!--907A7542754F42B0AD2A84FC902A82F8-->  <AD_CLIENT_ID><![CDATA[0]]></AD_CLIENT_ID>
<!--907A7542754F42B0AD2A84FC902A82F8-->  <AD_ORG_ID><![CDATA[0]]></AD_ORG_ID>
<!--907A7542754F42B0AD2A84FC902A82F8-->  <ISACTIVE><![CDATA[Y]]></ISACTIVE>
<!--907A7542754F42B0AD2A84FC902A82F8-->  <NAME><![CDATA[Payment Execution]]></NAME>
<!--907A7542754F42B0AD2A84FC902A82F8-->  <DESCRIPTION><![CDATA[This window allows payment execution management for payments in status "awaiting execution".]]></DESCRIPTION>
<!--907A7542754F42B0AD2A84FC902A82F8-->  <ISSUMMARY><![CDATA[N]]></ISSUMMARY>
<!--907A7542754F42B0AD2A84FC902A82F8-->  <ACTION><![CDATA[X]]></ACTION>
<!--907A7542754F42B0AD2A84FC902A82F8-->  <AD_FORM_ID><![CDATA[FE9623C32FE749DD803ED7C64CCD7405]]></AD_FORM_ID>
<!--907A7542754F42B0AD2A84FC902A82F8-->  <AD_MODULE_ID><![CDATA[A918E3331C404B889D69AA9BFAFB23AC]]></AD_MODULE_ID>
<!--907A7542754F42B0AD2A84FC902A82F8-->  <OPENLINKINBROWSER><![CDATA[N]]></OPENLINKINBROWSER>
<!--907A7542754F42B0AD2A84FC902A82F8--></AD_MENU>

<!--91FCED01924C4BCE82A06CD2D894E971--><AD_MENU>
<!--91FCED01924C4BCE82A06CD2D894E971-->  <AD_MENU_ID><![CDATA[91FCED01924C4BCE82A06CD2D894E971]]></AD_MENU_ID>
<!--91FCED01924C4BCE82A06CD2D894E971-->  <AD_CLIENT_ID><![CDATA[0]]></AD_CLIENT_ID>
<!--91FCED01924C4BCE82A06CD2D894E971-->  <AD_ORG_ID><![CDATA[0]]></AD_ORG_ID>
<!--91FCED01924C4BCE82A06CD2D894E971-->  <ISACTIVE><![CDATA[Y]]></ISACTIVE>
<!--91FCED01924C4BCE82A06CD2D894E971-->  <NAME><![CDATA[Doubtful Debt Method]]></NAME>
<!--91FCED01924C4BCE82A06CD2D894E971-->  <ISSUMMARY><![CDATA[N]]></ISSUMMARY>
<!--91FCED01924C4BCE82A06CD2D894E971-->  <ACTION><![CDATA[W]]></ACTION>
<!--91FCED01924C4BCE82A06CD2D894E971-->  <AD_WINDOW_ID><![CDATA[EB6621E5513F41449E77D68C58C3C409]]></AD_WINDOW_ID>
<!--91FCED01924C4BCE82A06CD2D894E971-->  <AD_MODULE_ID><![CDATA[A918E3331C404B889D69AA9BFAFB23AC]]></AD_MODULE_ID>
<!--91FCED01924C4BCE82A06CD2D894E971-->  <OPENLINKINBROWSER><![CDATA[N]]></OPENLINKINBROWSER>
<!--91FCED01924C4BCE82A06CD2D894E971--></AD_MENU>

<!--9CE1B49B25274C2E98455FC7E4C7C64A--><AD_MENU>
<!--9CE1B49B25274C2E98455FC7E4C7C64A-->  <AD_MENU_ID><![CDATA[9CE1B49B25274C2E98455FC7E4C7C64A]]></AD_MENU_ID>
<!--9CE1B49B25274C2E98455FC7E4C7C64A-->  <AD_CLIENT_ID><![CDATA[0]]></AD_CLIENT_ID>
<!--9CE1B49B25274C2E98455FC7E4C7C64A-->  <AD_ORG_ID><![CDATA[0]]></AD_ORG_ID>
<!--9CE1B49B25274C2E98455FC7E4C7C64A-->  <ISACTIVE><![CDATA[Y]]></ISACTIVE>
<!--9CE1B49B25274C2E98455FC7E4C7C64A-->  <NAME><![CDATA[Bank File Format]]></NAME>
<!--9CE1B49B25274C2E98455FC7E4C7C64A-->  <ISSUMMARY><![CDATA[N]]></ISSUMMARY>
<!--9CE1B49B25274C2E98455FC7E4C7C64A-->  <ACTION><![CDATA[W]]></ACTION>
<!--9CE1B49B25274C2E98455FC7E4C7C64A-->  <AD_WINDOW_ID><![CDATA[557A0AA1D0D745F9A61557C05483072C]]></AD_WINDOW_ID>
<!--9CE1B49B25274C2E98455FC7E4C7C64A-->  <AD_MODULE_ID><![CDATA[A918E3331C404B889D69AA9BFAFB23AC]]></AD_MODULE_ID>
<!--9CE1B49B25274C2E98455FC7E4C7C64A-->  <OPENLINKINBROWSER><![CDATA[N]]></OPENLINKINBROWSER>
<!--9CE1B49B25274C2E98455FC7E4C7C64A--></AD_MENU>

<!--AA975B010CF8469DA84922534FB4AE6C--><AD_MENU>
<!--AA975B010CF8469DA84922534FB4AE6C-->  <AD_MENU_ID><![CDATA[AA975B010CF8469DA84922534FB4AE6C]]></AD_MENU_ID>
<!--AA975B010CF8469DA84922534FB4AE6C-->  <AD_CLIENT_ID><![CDATA[0]]></AD_CLIENT_ID>
<!--AA975B010CF8469DA84922534FB4AE6C-->  <AD_ORG_ID><![CDATA[0]]></AD_ORG_ID>
<!--AA975B010CF8469DA84922534FB4AE6C-->  <ISACTIVE><![CDATA[Y]]></ISACTIVE>
<!--AA975B010CF8469DA84922534FB4AE6C-->  <NAME><![CDATA[Payment Method]]></NAME>
<!--AA975B010CF8469DA84922534FB4AE6C-->  <ISSUMMARY><![CDATA[N]]></ISSUMMARY>
<!--AA975B010CF8469DA84922534FB4AE6C-->  <ACTION><![CDATA[W]]></ACTION>
<!--AA975B010CF8469DA84922534FB4AE6C-->  <AD_WINDOW_ID><![CDATA[3CAAC7D54593489384452416ACF356DD]]></AD_WINDOW_ID>
<!--AA975B010CF8469DA84922534FB4AE6C-->  <AD_MODULE_ID><![CDATA[A918E3331C404B889D69AA9BFAFB23AC]]></AD_MODULE_ID>
<!--AA975B010CF8469DA84922534FB4AE6C-->  <OPENLINKINBROWSER><![CDATA[N]]></OPENLINKINBROWSER>
<!--AA975B010CF8469DA84922534FB4AE6C--></AD_MENU>

<!--C3BEE7BF3F5B44C3A24D24E3DC4870EC--><AD_MENU>
<!--C3BEE7BF3F5B44C3A24D24E3DC4870EC-->  <AD_MENU_ID><![CDATA[C3BEE7BF3F5B44C3A24D24E3DC4870EC]]></AD_MENU_ID>
<!--C3BEE7BF3F5B44C3A24D24E3DC4870EC-->  <AD_CLIENT_ID><![CDATA[0]]></AD_CLIENT_ID>
<!--C3BEE7BF3F5B44C3A24D24E3DC4870EC-->  <AD_ORG_ID><![CDATA[0]]></AD_ORG_ID>
<!--C3BEE7BF3F5B44C3A24D24E3DC4870EC-->  <ISACTIVE><![CDATA[Y]]></ISACTIVE>
<!--C3BEE7BF3F5B44C3A24D24E3DC4870EC-->  <NAME><![CDATA[Payment Out]]></NAME>
<!--C3BEE7BF3F5B44C3A24D24E3DC4870EC-->  <ISSUMMARY><![CDATA[N]]></ISSUMMARY>
<!--C3BEE7BF3F5B44C3A24D24E3DC4870EC-->  <ACTION><![CDATA[W]]></ACTION>
<!--C3BEE7BF3F5B44C3A24D24E3DC4870EC-->  <AD_WINDOW_ID><![CDATA[6F8F913FA60F4CBD93DC1D3AA696E76E]]></AD_WINDOW_ID>
<!--C3BEE7BF3F5B44C3A24D24E3DC4870EC-->  <AD_MODULE_ID><![CDATA[A918E3331C404B889D69AA9BFAFB23AC]]></AD_MODULE_ID>
<!--C3BEE7BF3F5B44C3A24D24E3DC4870EC-->  <OPENLINKINBROWSER><![CDATA[N]]></OPENLINKINBROWSER>
<!--C3BEE7BF3F5B44C3A24D24E3DC4870EC--></AD_MENU>

<!--D0022AAFF0F44BBCA96AA7D007E65C7D--><AD_MENU>
<!--D0022AAFF0F44BBCA96AA7D007E65C7D-->  <AD_MENU_ID><![CDATA[D0022AAFF0F44BBCA96AA7D007E65C7D]]></AD_MENU_ID>
<!--D0022AAFF0F44BBCA96AA7D007E65C7D-->  <AD_CLIENT_ID><![CDATA[0]]></AD_CLIENT_ID>
<!--D0022AAFF0F44BBCA96AA7D007E65C7D-->  <AD_ORG_ID><![CDATA[0]]></AD_ORG_ID>
<!--D0022AAFF0F44BBCA96AA7D007E65C7D-->  <ISACTIVE><![CDATA[Y]]></ISACTIVE>
<!--D0022AAFF0F44BBCA96AA7D007E65C7D-->  <NAME><![CDATA[Payment Run]]></NAME>
<!--D0022AAFF0F44BBCA96AA7D007E65C7D-->  <DESCRIPTION><![CDATA[This window shows all the group of payments executed together.]]></DESCRIPTION>
<!--D0022AAFF0F44BBCA96AA7D007E65C7D-->  <ISSUMMARY><![CDATA[N]]></ISSUMMARY>
<!--D0022AAFF0F44BBCA96AA7D007E65C7D-->  <ACTION><![CDATA[W]]></ACTION>
<!--D0022AAFF0F44BBCA96AA7D007E65C7D-->  <AD_WINDOW_ID><![CDATA[AFE6BDF360C44B99ACA6FB5E9F51EA45]]></AD_WINDOW_ID>
<!--D0022AAFF0F44BBCA96AA7D007E65C7D-->  <AD_MODULE_ID><![CDATA[A918E3331C404B889D69AA9BFAFB23AC]]></AD_MODULE_ID>
<!--D0022AAFF0F44BBCA96AA7D007E65C7D-->  <OPENLINKINBROWSER><![CDATA[N]]></OPENLINKINBROWSER>
<!--D0022AAFF0F44BBCA96AA7D007E65C7D--></AD_MENU>

<!--D40E8011F68B4E7DAF28F310455DF7C9--><AD_MENU>
<!--D40E8011F68B4E7DAF28F310455DF7C9-->  <AD_MENU_ID><![CDATA[D40E8011F68B4E7DAF28F310455DF7C9]]></AD_MENU_ID>
<!--D40E8011F68B4E7DAF28F310455DF7C9-->  <AD_CLIENT_ID><![CDATA[0]]></AD_CLIENT_ID>
<!--D40E8011F68B4E7DAF28F310455DF7C9-->  <AD_ORG_ID><![CDATA[0]]></AD_ORG_ID>
<!--D40E8011F68B4E7DAF28F310455DF7C9-->  <ISACTIVE><![CDATA[Y]]></ISACTIVE>
<!--D40E8011F68B4E7DAF28F310455DF7C9-->  <NAME><![CDATA[Matching Algorithm]]></NAME>
<!--D40E8011F68B4E7DAF28F310455DF7C9-->  <ISSUMMARY><![CDATA[N]]></ISSUMMARY>
<!--D40E8011F68B4E7DAF28F310455DF7C9-->  <ACTION><![CDATA[W]]></ACTION>
<!--D40E8011F68B4E7DAF28F310455DF7C9-->  <AD_WINDOW_ID><![CDATA[D1D0C603DFC0423099D897A0DB388AC2]]></AD_WINDOW_ID>
<!--D40E8011F68B4E7DAF28F310455DF7C9-->  <AD_MODULE_ID><![CDATA[A918E3331C404B889D69AA9BFAFB23AC]]></AD_MODULE_ID>
<!--D40E8011F68B4E7DAF28F310455DF7C9-->  <OPENLINKINBROWSER><![CDATA[N]]></OPENLINKINBROWSER>
<!--D40E8011F68B4E7DAF28F310455DF7C9--></AD_MENU>

<!--DB84EB9507F34D9B802DDA0B1041B602--><AD_MENU>
<!--DB84EB9507F34D9B802DDA0B1041B602-->  <AD_MENU_ID><![CDATA[DB84EB9507F34D9B802DDA0B1041B602]]></AD_MENU_ID>
<!--DB84EB9507F34D9B802DDA0B1041B602-->  <AD_CLIENT_ID><![CDATA[0]]></AD_CLIENT_ID>
<!--DB84EB9507F34D9B802DDA0B1041B602-->  <AD_ORG_ID><![CDATA[0]]></AD_ORG_ID>
<!--DB84EB9507F34D9B802DDA0B1041B602-->  <ISACTIVE><![CDATA[Y]]></ISACTIVE>
<!--DB84EB9507F34D9B802DDA0B1041B602-->  <NAME><![CDATA[Payment In]]></NAME>
<!--DB84EB9507F34D9B802DDA0B1041B602-->  <DESCRIPTION><![CDATA[Customer's payments and prepayments received can be recorded and managed in the payment in window. Same way G/L item payments do not related to orders/invoices can also be managed in this window.]]></DESCRIPTION>
<!--DB84EB9507F34D9B802DDA0B1041B602-->  <ISSUMMARY><![CDATA[N]]></ISSUMMARY>
<!--DB84EB9507F34D9B802DDA0B1041B602-->  <ACTION><![CDATA[W]]></ACTION>
<!--DB84EB9507F34D9B802DDA0B1041B602-->  <AD_WINDOW_ID><![CDATA[E547CE89D4C04429B6340FFA44E70716]]></AD_WINDOW_ID>
<!--DB84EB9507F34D9B802DDA0B1041B602-->  <AD_MODULE_ID><![CDATA[A918E3331C404B889D69AA9BFAFB23AC]]></AD_MODULE_ID>
<!--DB84EB9507F34D9B802DDA0B1041B602-->  <OPENLINKINBROWSER><![CDATA[N]]></OPENLINKINBROWSER>
<!--DB84EB9507F34D9B802DDA0B1041B602--></AD_MENU>

<!--DECF65B1A8CA4B7093E7A9DAB8AFBF26--><AD_MENU>
<!--DECF65B1A8CA4B7093E7A9DAB8AFBF26-->  <AD_MENU_ID><![CDATA[DECF65B1A8CA4B7093E7A9DAB8AFBF26]]></AD_MENU_ID>
<!--DECF65B1A8CA4B7093E7A9DAB8AFBF26-->  <AD_CLIENT_ID><![CDATA[0]]></AD_CLIENT_ID>
<!--DECF65B1A8CA4B7093E7A9DAB8AFBF26-->  <AD_ORG_ID><![CDATA[0]]></AD_ORG_ID>
<!--DECF65B1A8CA4B7093E7A9DAB8AFBF26-->  <ISACTIVE><![CDATA[Y]]></ISACTIVE>
<!--DECF65B1A8CA4B7093E7A9DAB8AFBF26-->  <NAME><![CDATA[Execution Process]]></NAME>
<!--DECF65B1A8CA4B7093E7A9DAB8AFBF26-->  <ISSUMMARY><![CDATA[N]]></ISSUMMARY>
<!--DECF65B1A8CA4B7093E7A9DAB8AFBF26-->  <ACTION><![CDATA[W]]></ACTION>
<!--DECF65B1A8CA4B7093E7A9DAB8AFBF26-->  <AD_WINDOW_ID><![CDATA[24DDE1DDF13942D78B6D6F216979E56A]]></AD_WINDOW_ID>
<!--DECF65B1A8CA4B7093E7A9DAB8AFBF26-->  <AD_MODULE_ID><![CDATA[A918E3331C404B889D69AA9BFAFB23AC]]></AD_MODULE_ID>
<!--DECF65B1A8CA4B7093E7A9DAB8AFBF26-->  <OPENLINKINBROWSER><![CDATA[N]]></OPENLINKINBROWSER>
<!--DECF65B1A8CA4B7093E7A9DAB8AFBF26--></AD_MENU>

<!--E6903C6E20814C82BF1CA9C92847A8A5--><AD_MENU>
<!--E6903C6E20814C82BF1CA9C92847A8A5-->  <AD_MENU_ID><![CDATA[E6903C6E20814C82BF1CA9C92847A8A5]]></AD_MENU_ID>
<!--E6903C6E20814C82BF1CA9C92847A8A5-->  <AD_CLIENT_ID><![CDATA[0]]></AD_CLIENT_ID>
<!--E6903C6E20814C82BF1CA9C92847A8A5-->  <AD_ORG_ID><![CDATA[0]]></AD_ORG_ID>
<!--E6903C6E20814C82BF1CA9C92847A8A5-->  <ISACTIVE><![CDATA[Y]]></ISACTIVE>
<!--E6903C6E20814C82BF1CA9C92847A8A5-->  <NAME><![CDATA[Process Price Difference Adjustment]]></NAME>
<!--E6903C6E20814C82BF1CA9C92847A8A5-->  <ISSUMMARY><![CDATA[N]]></ISSUMMARY>
<!--E6903C6E20814C82BF1CA9C92847A8A5-->  <ACTION><![CDATA[OBUIAPP_Process]]></ACTION>
<!--E6903C6E20814C82BF1CA9C92847A8A5-->  <AD_MODULE_ID><![CDATA[A918E3331C404B889D69AA9BFAFB23AC]]></AD_MODULE_ID>
<!--E6903C6E20814C82BF1CA9C92847A8A5-->  <OPENLINKINBROWSER><![CDATA[N]]></OPENLINKINBROWSER>
<!--E6903C6E20814C82BF1CA9C92847A8A5-->  <EM_OBUIAPP_PROCESS_ID><![CDATA[B05273730AA14DAEA91EAC7A828C8026]]></EM_OBUIAPP_PROCESS_ID>
<!--E6903C6E20814C82BF1CA9C92847A8A5--></AD_MENU>

</data>
