<?xml version='1.0' encoding='UTF-8'?>
<data>
<!--0D47BC1E014145E5BC5C81429E2DF26C--><AD_MODEL_OBJECT_MAPPING>
<!--0D47BC1E014145E5BC5C81429E2DF26C-->  <AD_MODEL_OBJECT_MAPPING_ID><![CDATA[0D47BC1E014145E5BC5C81429E2DF26C]]></AD_MODEL_OBJECT_MAPPING_ID>
<!--0D47BC1E014145E5BC5C81429E2DF26C-->  <AD_CLIENT_ID><![CDATA[0]]></AD_CLIENT_ID>
<!--0D47BC1E014145E5BC5C81429E2DF26C-->  <AD_ORG_ID><![CDATA[0]]></AD_ORG_ID>
<!--0D47BC1E014145E5BC5C81429E2DF26C-->  <ISACTIVE><![CDATA[Y]]></ISACTIVE>
<!--0D47BC1E014145E5BC5C81429E2DF26C-->  <AD_MODEL_OBJECT_ID><![CDATA[34307064C7DD4040BC9285E723FE3DC5]]></AD_MODEL_OBJECT_ID>
<!--0D47BC1E014145E5BC5C81429E2DF26C-->  <MAPPINGNAME><![CDATA[/org.openbravo.advpaymentmngt.ad_actionbutton/ExecutePayments.html]]></MAPPINGNAME>
<!--0D47BC1E014145E5BC5C81429E2DF26C-->  <ISDEFAULT><![CDATA[Y]]></ISDEFAULT>
<!--0D47BC1E014145E5BC5C81429E2DF26C--></AD_MODEL_OBJECT_MAPPING>

<!--13EF358E6ED6450587B1E18EF5E06C6D--><AD_MODEL_OBJECT_MAPPING>
<!--13EF358E6ED6450587B1E18EF5E06C6D-->  <AD_MODEL_OBJECT_MAPPING_ID><![CDATA[13EF358E6ED6450587B1E18EF5E06C6D]]></AD_MODEL_OBJECT_MAPPING_ID>
<!--13EF358E6ED6450587B1E18EF5E06C6D-->  <AD_CLIENT_ID><![CDATA[0]]></AD_CLIENT_ID>
<!--13EF358E6ED6450587B1E18EF5E06C6D-->  <AD_ORG_ID><![CDATA[0]]></AD_ORG_ID>
<!--13EF358E6ED6450587B1E18EF5E06C6D-->  <ISACTIVE><![CDATA[Y]]></ISACTIVE>
<!--13EF358E6ED6450587B1E18EF5E06C6D-->  <AD_MODEL_OBJECT_ID><![CDATA[A7A562CD91CB42D9977E12B098CBC9EC]]></AD_MODEL_OBJECT_ID>
<!--13EF358E6ED6450587B1E18EF5E06C6D-->  <MAPPINGNAME><![CDATA[/org.openbravo.advpaymentmngt.ad_actionbutton/ProcessInvoice.html]]></MAPPINGNAME>
<!--13EF358E6ED6450587B1E18EF5E06C6D-->  <ISDEFAULT><![CDATA[Y]]></ISDEFAULT>
<!--13EF358E6ED6450587B1E18EF5E06C6D--></AD_MODEL_OBJECT_MAPPING>

<!--200ED7B6D4CE4874ABF941DDA51AB78C--><AD_MODEL_OBJECT_MAPPING>
<!--200ED7B6D4CE4874ABF941DDA51AB78C-->  <AD_MODEL_OBJECT_MAPPING_ID><![CDATA[200ED7B6D4CE4874ABF941DDA51AB78C]]></AD_MODEL_OBJECT_MAPPING_ID>
<!--200ED7B6D4CE4874ABF941DDA51AB78C-->  <AD_CLIENT_ID><![CDATA[0]]></AD_CLIENT_ID>
<!--200ED7B6D4CE4874ABF941DDA51AB78C-->  <AD_ORG_ID><![CDATA[0]]></AD_ORG_ID>
<!--200ED7B6D4CE4874ABF941DDA51AB78C-->  <ISACTIVE><![CDATA[Y]]></ISACTIVE>
<!--200ED7B6D4CE4874ABF941DDA51AB78C-->  <AD_MODEL_OBJECT_ID><![CDATA[EF9F7381E3984C6CB7BE705C3BAD3E6C]]></AD_MODEL_OBJECT_ID>
<!--200ED7B6D4CE4874ABF941DDA51AB78C-->  <MAPPINGNAME><![CDATA[/org.openbravo.advpaymentmngt.ad_actionbutton/AddPaymentFromInvoice.html]]></MAPPINGNAME>
<!--200ED7B6D4CE4874ABF941DDA51AB78C-->  <ISDEFAULT><![CDATA[Y]]></ISDEFAULT>
<!--200ED7B6D4CE4874ABF941DDA51AB78C--></AD_MODEL_OBJECT_MAPPING>

<!--2EC5A21D42B24340924E71D318ED45F2--><AD_MODEL_OBJECT_MAPPING>
<!--2EC5A21D42B24340924E71D318ED45F2-->  <AD_MODEL_OBJECT_MAPPING_ID><![CDATA[2EC5A21D42B24340924E71D318ED45F2]]></AD_MODEL_OBJECT_MAPPING_ID>
<!--2EC5A21D42B24340924E71D318ED45F2-->  <AD_CLIENT_ID><![CDATA[0]]></AD_CLIENT_ID>
<!--2EC5A21D42B24340924E71D318ED45F2-->  <AD_ORG_ID><![CDATA[0]]></AD_ORG_ID>
<!--2EC5A21D42B24340924E71D318ED45F2-->  <ISACTIVE><![CDATA[Y]]></ISACTIVE>
<!--2EC5A21D42B24340924E71D318ED45F2-->  <AD_MODEL_OBJECT_ID><![CDATA[89313103AC3C4CC0BF080175CE85AEE9]]></AD_MODEL_OBJECT_ID>
<!--2EC5A21D42B24340924E71D318ED45F2-->  <MAPPINGNAME><![CDATA[/org.openbravo.advpaymentmngt.ad_actionbutton/AddTransaction.html]]></MAPPINGNAME>
<!--2EC5A21D42B24340924E71D318ED45F2-->  <ISDEFAULT><![CDATA[Y]]></ISDEFAULT>
<!--2EC5A21D42B24340924E71D318ED45F2--></AD_MODEL_OBJECT_MAPPING>

<!--3936F4E7C34C4A96A3898FA172B3D4D4--><AD_MODEL_OBJECT_MAPPING>
<!--3936F4E7C34C4A96A3898FA172B3D4D4-->  <AD_MODEL_OBJECT_MAPPING_ID><![CDATA[3936F4E7C34C4A96A3898FA172B3D4D4]]></AD_MODEL_OBJECT_MAPPING_ID>
<!--3936F4E7C34C4A96A3898FA172B3D4D4-->  <AD_CLIENT_ID><![CDATA[0]]></AD_CLIENT_ID>
<!--3936F4E7C34C4A96A3898FA172B3D4D4-->  <AD_ORG_ID><![CDATA[0]]></AD_ORG_ID>
<!--3936F4E7C34C4A96A3898FA172B3D4D4-->  <ISACTIVE><![CDATA[Y]]></ISACTIVE>
<!--3936F4E7C34C4A96A3898FA172B3D4D4-->  <AD_MODEL_OBJECT_ID><![CDATA[3E8AA61941634BBE8584C98881DF76D0]]></AD_MODEL_OBJECT_ID>
<!--3936F4E7C34C4A96A3898FA172B3D4D4-->  <MAPPINGNAME><![CDATA[/org.openbravo.advpaymentmngt.ad_forms/Transactions.html]]></MAPPINGNAME>
<!--3936F4E7C34C4A96A3898FA172B3D4D4-->  <ISDEFAULT><![CDATA[Y]]></ISDEFAULT>
<!--3936F4E7C34C4A96A3898FA172B3D4D4--></AD_MODEL_OBJECT_MAPPING>

<!--3C67B056A44F4D948570621D2DADA439--><AD_MODEL_OBJECT_MAPPING>
<!--3C67B056A44F4D948570621D2DADA439-->  <AD_MODEL_OBJECT_MAPPING_ID><![CDATA[3C67B056A44F4D948570621D2DADA439]]></AD_MODEL_OBJECT_MAPPING_ID>
<!--3C67B056A44F4D948570621D2DADA439-->  <AD_CLIENT_ID><![CDATA[0]]></AD_CLIENT_ID>
<!--3C67B056A44F4D948570621D2DADA439-->  <AD_ORG_ID><![CDATA[0]]></AD_ORG_ID>
<!--3C67B056A44F4D948570621D2DADA439-->  <ISACTIVE><![CDATA[Y]]></ISACTIVE>
<!--3C67B056A44F4D948570621D2DADA439-->  <AD_MODEL_OBJECT_ID><![CDATA[E7D054B44F5848B6B6FC5923EBA4E1DE]]></AD_MODEL_OBJECT_ID>
<!--3C67B056A44F4D948570621D2DADA439-->  <MAPPINGNAME><![CDATA[/org.openbravo.advpaymentmngt.ad_reports/ReportReconciliationSummary.html]]></MAPPINGNAME>
<!--3C67B056A44F4D948570621D2DADA439-->  <ISDEFAULT><![CDATA[Y]]></ISDEFAULT>
<!--3C67B056A44F4D948570621D2DADA439--></AD_MODEL_OBJECT_MAPPING>

<!--3FA22942DCD0451CAA0E924B30296B8B--><AD_MODEL_OBJECT_MAPPING>
<!--3FA22942DCD0451CAA0E924B30296B8B-->  <AD_MODEL_OBJECT_MAPPING_ID><![CDATA[3FA22942DCD0451CAA0E924B30296B8B]]></AD_MODEL_OBJECT_MAPPING_ID>
<!--3FA22942DCD0451CAA0E924B30296B8B-->  <AD_CLIENT_ID><![CDATA[0]]></AD_CLIENT_ID>
<!--3FA22942DCD0451CAA0E924B30296B8B-->  <AD_ORG_ID><![CDATA[0]]></AD_ORG_ID>
<!--3FA22942DCD0451CAA0E924B30296B8B-->  <ISACTIVE><![CDATA[Y]]></ISACTIVE>
<!--3FA22942DCD0451CAA0E924B30296B8B-->  <AD_MODEL_OBJECT_ID><![CDATA[62CA7E15A1D94659808D715D1A6D65F9]]></AD_MODEL_OBJECT_ID>
<!--3FA22942DCD0451CAA0E924B30296B8B-->  <MAPPINGNAME><![CDATA[/org.openbravo.advpaymentmngt.ad_actionbutton/MatchTransaction.html]]></MAPPINGNAME>
<!--3FA22942DCD0451CAA0E924B30296B8B-->  <ISDEFAULT><![CDATA[Y]]></ISDEFAULT>
<!--3FA22942DCD0451CAA0E924B30296B8B--></AD_MODEL_OBJECT_MAPPING>

<!--58BB77DE57BB409FB8C66C528C826DBF--><AD_MODEL_OBJECT_MAPPING>
<!--58BB77DE57BB409FB8C66C528C826DBF-->  <AD_MODEL_OBJECT_MAPPING_ID><![CDATA[58BB77DE57BB409FB8C66C528C826DBF]]></AD_MODEL_OBJECT_MAPPING_ID>
<!--58BB77DE57BB409FB8C66C528C826DBF-->  <AD_CLIENT_ID><![CDATA[0]]></AD_CLIENT_ID>
<!--58BB77DE57BB409FB8C66C528C826DBF-->  <AD_ORG_ID><![CDATA[0]]></AD_ORG_ID>
<!--58BB77DE57BB409FB8C66C528C826DBF-->  <ISACTIVE><![CDATA[Y]]></ISACTIVE>
<!--58BB77DE57BB409FB8C66C528C826DBF-->  <AD_MODEL_OBJECT_ID><![CDATA[C200D584303B4C9BA59CD232F16610D7]]></AD_MODEL_OBJECT_ID>
<!--58BB77DE57BB409FB8C66C528C826DBF-->  <MAPPINGNAME><![CDATA[/org.openbravo.advpaymentmngt.ad_actionbutton/ProcessPaymentProposal.html]]></MAPPINGNAME>
<!--58BB77DE57BB409FB8C66C528C826DBF-->  <ISDEFAULT><![CDATA[Y]]></ISDEFAULT>
<!--58BB77DE57BB409FB8C66C528C826DBF--></AD_MODEL_OBJECT_MAPPING>

<!--83A751C8E3ED46A7BE32DD3437D6A11C--><AD_MODEL_OBJECT_MAPPING>
<!--83A751C8E3ED46A7BE32DD3437D6A11C-->  <AD_MODEL_OBJECT_MAPPING_ID><![CDATA[83A751C8E3ED46A7BE32DD3437D6A11C]]></AD_MODEL_OBJECT_MAPPING_ID>
<!--83A751C8E3ED46A7BE32DD3437D6A11C-->  <AD_CLIENT_ID><![CDATA[0]]></AD_CLIENT_ID>
<!--83A751C8E3ED46A7BE32DD3437D6A11C-->  <AD_ORG_ID><![CDATA[0]]></AD_ORG_ID>
<!--83A751C8E3ED46A7BE32DD3437D6A11C-->  <ISACTIVE><![CDATA[Y]]></ISACTIVE>
<!--83A751C8E3ED46A7BE32DD3437D6A11C-->  <AD_MODEL_OBJECT_ID><![CDATA[90EBD262F5AF41E4ACFFF3FD00D43F61]]></AD_MODEL_OBJECT_ID>
<!--83A751C8E3ED46A7BE32DD3437D6A11C-->  <MAPPINGNAME><![CDATA[/org.openbravo.advpaymentmngt.ad_reports/ReportReconciliationDetail.html]]></MAPPINGNAME>
<!--83A751C8E3ED46A7BE32DD3437D6A11C-->  <ISDEFAULT><![CDATA[Y]]></ISDEFAULT>
<!--83A751C8E3ED46A7BE32DD3437D6A11C--></AD_MODEL_OBJECT_MAPPING>

<!--864787F9372C43E4BCEC5D7776105236--><AD_MODEL_OBJECT_MAPPING>
<!--864787F9372C43E4BCEC5D7776105236-->  <AD_MODEL_OBJECT_MAPPING_ID><![CDATA[864787F9372C43E4BCEC5D7776105236]]></AD_MODEL_OBJECT_MAPPING_ID>
<!--864787F9372C43E4BCEC5D7776105236-->  <AD_CLIENT_ID><![CDATA[0]]></AD_CLIENT_ID>
<!--864787F9372C43E4BCEC5D7776105236-->  <AD_ORG_ID><![CDATA[0]]></AD_ORG_ID>
<!--864787F9372C43E4BCEC5D7776105236-->  <ISACTIVE><![CDATA[Y]]></ISACTIVE>
<!--864787F9372C43E4BCEC5D7776105236-->  <AD_MODEL_OBJECT_ID><![CDATA[0F3F7B9BC1054B3BAEFC8BC44C55ADF9]]></AD_MODEL_OBJECT_ID>
<!--864787F9372C43E4BCEC5D7776105236-->  <MAPPINGNAME><![CDATA[/org.openbravo.advpaymentmngt.ad_actionbutton/SelectExpectedPayments.html]]></MAPPINGNAME>
<!--864787F9372C43E4BCEC5D7776105236-->  <ISDEFAULT><![CDATA[Y]]></ISDEFAULT>
<!--864787F9372C43E4BCEC5D7776105236--></AD_MODEL_OBJECT_MAPPING>

<!--86B5D292041747EA91C8141CABB4DC25--><AD_MODEL_OBJECT_MAPPING>
<!--86B5D292041747EA91C8141CABB4DC25-->  <AD_MODEL_OBJECT_MAPPING_ID><![CDATA[86B5D292041747EA91C8141CABB4DC25]]></AD_MODEL_OBJECT_MAPPING_ID>
<!--86B5D292041747EA91C8141CABB4DC25-->  <AD_CLIENT_ID><![CDATA[0]]></AD_CLIENT_ID>
<!--86B5D292041747EA91C8141CABB4DC25-->  <AD_ORG_ID><![CDATA[0]]></AD_ORG_ID>
<!--86B5D292041747EA91C8141CABB4DC25-->  <ISACTIVE><![CDATA[Y]]></ISACTIVE>
<!--86B5D292041747EA91C8141CABB4DC25-->  <AD_MODEL_OBJECT_ID><![CDATA[46A3E47C3F414E948988B487A85FC244]]></AD_MODEL_OBJECT_ID>
<!--86B5D292041747EA91C8141CABB4DC25-->  <MAPPINGNAME><![CDATA[/org.openbravo.advpaymentmngt.ad_actionbutton/Reconciliation.html]]></MAPPINGNAME>
<!--86B5D292041747EA91C8141CABB4DC25-->  <ISDEFAULT><![CDATA[Y]]></ISDEFAULT>
<!--86B5D292041747EA91C8141CABB4DC25--></AD_MODEL_OBJECT_MAPPING>

<!--8AD1F874AECD40DF818FD9B8A7AF0AF4--><AD_MODEL_OBJECT_MAPPING>
<!--8AD1F874AECD40DF818FD9B8A7AF0AF4-->  <AD_MODEL_OBJECT_MAPPING_ID><![CDATA[8AD1F874AECD40DF818FD9B8A7AF0AF4]]></AD_MODEL_OBJECT_MAPPING_ID>
<!--8AD1F874AECD40DF818FD9B8A7AF0AF4-->  <AD_CLIENT_ID><![CDATA[0]]></AD_CLIENT_ID>
<!--8AD1F874AECD40DF818FD9B8A7AF0AF4-->  <AD_ORG_ID><![CDATA[0]]></AD_ORG_ID>
<!--8AD1F874AECD40DF818FD9B8A7AF0AF4-->  <ISACTIVE><![CDATA[Y]]></ISACTIVE>
<!--8AD1F874AECD40DF818FD9B8A7AF0AF4-->  <AD_MODEL_OBJECT_ID><![CDATA[FE791E7B95E249EEB4CA21A90D5728FB]]></AD_MODEL_OBJECT_ID>
<!--8AD1F874AECD40DF818FD9B8A7AF0AF4-->  <MAPPINGNAME><![CDATA[/org.openbravo.advpaymentmngt.ad_actionbutton/ImportBankFile.html]]></MAPPINGNAME>
<!--8AD1F874AECD40DF818FD9B8A7AF0AF4-->  <ISDEFAULT><![CDATA[Y]]></ISDEFAULT>
<!--8AD1F874AECD40DF818FD9B8A7AF0AF4--></AD_MODEL_OBJECT_MAPPING>

<!--AE8C7341B0A9456F81864388CEF45861--><AD_MODEL_OBJECT_MAPPING>
<!--AE8C7341B0A9456F81864388CEF45861-->  <AD_MODEL_OBJECT_MAPPING_ID><![CDATA[AE8C7341B0A9456F81864388CEF45861]]></AD_MODEL_OBJECT_MAPPING_ID>
<!--AE8C7341B0A9456F81864388CEF45861-->  <AD_CLIENT_ID><![CDATA[0]]></AD_CLIENT_ID>
<!--AE8C7341B0A9456F81864388CEF45861-->  <AD_ORG_ID><![CDATA[0]]></AD_ORG_ID>
<!--AE8C7341B0A9456F81864388CEF45861-->  <ISACTIVE><![CDATA[Y]]></ISACTIVE>
<!--AE8C7341B0A9456F81864388CEF45861-->  <AD_MODEL_OBJECT_ID><![CDATA[DC6F77826AD54AEF865E47C8FC356143]]></AD_MODEL_OBJECT_ID>
<!--AE8C7341B0A9456F81864388CEF45861-->  <MAPPINGNAME><![CDATA[/org.openbravo.advpaymentmngt.ad_actionbutton/AddOrderOrInvoice.html]]></MAPPINGNAME>
<!--AE8C7341B0A9456F81864388CEF45861-->  <ISDEFAULT><![CDATA[Y]]></ISDEFAULT>
<!--AE8C7341B0A9456F81864388CEF45861--></AD_MODEL_OBJECT_MAPPING>

<!--DD301F88D6684ABBACD1149ADB89CF27--><AD_MODEL_OBJECT_MAPPING>
<!--DD301F88D6684ABBACD1149ADB89CF27-->  <AD_MODEL_OBJECT_MAPPING_ID><![CDATA[DD301F88D6684ABBACD1149ADB89CF27]]></AD_MODEL_OBJECT_MAPPING_ID>
<!--DD301F88D6684ABBACD1149ADB89CF27-->  <AD_CLIENT_ID><![CDATA[0]]></AD_CLIENT_ID>
<!--DD301F88D6684ABBACD1149ADB89CF27-->  <AD_ORG_ID><![CDATA[0]]></AD_ORG_ID>
<!--DD301F88D6684ABBACD1149ADB89CF27-->  <ISACTIVE><![CDATA[Y]]></ISACTIVE>
<!--DD301F88D6684ABBACD1149ADB89CF27-->  <AD_MODEL_OBJECT_ID><![CDATA[FF73C27402EB45558A1925859CD484F0]]></AD_MODEL_OBJECT_ID>
<!--DD301F88D6684ABBACD1149ADB89CF27-->  <MAPPINGNAME><![CDATA[/org.openbravo.advpaymentmngt.ad_actionbutton/MatchTransaction.html]]></MAPPINGNAME>
<!--DD301F88D6684ABBACD1149ADB89CF27-->  <ISDEFAULT><![CDATA[Y]]></ISDEFAULT>
<!--DD301F88D6684ABBACD1149ADB89CF27--></AD_MODEL_OBJECT_MAPPING>

<!--E5A6CF93095E4537A090E79721CB1941--><AD_MODEL_OBJECT_MAPPING>
<!--E5A6CF93095E4537A090E79721CB1941-->  <AD_MODEL_OBJECT_MAPPING_ID><![CDATA[E5A6CF93095E4537A090E79721CB1941]]></AD_MODEL_OBJECT_MAPPING_ID>
<!--E5A6CF93095E4537A090E79721CB1941-->  <AD_CLIENT_ID><![CDATA[0]]></AD_CLIENT_ID>
<!--E5A6CF93095E4537A090E79721CB1941-->  <AD_ORG_ID><![CDATA[0]]></AD_ORG_ID>
<!--E5A6CF93095E4537A090E79721CB1941-->  <ISACTIVE><![CDATA[Y]]></ISACTIVE>
<!--E5A6CF93095E4537A090E79721CB1941-->  <AD_MODEL_OBJECT_ID><![CDATA[F9CAF92FC3A84BAD8644B0006EF483FB]]></AD_MODEL_OBJECT_ID>
<!--E5A6CF93095E4537A090E79721CB1941-->  <MAPPINGNAME><![CDATA[/org.openbravo.advpaymentmngt.ad_forms/BatchPaymentExecution.html]]></MAPPINGNAME>
<!--E5A6CF93095E4537A090E79721CB1941-->  <ISDEFAULT><![CDATA[Y]]></ISDEFAULT>
<!--E5A6CF93095E4537A090E79721CB1941--></AD_MODEL_OBJECT_MAPPING>

<!--FD8A225D00B0452F9E0917DB71DCF7DD--><AD_MODEL_OBJECT_MAPPING>
<!--FD8A225D00B0452F9E0917DB71DCF7DD-->  <AD_MODEL_OBJECT_MAPPING_ID><![CDATA[FD8A225D00B0452F9E0917DB71DCF7DD]]></AD_MODEL_OBJECT_MAPPING_ID>
<!--FD8A225D00B0452F9E0917DB71DCF7DD-->  <AD_CLIENT_ID><![CDATA[0]]></AD_CLIENT_ID>
<!--FD8A225D00B0452F9E0917DB71DCF7DD-->  <AD_ORG_ID><![CDATA[0]]></AD_ORG_ID>
<!--FD8A225D00B0452F9E0917DB71DCF7DD-->  <ISACTIVE><![CDATA[Y]]></ISACTIVE>
<!--FD8A225D00B0452F9E0917DB71DCF7DD-->  <AD_MODEL_OBJECT_ID><![CDATA[9313D44D9A13480388AD5A55B455EDCB]]></AD_MODEL_OBJECT_ID>
<!--FD8A225D00B0452F9E0917DB71DCF7DD-->  <MAPPINGNAME><![CDATA[/org.openbravo.advpaymentmngt.ad_actionbutton/AddPaymentFromTransaction.html]]></MAPPINGNAME>
<!--FD8A225D00B0452F9E0917DB71DCF7DD-->  <ISDEFAULT><![CDATA[Y]]></ISDEFAULT>
<!--FD8A225D00B0452F9E0917DB71DCF7DD--></AD_MODEL_OBJECT_MAPPING>

</data>
