<?xml version='1.0' encoding='UTF-8'?>
<data>
<!--26E32586156B45278E2D2ACAA5454598--><AD_PREFERENCE>
<!--26E32586156B45278E2D2ACAA5454598-->  <AD_PREFERENCE_ID><![CDATA[26E32586156B45278E2D2ACAA5454598]]></AD_PREFERENCE_ID>
<!--26E32586156B45278E2D2ACAA5454598-->  <AD_CLIENT_ID><![CDATA[0]]></AD_CLIENT_ID>
<!--26E32586156B45278E2D2ACAA5454598-->  <AD_ORG_ID><![CDATA[0]]></AD_ORG_ID>
<!--26E32586156B45278E2D2ACAA5454598-->  <ISACTIVE><![CDATA[Y]]></ISACTIVE>
<!--26E32586156B45278E2D2ACAA5454598-->  <VALUE><![CDATA[Y]]></VALUE>
<!--26E32586156B45278E2D2ACAA5454598-->  <PROPERTY><![CDATA[InvoiceProcessButton]]></PROPERTY>
<!--26E32586156B45278E2D2ACAA5454598-->  <ISPROPERTYLIST><![CDATA[Y]]></ISPROPERTYLIST>
<!--26E32586156B45278E2D2ACAA5454598-->  <AD_MODULE_ID><![CDATA[A918E3331C404B889D69AA9BFAFB23AC]]></AD_MODULE_ID>
<!--26E32586156B45278E2D2ACAA5454598--></AD_PREFERENCE>

<!--3DBC63716B7C4FF6846CA092EA058BE8--><AD_PREFERENCE>
<!--3DBC63716B7C4FF6846CA092EA058BE8-->  <AD_PREFERENCE_ID><![CDATA[3DBC63716B7C4FF6846CA092EA058BE8]]></AD_PREFERENCE_ID>
<!--3DBC63716B7C4FF6846CA092EA058BE8-->  <AD_CLIENT_ID><![CDATA[0]]></AD_CLIENT_ID>
<!--3DBC63716B7C4FF6846CA092EA058BE8-->  <AD_ORG_ID><![CDATA[0]]></AD_ORG_ID>
<!--3DBC63716B7C4FF6846CA092EA058BE8-->  <ISACTIVE><![CDATA[Y]]></ISACTIVE>
<!--3DBC63716B7C4FF6846CA092EA058BE8-->  <VALUE><![CDATA[Y]]></VALUE>
<!--3DBC63716B7C4FF6846CA092EA058BE8-->  <PROPERTY><![CDATA[FinancialManagement]]></PROPERTY>
<!--3DBC63716B7C4FF6846CA092EA058BE8-->  <ISPROPERTYLIST><![CDATA[Y]]></ISPROPERTYLIST>
<!--3DBC63716B7C4FF6846CA092EA058BE8-->  <AD_MODULE_ID><![CDATA[A918E3331C404B889D69AA9BFAFB23AC]]></AD_MODULE_ID>
<!--3DBC63716B7C4FF6846CA092EA058BE8--></AD_PREFERENCE>

<!--4AF17D34610443D7B69447C68D1B0420--><AD_PREFERENCE>
<!--4AF17D34610443D7B69447C68D1B0420-->  <AD_PREFERENCE_ID><![CDATA[4AF17D34610443D7B69447C68D1B0420]]></AD_PREFERENCE_ID>
<!--4AF17D34610443D7B69447C68D1B0420-->  <AD_CLIENT_ID><![CDATA[0]]></AD_CLIENT_ID>
<!--4AF17D34610443D7B69447C68D1B0420-->  <AD_ORG_ID><![CDATA[0]]></AD_ORG_ID>
<!--4AF17D34610443D7B69447C68D1B0420-->  <ISACTIVE><![CDATA[Y]]></ISACTIVE>
<!--4AF17D34610443D7B69447C68D1B0420-->  <VALUE><![CDATA[Y]]></VALUE>
<!--4AF17D34610443D7B69447C68D1B0420-->  <PROPERTY><![CDATA[CCU]]></PROPERTY>
<!--4AF17D34610443D7B69447C68D1B0420-->  <ISPROPERTYLIST><![CDATA[Y]]></ISPROPERTYLIST>
<!--4AF17D34610443D7B69447C68D1B0420-->  <AD_MODULE_ID><![CDATA[A918E3331C404B889D69AA9BFAFB23AC]]></AD_MODULE_ID>
<!--4AF17D34610443D7B69447C68D1B0420--></AD_PREFERENCE>

<!--4B4163F96A0D46F9BB7D9F3C94495038--><AD_PREFERENCE>
<!--4B4163F96A0D46F9BB7D9F3C94495038-->  <AD_PREFERENCE_ID><![CDATA[4B4163F96A0D46F9BB7D9F3C94495038]]></AD_PREFERENCE_ID>
<!--4B4163F96A0D46F9BB7D9F3C94495038-->  <AD_CLIENT_ID><![CDATA[0]]></AD_CLIENT_ID>
<!--4B4163F96A0D46F9BB7D9F3C94495038-->  <AD_ORG_ID><![CDATA[0]]></AD_ORG_ID>
<!--4B4163F96A0D46F9BB7D9F3C94495038-->  <ISACTIVE><![CDATA[Y]]></ISACTIVE>
<!--4B4163F96A0D46F9BB7D9F3C94495038-->  <ATTRIBUTE><![CDATA[Doubtful_Debt_Visibility]]></ATTRIBUTE>
<!--4B4163F96A0D46F9BB7D9F3C94495038-->  <VALUE><![CDATA[N]]></VALUE>
<!--4B4163F96A0D46F9BB7D9F3C94495038-->  <ISPROPERTYLIST><![CDATA[N]]></ISPROPERTYLIST>
<!--4B4163F96A0D46F9BB7D9F3C94495038-->  <AD_MODULE_ID><![CDATA[A918E3331C404B889D69AA9BFAFB23AC]]></AD_MODULE_ID>
<!--4B4163F96A0D46F9BB7D9F3C94495038--></AD_PREFERENCE>

<!--9B4A5EB695FEA841E040A8C0E1077381--><AD_PREFERENCE>
<!--9B4A5EB695FEA841E040A8C0E1077381-->  <AD_PREFERENCE_ID><![CDATA[9B4A5EB695FEA841E040A8C0E1077381]]></AD_PREFERENCE_ID>
<!--9B4A5EB695FEA841E040A8C0E1077381-->  <AD_CLIENT_ID><![CDATA[0]]></AD_CLIENT_ID>
<!--9B4A5EB695FEA841E040A8C0E1077381-->  <AD_ORG_ID><![CDATA[0]]></AD_ORG_ID>
<!--9B4A5EB695FEA841E040A8C0E1077381-->  <ISACTIVE><![CDATA[Y]]></ISACTIVE>
<!--9B4A5EB695FEA841E040A8C0E1077381-->  <ATTRIBUTE><![CDATA[ModalModuleorg.openbravo.advpaymentmngt]]></ATTRIBUTE>
<!--9B4A5EB695FEA841E040A8C0E1077381-->  <VALUE><![CDATA[Y]]></VALUE>
<!--9B4A5EB695FEA841E040A8C0E1077381-->  <ISPROPERTYLIST><![CDATA[N]]></ISPROPERTYLIST>
<!--9B4A5EB695FEA841E040A8C0E1077381-->  <AD_MODULE_ID><![CDATA[A918E3331C404B889D69AA9BFAFB23AC]]></AD_MODULE_ID>
<!--9B4A5EB695FEA841E040A8C0E1077381--></AD_PREFERENCE>

<!--C2250516BAB0443AA56D758F10186E09--><AD_PREFERENCE>
<!--C2250516BAB0443AA56D758F10186E09-->  <AD_PREFERENCE_ID><![CDATA[C2250516BAB0443AA56D758F10186E09]]></AD_PREFERENCE_ID>
<!--C2250516BAB0443AA56D758F10186E09-->  <AD_CLIENT_ID><![CDATA[0]]></AD_CLIENT_ID>
<!--C2250516BAB0443AA56D758F10186E09-->  <AD_ORG_ID><![CDATA[0]]></AD_ORG_ID>
<!--C2250516BAB0443AA56D758F10186E09-->  <ISACTIVE><![CDATA[Y]]></ISACTIVE>
<!--C2250516BAB0443AA56D758F10186E09-->  <VALUE><![CDATA[Y]]></VALUE>
<!--C2250516BAB0443AA56D758F10186E09-->  <PROPERTY><![CDATA[PaymentMonitor]]></PROPERTY>
<!--C2250516BAB0443AA56D758F10186E09-->  <ISPROPERTYLIST><![CDATA[Y]]></ISPROPERTYLIST>
<!--C2250516BAB0443AA56D758F10186E09-->  <AD_MODULE_ID><![CDATA[A918E3331C404B889D69AA9BFAFB23AC]]></AD_MODULE_ID>
<!--C2250516BAB0443AA56D758F10186E09--></AD_PREFERENCE>

</data>
