<?xml version='1.0' encoding='UTF-8'?>
<data>
<!--0F62C351CBE74F9F856E8383AF932DD6--><AD_PROCESS_PARA>
<!--0F62C351CBE74F9F856E8383AF932DD6-->  <AD_PROCESS_PARA_ID><![CDATA[0F62C351CBE74F9F856E8383AF932DD6]]></AD_PROCESS_PARA_ID>
<!--0F62C351CBE74F9F856E8383AF932DD6-->  <AD_CLIENT_ID><![CDATA[0]]></AD_CLIENT_ID>
<!--0F62C351CBE74F9F856E8383AF932DD6-->  <AD_ORG_ID><![CDATA[0]]></AD_ORG_ID>
<!--0F62C351CBE74F9F856E8383AF932DD6-->  <ISACTIVE><![CDATA[Y]]></ISACTIVE>
<!--0F62C351CBE74F9F856E8383AF932DD6-->  <NAME><![CDATA[1st Dimension]]></NAME>
<!--0F62C351CBE74F9F856E8383AF932DD6-->  <DESCRIPTION><![CDATA[A display of optional elements that are previously defined for this account combination.]]></DESCRIPTION>
<!--0F62C351CBE74F9F856E8383AF932DD6-->  <HELP><![CDATA[The user defined element displays the optional elements that have been defined for this account combination.]]></HELP>
<!--0F62C351CBE74F9F856E8383AF932DD6-->  <AD_PROCESS_ID><![CDATA[15C8708DFC464C2D91286E59624FDD18]]></AD_PROCESS_ID>
<!--0F62C351CBE74F9F856E8383AF932DD6-->  <SEQNO><![CDATA[90]]></SEQNO>
<!--0F62C351CBE74F9F856E8383AF932DD6-->  <AD_REFERENCE_ID><![CDATA[95E2A8B50A254B2AAE6774B8C2F28120]]></AD_REFERENCE_ID>
<!--0F62C351CBE74F9F856E8383AF932DD6-->  <AD_REFERENCE_VALUE_ID><![CDATA[0E0D1661E18E4E05A118785A7CF146B8]]></AD_REFERENCE_VALUE_ID>
<!--0F62C351CBE74F9F856E8383AF932DD6-->  <COLUMNNAME><![CDATA[User1_ID]]></COLUMNNAME>
<!--0F62C351CBE74F9F856E8383AF932DD6-->  <ISCENTRALLYMAINTAINED><![CDATA[Y]]></ISCENTRALLYMAINTAINED>
<!--0F62C351CBE74F9F856E8383AF932DD6-->  <FIELDLENGTH><![CDATA[100]]></FIELDLENGTH>
<!--0F62C351CBE74F9F856E8383AF932DD6-->  <ISMANDATORY><![CDATA[N]]></ISMANDATORY>
<!--0F62C351CBE74F9F856E8383AF932DD6-->  <ISRANGE><![CDATA[N]]></ISRANGE>
<!--0F62C351CBE74F9F856E8383AF932DD6-->  <DEFAULTVALUE><![CDATA[@User1_ID@]]></DEFAULTVALUE>
<!--0F62C351CBE74F9F856E8383AF932DD6-->  <AD_ELEMENT_ID><![CDATA[5491745132934260A5F00EF178EBC04B]]></AD_ELEMENT_ID>
<!--0F62C351CBE74F9F856E8383AF932DD6--></AD_PROCESS_PARA>

<!--10D10303E5374D7E99D9D04EE16DCC5D--><AD_PROCESS_PARA>
<!--10D10303E5374D7E99D9D04EE16DCC5D-->  <AD_PROCESS_PARA_ID><![CDATA[10D10303E5374D7E99D9D04EE16DCC5D]]></AD_PROCESS_PARA_ID>
<!--10D10303E5374D7E99D9D04EE16DCC5D-->  <AD_CLIENT_ID><![CDATA[0]]></AD_CLIENT_ID>
<!--10D10303E5374D7E99D9D04EE16DCC5D-->  <AD_ORG_ID><![CDATA[0]]></AD_ORG_ID>
<!--10D10303E5374D7E99D9D04EE16DCC5D-->  <ISACTIVE><![CDATA[Y]]></ISACTIVE>
<!--10D10303E5374D7E99D9D04EE16DCC5D-->  <NAME><![CDATA[Action]]></NAME>
<!--10D10303E5374D7E99D9D04EE16DCC5D-->  <DESCRIPTION><![CDATA[A drop down list box indicating the next step to take.]]></DESCRIPTION>
<!--10D10303E5374D7E99D9D04EE16DCC5D-->  <HELP><![CDATA[The Action field indicates the Action to be performed for this element.]]></HELP>
<!--10D10303E5374D7E99D9D04EE16DCC5D-->  <AD_PROCESS_ID><![CDATA[6BF16EFC772843AC9A17552AE0B26AB7]]></AD_PROCESS_ID>
<!--10D10303E5374D7E99D9D04EE16DCC5D-->  <SEQNO><![CDATA[10]]></SEQNO>
<!--10D10303E5374D7E99D9D04EE16DCC5D-->  <AD_REFERENCE_ID><![CDATA[17]]></AD_REFERENCE_ID>
<!--10D10303E5374D7E99D9D04EE16DCC5D-->  <AD_REFERENCE_VALUE_ID><![CDATA[FF8080812E443491012E443C053A001A]]></AD_REFERENCE_VALUE_ID>
<!--10D10303E5374D7E99D9D04EE16DCC5D-->  <AD_VAL_RULE_ID><![CDATA[FF808081332719060133271E5BB1001B]]></AD_VAL_RULE_ID>
<!--10D10303E5374D7E99D9D04EE16DCC5D-->  <COLUMNNAME><![CDATA[action]]></COLUMNNAME>
<!--10D10303E5374D7E99D9D04EE16DCC5D-->  <ISCENTRALLYMAINTAINED><![CDATA[Y]]></ISCENTRALLYMAINTAINED>
<!--10D10303E5374D7E99D9D04EE16DCC5D-->  <FIELDLENGTH><![CDATA[0]]></FIELDLENGTH>
<!--10D10303E5374D7E99D9D04EE16DCC5D-->  <ISMANDATORY><![CDATA[Y]]></ISMANDATORY>
<!--10D10303E5374D7E99D9D04EE16DCC5D-->  <ISRANGE><![CDATA[N]]></ISRANGE>
<!--10D10303E5374D7E99D9D04EE16DCC5D-->  <DEFAULTVALUE><![CDATA[@Process_Reconciliation@]]></DEFAULTVALUE>
<!--10D10303E5374D7E99D9D04EE16DCC5D-->  <AD_ELEMENT_ID><![CDATA[152]]></AD_ELEMENT_ID>
<!--10D10303E5374D7E99D9D04EE16DCC5D--></AD_PROCESS_PARA>

<!--1913962D2952412B84B8CDD3BC17026F--><AD_PROCESS_PARA>
<!--1913962D2952412B84B8CDD3BC17026F-->  <AD_PROCESS_PARA_ID><![CDATA[1913962D2952412B84B8CDD3BC17026F]]></AD_PROCESS_PARA_ID>
<!--1913962D2952412B84B8CDD3BC17026F-->  <AD_CLIENT_ID><![CDATA[0]]></AD_CLIENT_ID>
<!--1913962D2952412B84B8CDD3BC17026F-->  <AD_ORG_ID><![CDATA[0]]></AD_ORG_ID>
<!--1913962D2952412B84B8CDD3BC17026F-->  <ISACTIVE><![CDATA[Y]]></ISACTIVE>
<!--1913962D2952412B84B8CDD3BC17026F-->  <NAME><![CDATA[Product]]></NAME>
<!--1913962D2952412B84B8CDD3BC17026F-->  <DESCRIPTION><![CDATA[An item produced by a process.]]></DESCRIPTION>
<!--1913962D2952412B84B8CDD3BC17026F-->  <HELP><![CDATA[Identifies an item which is either purchased or sold in this organization.]]></HELP>
<!--1913962D2952412B84B8CDD3BC17026F-->  <AD_PROCESS_ID><![CDATA[15C8708DFC464C2D91286E59624FDD18]]></AD_PROCESS_ID>
<!--1913962D2952412B84B8CDD3BC17026F-->  <SEQNO><![CDATA[20]]></SEQNO>
<!--1913962D2952412B84B8CDD3BC17026F-->  <AD_REFERENCE_ID><![CDATA[95E2A8B50A254B2AAE6774B8C2F28120]]></AD_REFERENCE_ID>
<!--1913962D2952412B84B8CDD3BC17026F-->  <AD_REFERENCE_VALUE_ID><![CDATA[FF808181312DA8D801312DDDAA750008]]></AD_REFERENCE_VALUE_ID>
<!--1913962D2952412B84B8CDD3BC17026F-->  <COLUMNNAME><![CDATA[M_Product_ID]]></COLUMNNAME>
<!--1913962D2952412B84B8CDD3BC17026F-->  <ISCENTRALLYMAINTAINED><![CDATA[Y]]></ISCENTRALLYMAINTAINED>
<!--1913962D2952412B84B8CDD3BC17026F-->  <FIELDLENGTH><![CDATA[100]]></FIELDLENGTH>
<!--1913962D2952412B84B8CDD3BC17026F-->  <ISMANDATORY><![CDATA[N]]></ISMANDATORY>
<!--1913962D2952412B84B8CDD3BC17026F-->  <ISRANGE><![CDATA[N]]></ISRANGE>
<!--1913962D2952412B84B8CDD3BC17026F-->  <DEFAULTVALUE><![CDATA[@M_Product_ID@]]></DEFAULTVALUE>
<!--1913962D2952412B84B8CDD3BC17026F-->  <AD_ELEMENT_ID><![CDATA[454]]></AD_ELEMENT_ID>
<!--1913962D2952412B84B8CDD3BC17026F--></AD_PROCESS_PARA>

<!--29603F2454644A24997830BB4F30C6C1--><AD_PROCESS_PARA>
<!--29603F2454644A24997830BB4F30C6C1-->  <AD_PROCESS_PARA_ID><![CDATA[29603F2454644A24997830BB4F30C6C1]]></AD_PROCESS_PARA_ID>
<!--29603F2454644A24997830BB4F30C6C1-->  <AD_CLIENT_ID><![CDATA[0]]></AD_CLIENT_ID>
<!--29603F2454644A24997830BB4F30C6C1-->  <AD_ORG_ID><![CDATA[0]]></AD_ORG_ID>
<!--29603F2454644A24997830BB4F30C6C1-->  <ISACTIVE><![CDATA[Y]]></ISACTIVE>
<!--29603F2454644A24997830BB4F30C6C1-->  <NAME><![CDATA[Action]]></NAME>
<!--29603F2454644A24997830BB4F30C6C1-->  <DESCRIPTION><![CDATA[A drop down list box indicating the next step to take.]]></DESCRIPTION>
<!--29603F2454644A24997830BB4F30C6C1-->  <HELP><![CDATA[The Action field indicates the Action to be performed for this element.]]></HELP>
<!--29603F2454644A24997830BB4F30C6C1-->  <AD_PROCESS_ID><![CDATA[0BDC2164ED3E48539FCEF4D306F29EFD]]></AD_PROCESS_ID>
<!--29603F2454644A24997830BB4F30C6C1-->  <SEQNO><![CDATA[10]]></SEQNO>
<!--29603F2454644A24997830BB4F30C6C1-->  <AD_REFERENCE_ID><![CDATA[17]]></AD_REFERENCE_ID>
<!--29603F2454644A24997830BB4F30C6C1-->  <AD_REFERENCE_VALUE_ID><![CDATA[798239EB069F41A9BA8EE040C63DDBBC]]></AD_REFERENCE_VALUE_ID>
<!--29603F2454644A24997830BB4F30C6C1-->  <AD_VAL_RULE_ID><![CDATA[3842B167CA6F44239C3357A721E3BA6A]]></AD_VAL_RULE_ID>
<!--29603F2454644A24997830BB4F30C6C1-->  <COLUMNNAME><![CDATA[action]]></COLUMNNAME>
<!--29603F2454644A24997830BB4F30C6C1-->  <ISCENTRALLYMAINTAINED><![CDATA[Y]]></ISCENTRALLYMAINTAINED>
<!--29603F2454644A24997830BB4F30C6C1-->  <FIELDLENGTH><![CDATA[0]]></FIELDLENGTH>
<!--29603F2454644A24997830BB4F30C6C1-->  <ISMANDATORY><![CDATA[Y]]></ISMANDATORY>
<!--29603F2454644A24997830BB4F30C6C1-->  <ISRANGE><![CDATA[N]]></ISRANGE>
<!--29603F2454644A24997830BB4F30C6C1-->  <AD_ELEMENT_ID><![CDATA[152]]></AD_ELEMENT_ID>
<!--29603F2454644A24997830BB4F30C6C1--></AD_PROCESS_PARA>

<!--3B379D35276D40B490131C3A8A000758--><AD_PROCESS_PARA>
<!--3B379D35276D40B490131C3A8A000758-->  <AD_PROCESS_PARA_ID><![CDATA[3B379D35276D40B490131C3A8A000758]]></AD_PROCESS_PARA_ID>
<!--3B379D35276D40B490131C3A8A000758-->  <AD_CLIENT_ID><![CDATA[0]]></AD_CLIENT_ID>
<!--3B379D35276D40B490131C3A8A000758-->  <AD_ORG_ID><![CDATA[0]]></AD_ORG_ID>
<!--3B379D35276D40B490131C3A8A000758-->  <ISACTIVE><![CDATA[Y]]></ISACTIVE>
<!--3B379D35276D40B490131C3A8A000758-->  <NAME><![CDATA[2nd Dimension]]></NAME>
<!--3B379D35276D40B490131C3A8A000758-->  <DESCRIPTION><![CDATA[A display of optional elements that are previously defined for this account combination.]]></DESCRIPTION>
<!--3B379D35276D40B490131C3A8A000758-->  <HELP><![CDATA[The user defined element displays the optional elements that have been defined for this account combination.]]></HELP>
<!--3B379D35276D40B490131C3A8A000758-->  <AD_PROCESS_ID><![CDATA[15C8708DFC464C2D91286E59624FDD18]]></AD_PROCESS_ID>
<!--3B379D35276D40B490131C3A8A000758-->  <SEQNO><![CDATA[100]]></SEQNO>
<!--3B379D35276D40B490131C3A8A000758-->  <AD_REFERENCE_ID><![CDATA[95E2A8B50A254B2AAE6774B8C2F28120]]></AD_REFERENCE_ID>
<!--3B379D35276D40B490131C3A8A000758-->  <AD_REFERENCE_VALUE_ID><![CDATA[1850A5390D97470EBB35A3A5F43AB533]]></AD_REFERENCE_VALUE_ID>
<!--3B379D35276D40B490131C3A8A000758-->  <COLUMNNAME><![CDATA[User2_ID]]></COLUMNNAME>
<!--3B379D35276D40B490131C3A8A000758-->  <ISCENTRALLYMAINTAINED><![CDATA[Y]]></ISCENTRALLYMAINTAINED>
<!--3B379D35276D40B490131C3A8A000758-->  <FIELDLENGTH><![CDATA[100]]></FIELDLENGTH>
<!--3B379D35276D40B490131C3A8A000758-->  <ISMANDATORY><![CDATA[N]]></ISMANDATORY>
<!--3B379D35276D40B490131C3A8A000758-->  <ISRANGE><![CDATA[N]]></ISRANGE>
<!--3B379D35276D40B490131C3A8A000758-->  <DEFAULTVALUE><![CDATA[@User2_ID@]]></DEFAULTVALUE>
<!--3B379D35276D40B490131C3A8A000758-->  <AD_ELEMENT_ID><![CDATA[614]]></AD_ELEMENT_ID>
<!--3B379D35276D40B490131C3A8A000758--></AD_PROCESS_PARA>

<!--4F5EE1017087464EAD95F3CCA4C5AFA5--><AD_PROCESS_PARA>
<!--4F5EE1017087464EAD95F3CCA4C5AFA5-->  <AD_PROCESS_PARA_ID><![CDATA[4F5EE1017087464EAD95F3CCA4C5AFA5]]></AD_PROCESS_PARA_ID>
<!--4F5EE1017087464EAD95F3CCA4C5AFA5-->  <AD_CLIENT_ID><![CDATA[0]]></AD_CLIENT_ID>
<!--4F5EE1017087464EAD95F3CCA4C5AFA5-->  <AD_ORG_ID><![CDATA[0]]></AD_ORG_ID>
<!--4F5EE1017087464EAD95F3CCA4C5AFA5-->  <ISACTIVE><![CDATA[Y]]></ISACTIVE>
<!--4F5EE1017087464EAD95F3CCA4C5AFA5-->  <NAME><![CDATA[Project]]></NAME>
<!--4F5EE1017087464EAD95F3CCA4C5AFA5-->  <DESCRIPTION><![CDATA[Identifier of a project defined within the Project & Service Management module.]]></DESCRIPTION>
<!--4F5EE1017087464EAD95F3CCA4C5AFA5-->  <HELP><![CDATA[Identifier of a project defined within the Project & Service Management module.]]></HELP>
<!--4F5EE1017087464EAD95F3CCA4C5AFA5-->  <AD_PROCESS_ID><![CDATA[15C8708DFC464C2D91286E59624FDD18]]></AD_PROCESS_ID>
<!--4F5EE1017087464EAD95F3CCA4C5AFA5-->  <SEQNO><![CDATA[40]]></SEQNO>
<!--4F5EE1017087464EAD95F3CCA4C5AFA5-->  <AD_REFERENCE_ID><![CDATA[95E2A8B50A254B2AAE6774B8C2F28120]]></AD_REFERENCE_ID>
<!--4F5EE1017087464EAD95F3CCA4C5AFA5-->  <AD_REFERENCE_VALUE_ID><![CDATA[FF808181312D569C01312D8FA681005A]]></AD_REFERENCE_VALUE_ID>
<!--4F5EE1017087464EAD95F3CCA4C5AFA5-->  <COLUMNNAME><![CDATA[C_Project_ID]]></COLUMNNAME>
<!--4F5EE1017087464EAD95F3CCA4C5AFA5-->  <ISCENTRALLYMAINTAINED><![CDATA[Y]]></ISCENTRALLYMAINTAINED>
<!--4F5EE1017087464EAD95F3CCA4C5AFA5-->  <FIELDLENGTH><![CDATA[100]]></FIELDLENGTH>
<!--4F5EE1017087464EAD95F3CCA4C5AFA5-->  <ISMANDATORY><![CDATA[N]]></ISMANDATORY>
<!--4F5EE1017087464EAD95F3CCA4C5AFA5-->  <ISRANGE><![CDATA[N]]></ISRANGE>
<!--4F5EE1017087464EAD95F3CCA4C5AFA5-->  <DEFAULTVALUE><![CDATA[@C_Project_ID@]]></DEFAULTVALUE>
<!--4F5EE1017087464EAD95F3CCA4C5AFA5-->  <AD_ELEMENT_ID><![CDATA[208]]></AD_ELEMENT_ID>
<!--4F5EE1017087464EAD95F3CCA4C5AFA5--></AD_PROCESS_PARA>

<!--6EEE4A4DB1BA476BA7929EC7FCF285F8--><AD_PROCESS_PARA>
<!--6EEE4A4DB1BA476BA7929EC7FCF285F8-->  <AD_PROCESS_PARA_ID><![CDATA[6EEE4A4DB1BA476BA7929EC7FCF285F8]]></AD_PROCESS_PARA_ID>
<!--6EEE4A4DB1BA476BA7929EC7FCF285F8-->  <AD_CLIENT_ID><![CDATA[0]]></AD_CLIENT_ID>
<!--6EEE4A4DB1BA476BA7929EC7FCF285F8-->  <AD_ORG_ID><![CDATA[0]]></AD_ORG_ID>
<!--6EEE4A4DB1BA476BA7929EC7FCF285F8-->  <ISACTIVE><![CDATA[Y]]></ISACTIVE>
<!--6EEE4A4DB1BA476BA7929EC7FCF285F8-->  <NAME><![CDATA[Business Partner]]></NAME>
<!--6EEE4A4DB1BA476BA7929EC7FCF285F8-->  <DESCRIPTION><![CDATA[Anyone who takes part in daily business operations by acting as a customer, employee, etc.]]></DESCRIPTION>
<!--6EEE4A4DB1BA476BA7929EC7FCF285F8-->  <HELP><![CDATA[A Business Partner is anyone with whom you transact.  This can include a customer, vendor, employee or any combination of these.]]></HELP>
<!--6EEE4A4DB1BA476BA7929EC7FCF285F8-->  <AD_PROCESS_ID><![CDATA[15C8708DFC464C2D91286E59624FDD18]]></AD_PROCESS_ID>
<!--6EEE4A4DB1BA476BA7929EC7FCF285F8-->  <SEQNO><![CDATA[30]]></SEQNO>
<!--6EEE4A4DB1BA476BA7929EC7FCF285F8-->  <AD_REFERENCE_ID><![CDATA[95E2A8B50A254B2AAE6774B8C2F28120]]></AD_REFERENCE_ID>
<!--6EEE4A4DB1BA476BA7929EC7FCF285F8-->  <AD_REFERENCE_VALUE_ID><![CDATA[56DEFF37A33F46D1AC918C97C4447EAF]]></AD_REFERENCE_VALUE_ID>
<!--6EEE4A4DB1BA476BA7929EC7FCF285F8-->  <COLUMNNAME><![CDATA[C_BPartner_ID]]></COLUMNNAME>
<!--6EEE4A4DB1BA476BA7929EC7FCF285F8-->  <ISCENTRALLYMAINTAINED><![CDATA[Y]]></ISCENTRALLYMAINTAINED>
<!--6EEE4A4DB1BA476BA7929EC7FCF285F8-->  <FIELDLENGTH><![CDATA[100]]></FIELDLENGTH>
<!--6EEE4A4DB1BA476BA7929EC7FCF285F8-->  <ISMANDATORY><![CDATA[N]]></ISMANDATORY>
<!--6EEE4A4DB1BA476BA7929EC7FCF285F8-->  <ISRANGE><![CDATA[N]]></ISRANGE>
<!--6EEE4A4DB1BA476BA7929EC7FCF285F8-->  <DEFAULTVALUE><![CDATA[@C_Bpartner_ID@]]></DEFAULTVALUE>
<!--6EEE4A4DB1BA476BA7929EC7FCF285F8-->  <AD_ELEMENT_ID><![CDATA[187]]></AD_ELEMENT_ID>
<!--6EEE4A4DB1BA476BA7929EC7FCF285F8--></AD_PROCESS_PARA>

<!--800BEB6BDA99409194CADF23988D7B6D--><AD_PROCESS_PARA>
<!--800BEB6BDA99409194CADF23988D7B6D-->  <AD_PROCESS_PARA_ID><![CDATA[800BEB6BDA99409194CADF23988D7B6D]]></AD_PROCESS_PARA_ID>
<!--800BEB6BDA99409194CADF23988D7B6D-->  <AD_CLIENT_ID><![CDATA[0]]></AD_CLIENT_ID>
<!--800BEB6BDA99409194CADF23988D7B6D-->  <AD_ORG_ID><![CDATA[0]]></AD_ORG_ID>
<!--800BEB6BDA99409194CADF23988D7B6D-->  <ISACTIVE><![CDATA[Y]]></ISACTIVE>
<!--800BEB6BDA99409194CADF23988D7B6D-->  <NAME><![CDATA[Action]]></NAME>
<!--800BEB6BDA99409194CADF23988D7B6D-->  <DESCRIPTION><![CDATA[A drop down list box indicating the next step to take.]]></DESCRIPTION>
<!--800BEB6BDA99409194CADF23988D7B6D-->  <HELP><![CDATA[The Action field indicates the Action to be performed for this element.]]></HELP>
<!--800BEB6BDA99409194CADF23988D7B6D-->  <AD_PROCESS_ID><![CDATA[6255BE488882480599C81284B70CD9B3]]></AD_PROCESS_ID>
<!--800BEB6BDA99409194CADF23988D7B6D-->  <SEQNO><![CDATA[10]]></SEQNO>
<!--800BEB6BDA99409194CADF23988D7B6D-->  <AD_REFERENCE_ID><![CDATA[17]]></AD_REFERENCE_ID>
<!--800BEB6BDA99409194CADF23988D7B6D-->  <AD_REFERENCE_VALUE_ID><![CDATA[36972531DA994BB38ECB91993058282F]]></AD_REFERENCE_VALUE_ID>
<!--800BEB6BDA99409194CADF23988D7B6D-->  <AD_VAL_RULE_ID><![CDATA[575E470ABADB4C278132C957A78C47E3]]></AD_VAL_RULE_ID>
<!--800BEB6BDA99409194CADF23988D7B6D-->  <COLUMNNAME><![CDATA[action]]></COLUMNNAME>
<!--800BEB6BDA99409194CADF23988D7B6D-->  <ISCENTRALLYMAINTAINED><![CDATA[Y]]></ISCENTRALLYMAINTAINED>
<!--800BEB6BDA99409194CADF23988D7B6D-->  <FIELDLENGTH><![CDATA[0]]></FIELDLENGTH>
<!--800BEB6BDA99409194CADF23988D7B6D-->  <ISMANDATORY><![CDATA[Y]]></ISMANDATORY>
<!--800BEB6BDA99409194CADF23988D7B6D-->  <ISRANGE><![CDATA[N]]></ISRANGE>
<!--800BEB6BDA99409194CADF23988D7B6D-->  <DEFAULTVALUE><![CDATA[@EM_APRM_Process_Payment@]]></DEFAULTVALUE>
<!--800BEB6BDA99409194CADF23988D7B6D-->  <AD_ELEMENT_ID><![CDATA[152]]></AD_ELEMENT_ID>
<!--800BEB6BDA99409194CADF23988D7B6D--></AD_PROCESS_PARA>

<!--8010E338EDC3449F9D91F1C00AE32968--><AD_PROCESS_PARA>
<!--8010E338EDC3449F9D91F1C00AE32968-->  <AD_PROCESS_PARA_ID><![CDATA[8010E338EDC3449F9D91F1C00AE32968]]></AD_PROCESS_PARA_ID>
<!--8010E338EDC3449F9D91F1C00AE32968-->  <AD_CLIENT_ID><![CDATA[0]]></AD_CLIENT_ID>
<!--8010E338EDC3449F9D91F1C00AE32968-->  <AD_ORG_ID><![CDATA[0]]></AD_ORG_ID>
<!--8010E338EDC3449F9D91F1C00AE32968-->  <ISACTIVE><![CDATA[Y]]></ISACTIVE>
<!--8010E338EDC3449F9D91F1C00AE32968-->  <NAME><![CDATA[Action]]></NAME>
<!--8010E338EDC3449F9D91F1C00AE32968-->  <DESCRIPTION><![CDATA[A drop down list box indicating the next step to take.]]></DESCRIPTION>
<!--8010E338EDC3449F9D91F1C00AE32968-->  <HELP><![CDATA[The Action field indicates the Action to be performed for this element.]]></HELP>
<!--8010E338EDC3449F9D91F1C00AE32968-->  <AD_PROCESS_ID><![CDATA[017312F51139438A9665775E3B5392A1]]></AD_PROCESS_ID>
<!--8010E338EDC3449F9D91F1C00AE32968-->  <SEQNO><![CDATA[10]]></SEQNO>
<!--8010E338EDC3449F9D91F1C00AE32968-->  <AD_REFERENCE_ID><![CDATA[17]]></AD_REFERENCE_ID>
<!--8010E338EDC3449F9D91F1C00AE32968-->  <AD_REFERENCE_VALUE_ID><![CDATA[798239EB069F41A9BA8EE040C63DDBBC]]></AD_REFERENCE_VALUE_ID>
<!--8010E338EDC3449F9D91F1C00AE32968-->  <AD_VAL_RULE_ID><![CDATA[3842B167CA6F44239C3357A721E3BA6A]]></AD_VAL_RULE_ID>
<!--8010E338EDC3449F9D91F1C00AE32968-->  <COLUMNNAME><![CDATA[action]]></COLUMNNAME>
<!--8010E338EDC3449F9D91F1C00AE32968-->  <ISCENTRALLYMAINTAINED><![CDATA[Y]]></ISCENTRALLYMAINTAINED>
<!--8010E338EDC3449F9D91F1C00AE32968-->  <FIELDLENGTH><![CDATA[0]]></FIELDLENGTH>
<!--8010E338EDC3449F9D91F1C00AE32968-->  <ISMANDATORY><![CDATA[Y]]></ISMANDATORY>
<!--8010E338EDC3449F9D91F1C00AE32968-->  <ISRANGE><![CDATA[N]]></ISRANGE>
<!--8010E338EDC3449F9D91F1C00AE32968-->  <AD_ELEMENT_ID><![CDATA[152]]></AD_ELEMENT_ID>
<!--8010E338EDC3449F9D91F1C00AE32968--></AD_PROCESS_PARA>

<!--8A8E1C0D38F144D797698E48F464F97B--><AD_PROCESS_PARA>
<!--8A8E1C0D38F144D797698E48F464F97B-->  <AD_PROCESS_PARA_ID><![CDATA[8A8E1C0D38F144D797698E48F464F97B]]></AD_PROCESS_PARA_ID>
<!--8A8E1C0D38F144D797698E48F464F97B-->  <AD_CLIENT_ID><![CDATA[0]]></AD_CLIENT_ID>
<!--8A8E1C0D38F144D797698E48F464F97B-->  <AD_ORG_ID><![CDATA[0]]></AD_ORG_ID>
<!--8A8E1C0D38F144D797698E48F464F97B-->  <ISACTIVE><![CDATA[Y]]></ISACTIVE>
<!--8A8E1C0D38F144D797698E48F464F97B-->  <NAME><![CDATA[Action]]></NAME>
<!--8A8E1C0D38F144D797698E48F464F97B-->  <DESCRIPTION><![CDATA[A drop down list box indicating the next step to take.]]></DESCRIPTION>
<!--8A8E1C0D38F144D797698E48F464F97B-->  <HELP><![CDATA[The Action field indicates the Action to be performed for this element.]]></HELP>
<!--8A8E1C0D38F144D797698E48F464F97B-->  <AD_PROCESS_ID><![CDATA[58A9261BACEF45DDA526F29D8557272D]]></AD_PROCESS_ID>
<!--8A8E1C0D38F144D797698E48F464F97B-->  <SEQNO><![CDATA[10]]></SEQNO>
<!--8A8E1C0D38F144D797698E48F464F97B-->  <AD_REFERENCE_ID><![CDATA[17]]></AD_REFERENCE_ID>
<!--8A8E1C0D38F144D797698E48F464F97B-->  <AD_REFERENCE_VALUE_ID><![CDATA[EC75B6F5A9504DB6B3F3356EA85F15EE]]></AD_REFERENCE_VALUE_ID>
<!--8A8E1C0D38F144D797698E48F464F97B-->  <AD_VAL_RULE_ID><![CDATA[CA425689672A42D7BE2158EE41E44F94]]></AD_VAL_RULE_ID>
<!--8A8E1C0D38F144D797698E48F464F97B-->  <COLUMNNAME><![CDATA[action]]></COLUMNNAME>
<!--8A8E1C0D38F144D797698E48F464F97B-->  <ISCENTRALLYMAINTAINED><![CDATA[Y]]></ISCENTRALLYMAINTAINED>
<!--8A8E1C0D38F144D797698E48F464F97B-->  <FIELDLENGTH><![CDATA[0]]></FIELDLENGTH>
<!--8A8E1C0D38F144D797698E48F464F97B-->  <ISMANDATORY><![CDATA[Y]]></ISMANDATORY>
<!--8A8E1C0D38F144D797698E48F464F97B-->  <ISRANGE><![CDATA[N]]></ISRANGE>
<!--8A8E1C0D38F144D797698E48F464F97B-->  <DEFAULTVALUE><![CDATA[@EM_APRM_Process_BS@]]></DEFAULTVALUE>
<!--8A8E1C0D38F144D797698E48F464F97B-->  <AD_ELEMENT_ID><![CDATA[152]]></AD_ELEMENT_ID>
<!--8A8E1C0D38F144D797698E48F464F97B--></AD_PROCESS_PARA>

<!--8BEBA07E78124B2B92B764D9B452B209--><AD_PROCESS_PARA>
<!--8BEBA07E78124B2B92B764D9B452B209-->  <AD_PROCESS_PARA_ID><![CDATA[8BEBA07E78124B2B92B764D9B452B209]]></AD_PROCESS_PARA_ID>
<!--8BEBA07E78124B2B92B764D9B452B209-->  <AD_CLIENT_ID><![CDATA[0]]></AD_CLIENT_ID>
<!--8BEBA07E78124B2B92B764D9B452B209-->  <AD_ORG_ID><![CDATA[0]]></AD_ORG_ID>
<!--8BEBA07E78124B2B92B764D9B452B209-->  <ISACTIVE><![CDATA[Y]]></ISACTIVE>
<!--8BEBA07E78124B2B92B764D9B452B209-->  <NAME><![CDATA[G/L Item]]></NAME>
<!--8BEBA07E78124B2B92B764D9B452B209-->  <DESCRIPTION><![CDATA[An alias for the Account Combination which can be commonly used in daily operations.]]></DESCRIPTION>
<!--8BEBA07E78124B2B92B764D9B452B209-->  <HELP><![CDATA[General ledger item.]]></HELP>
<!--8BEBA07E78124B2B92B764D9B452B209-->  <AD_PROCESS_ID><![CDATA[15C8708DFC464C2D91286E59624FDD18]]></AD_PROCESS_ID>
<!--8BEBA07E78124B2B92B764D9B452B209-->  <SEQNO><![CDATA[10]]></SEQNO>
<!--8BEBA07E78124B2B92B764D9B452B209-->  <AD_REFERENCE_ID><![CDATA[95E2A8B50A254B2AAE6774B8C2F28120]]></AD_REFERENCE_ID>
<!--8BEBA07E78124B2B92B764D9B452B209-->  <AD_REFERENCE_VALUE_ID><![CDATA[1A6C5E0A5868417786ECCF3C02B17D65]]></AD_REFERENCE_VALUE_ID>
<!--8BEBA07E78124B2B92B764D9B452B209-->  <COLUMNNAME><![CDATA[C_GLItem_ID]]></COLUMNNAME>
<!--8BEBA07E78124B2B92B764D9B452B209-->  <ISCENTRALLYMAINTAINED><![CDATA[Y]]></ISCENTRALLYMAINTAINED>
<!--8BEBA07E78124B2B92B764D9B452B209-->  <FIELDLENGTH><![CDATA[100]]></FIELDLENGTH>
<!--8BEBA07E78124B2B92B764D9B452B209-->  <ISMANDATORY><![CDATA[Y]]></ISMANDATORY>
<!--8BEBA07E78124B2B92B764D9B452B209-->  <ISRANGE><![CDATA[N]]></ISRANGE>
<!--8BEBA07E78124B2B92B764D9B452B209-->  <DEFAULTVALUE><![CDATA[@SQL=SELECT name FROM C_GLItem WHERE C_GLItem_ID=@C_GLItem_ID@]]></DEFAULTVALUE>
<!--8BEBA07E78124B2B92B764D9B452B209-->  <AD_ELEMENT_ID><![CDATA[800080]]></AD_ELEMENT_ID>
<!--8BEBA07E78124B2B92B764D9B452B209--></AD_PROCESS_PARA>

<!--8ED43FD56EE041F2BBC1C0AE0A56D632--><AD_PROCESS_PARA>
<!--8ED43FD56EE041F2BBC1C0AE0A56D632-->  <AD_PROCESS_PARA_ID><![CDATA[8ED43FD56EE041F2BBC1C0AE0A56D632]]></AD_PROCESS_PARA_ID>
<!--8ED43FD56EE041F2BBC1C0AE0A56D632-->  <AD_CLIENT_ID><![CDATA[0]]></AD_CLIENT_ID>
<!--8ED43FD56EE041F2BBC1C0AE0A56D632-->  <AD_ORG_ID><![CDATA[0]]></AD_ORG_ID>
<!--8ED43FD56EE041F2BBC1C0AE0A56D632-->  <ISACTIVE><![CDATA[Y]]></ISACTIVE>
<!--8ED43FD56EE041F2BBC1C0AE0A56D632-->  <NAME><![CDATA[Payment Date]]></NAME>
<!--8ED43FD56EE041F2BBC1C0AE0A56D632-->  <AD_PROCESS_ID><![CDATA[29D17F515727436DBCE32BC6CA28382B]]></AD_PROCESS_ID>
<!--8ED43FD56EE041F2BBC1C0AE0A56D632-->  <SEQNO><![CDATA[20]]></SEQNO>
<!--8ED43FD56EE041F2BBC1C0AE0A56D632-->  <AD_REFERENCE_ID><![CDATA[15]]></AD_REFERENCE_ID>
<!--8ED43FD56EE041F2BBC1C0AE0A56D632-->  <COLUMNNAME><![CDATA[paymentDate]]></COLUMNNAME>
<!--8ED43FD56EE041F2BBC1C0AE0A56D632-->  <ISCENTRALLYMAINTAINED><![CDATA[Y]]></ISCENTRALLYMAINTAINED>
<!--8ED43FD56EE041F2BBC1C0AE0A56D632-->  <FIELDLENGTH><![CDATA[19]]></FIELDLENGTH>
<!--8ED43FD56EE041F2BBC1C0AE0A56D632-->  <ISMANDATORY><![CDATA[Y]]></ISMANDATORY>
<!--8ED43FD56EE041F2BBC1C0AE0A56D632-->  <ISRANGE><![CDATA[N]]></ISRANGE>
<!--8ED43FD56EE041F2BBC1C0AE0A56D632-->  <AD_ELEMENT_ID><![CDATA[256AB5C3D6144B2C9884CF0FA4D81911]]></AD_ELEMENT_ID>
<!--8ED43FD56EE041F2BBC1C0AE0A56D632--></AD_PROCESS_PARA>

<!--9728F9CADE45497E9F583A76B7DE3BE6--><AD_PROCESS_PARA>
<!--9728F9CADE45497E9F583A76B7DE3BE6-->  <AD_PROCESS_PARA_ID><![CDATA[9728F9CADE45497E9F583A76B7DE3BE6]]></AD_PROCESS_PARA_ID>
<!--9728F9CADE45497E9F583A76B7DE3BE6-->  <AD_CLIENT_ID><![CDATA[0]]></AD_CLIENT_ID>
<!--9728F9CADE45497E9F583A76B7DE3BE6-->  <AD_ORG_ID><![CDATA[0]]></AD_ORG_ID>
<!--9728F9CADE45497E9F583A76B7DE3BE6-->  <ISACTIVE><![CDATA[Y]]></ISACTIVE>
<!--9728F9CADE45497E9F583A76B7DE3BE6-->  <NAME><![CDATA[Sales Campaign]]></NAME>
<!--9728F9CADE45497E9F583A76B7DE3BE6-->  <DESCRIPTION><![CDATA[An advertising effort aimed at increasing sales.]]></DESCRIPTION>
<!--9728F9CADE45497E9F583A76B7DE3BE6-->  <HELP><![CDATA[The Campaign defines a unique marketing program.  Projects can be associated with a pre defined Marketing Campaign.  You can then report based on a specific Campaign.]]></HELP>
<!--9728F9CADE45497E9F583A76B7DE3BE6-->  <AD_PROCESS_ID><![CDATA[15C8708DFC464C2D91286E59624FDD18]]></AD_PROCESS_ID>
<!--9728F9CADE45497E9F583A76B7DE3BE6-->  <SEQNO><![CDATA[50]]></SEQNO>
<!--9728F9CADE45497E9F583A76B7DE3BE6-->  <AD_REFERENCE_ID><![CDATA[95E2A8B50A254B2AAE6774B8C2F28120]]></AD_REFERENCE_ID>
<!--9728F9CADE45497E9F583A76B7DE3BE6-->  <AD_REFERENCE_VALUE_ID><![CDATA[FF808181312D569C01312D8C837E003C]]></AD_REFERENCE_VALUE_ID>
<!--9728F9CADE45497E9F583A76B7DE3BE6-->  <COLUMNNAME><![CDATA[C_Campaign_ID]]></COLUMNNAME>
<!--9728F9CADE45497E9F583A76B7DE3BE6-->  <ISCENTRALLYMAINTAINED><![CDATA[Y]]></ISCENTRALLYMAINTAINED>
<!--9728F9CADE45497E9F583A76B7DE3BE6-->  <FIELDLENGTH><![CDATA[100]]></FIELDLENGTH>
<!--9728F9CADE45497E9F583A76B7DE3BE6-->  <ISMANDATORY><![CDATA[N]]></ISMANDATORY>
<!--9728F9CADE45497E9F583A76B7DE3BE6-->  <ISRANGE><![CDATA[N]]></ISRANGE>
<!--9728F9CADE45497E9F583A76B7DE3BE6-->  <DEFAULTVALUE><![CDATA[@C_Campaign_ID@]]></DEFAULTVALUE>
<!--9728F9CADE45497E9F583A76B7DE3BE6-->  <AD_ELEMENT_ID><![CDATA[550]]></AD_ELEMENT_ID>
<!--9728F9CADE45497E9F583A76B7DE3BE6--></AD_PROCESS_PARA>

<!--993E5D1AE89649648DFE15C27360CD52--><AD_PROCESS_PARA>
<!--993E5D1AE89649648DFE15C27360CD52-->  <AD_PROCESS_PARA_ID><![CDATA[993E5D1AE89649648DFE15C27360CD52]]></AD_PROCESS_PARA_ID>
<!--993E5D1AE89649648DFE15C27360CD52-->  <AD_CLIENT_ID><![CDATA[0]]></AD_CLIENT_ID>
<!--993E5D1AE89649648DFE15C27360CD52-->  <AD_ORG_ID><![CDATA[0]]></AD_ORG_ID>
<!--993E5D1AE89649648DFE15C27360CD52-->  <ISACTIVE><![CDATA[Y]]></ISACTIVE>
<!--993E5D1AE89649648DFE15C27360CD52-->  <NAME><![CDATA[Action]]></NAME>
<!--993E5D1AE89649648DFE15C27360CD52-->  <DESCRIPTION><![CDATA[A drop down list box indicating the next step to take.]]></DESCRIPTION>
<!--993E5D1AE89649648DFE15C27360CD52-->  <HELP><![CDATA[The Action field indicates the Action to be performed for this element.]]></HELP>
<!--993E5D1AE89649648DFE15C27360CD52-->  <AD_PROCESS_ID><![CDATA[F68F2890E96D4D85A1DEF0274D105BCE]]></AD_PROCESS_ID>
<!--993E5D1AE89649648DFE15C27360CD52-->  <SEQNO><![CDATA[10]]></SEQNO>
<!--993E5D1AE89649648DFE15C27360CD52-->  <AD_REFERENCE_ID><![CDATA[17]]></AD_REFERENCE_ID>
<!--993E5D1AE89649648DFE15C27360CD52-->  <AD_REFERENCE_VALUE_ID><![CDATA[F671DDEA466D41A996F605590CB545BC]]></AD_REFERENCE_VALUE_ID>
<!--993E5D1AE89649648DFE15C27360CD52-->  <AD_VAL_RULE_ID><![CDATA[FAE0D7C8A9D84FAFAE3C10CD5DCE6E30]]></AD_VAL_RULE_ID>
<!--993E5D1AE89649648DFE15C27360CD52-->  <COLUMNNAME><![CDATA[action]]></COLUMNNAME>
<!--993E5D1AE89649648DFE15C27360CD52-->  <ISCENTRALLYMAINTAINED><![CDATA[Y]]></ISCENTRALLYMAINTAINED>
<!--993E5D1AE89649648DFE15C27360CD52-->  <FIELDLENGTH><![CDATA[0]]></FIELDLENGTH>
<!--993E5D1AE89649648DFE15C27360CD52-->  <ISMANDATORY><![CDATA[Y]]></ISMANDATORY>
<!--993E5D1AE89649648DFE15C27360CD52-->  <ISRANGE><![CDATA[N]]></ISRANGE>
<!--993E5D1AE89649648DFE15C27360CD52-->  <AD_ELEMENT_ID><![CDATA[152]]></AD_ELEMENT_ID>
<!--993E5D1AE89649648DFE15C27360CD52--></AD_PROCESS_PARA>

<!--A7B47A5637A74910ADC70CD66E6C6A29--><AD_PROCESS_PARA>
<!--A7B47A5637A74910ADC70CD66E6C6A29-->  <AD_PROCESS_PARA_ID><![CDATA[A7B47A5637A74910ADC70CD66E6C6A29]]></AD_PROCESS_PARA_ID>
<!--A7B47A5637A74910ADC70CD66E6C6A29-->  <AD_CLIENT_ID><![CDATA[0]]></AD_CLIENT_ID>
<!--A7B47A5637A74910ADC70CD66E6C6A29-->  <AD_ORG_ID><![CDATA[0]]></AD_ORG_ID>
<!--A7B47A5637A74910ADC70CD66E6C6A29-->  <ISACTIVE><![CDATA[Y]]></ISACTIVE>
<!--A7B47A5637A74910ADC70CD66E6C6A29-->  <NAME><![CDATA[Sales Region]]></NAME>
<!--A7B47A5637A74910ADC70CD66E6C6A29-->  <DESCRIPTION><![CDATA[A defined section of the world where sales efforts will be focused.]]></DESCRIPTION>
<!--A7B47A5637A74910ADC70CD66E6C6A29-->  <HELP><![CDATA[The Sales Region indicates a specific area of sales coverage.]]></HELP>
<!--A7B47A5637A74910ADC70CD66E6C6A29-->  <AD_PROCESS_ID><![CDATA[15C8708DFC464C2D91286E59624FDD18]]></AD_PROCESS_ID>
<!--A7B47A5637A74910ADC70CD66E6C6A29-->  <SEQNO><![CDATA[70]]></SEQNO>
<!--A7B47A5637A74910ADC70CD66E6C6A29-->  <AD_REFERENCE_ID><![CDATA[95E2A8B50A254B2AAE6774B8C2F28120]]></AD_REFERENCE_ID>
<!--A7B47A5637A74910ADC70CD66E6C6A29-->  <AD_REFERENCE_VALUE_ID><![CDATA[FF808181312D569C01312D8E60800051]]></AD_REFERENCE_VALUE_ID>
<!--A7B47A5637A74910ADC70CD66E6C6A29-->  <COLUMNNAME><![CDATA[C_SalesRegion_ID]]></COLUMNNAME>
<!--A7B47A5637A74910ADC70CD66E6C6A29-->  <ISCENTRALLYMAINTAINED><![CDATA[Y]]></ISCENTRALLYMAINTAINED>
<!--A7B47A5637A74910ADC70CD66E6C6A29-->  <FIELDLENGTH><![CDATA[100]]></FIELDLENGTH>
<!--A7B47A5637A74910ADC70CD66E6C6A29-->  <ISMANDATORY><![CDATA[N]]></ISMANDATORY>
<!--A7B47A5637A74910ADC70CD66E6C6A29-->  <ISRANGE><![CDATA[N]]></ISRANGE>
<!--A7B47A5637A74910ADC70CD66E6C6A29-->  <DEFAULTVALUE><![CDATA[@C_Salesregion_ID@]]></DEFAULTVALUE>
<!--A7B47A5637A74910ADC70CD66E6C6A29-->  <AD_ELEMENT_ID><![CDATA[210]]></AD_ELEMENT_ID>
<!--A7B47A5637A74910ADC70CD66E6C6A29--></AD_PROCESS_PARA>

<!--ADC43AD315004E2D8E2802E00C4F178B--><AD_PROCESS_PARA>
<!--ADC43AD315004E2D8E2802E00C4F178B-->  <AD_PROCESS_PARA_ID><![CDATA[ADC43AD315004E2D8E2802E00C4F178B]]></AD_PROCESS_PARA_ID>
<!--ADC43AD315004E2D8E2802E00C4F178B-->  <AD_CLIENT_ID><![CDATA[0]]></AD_CLIENT_ID>
<!--ADC43AD315004E2D8E2802E00C4F178B-->  <AD_ORG_ID><![CDATA[0]]></AD_ORG_ID>
<!--ADC43AD315004E2D8E2802E00C4F178B-->  <ISACTIVE><![CDATA[Y]]></ISACTIVE>
<!--ADC43AD315004E2D8E2802E00C4F178B-->  <NAME><![CDATA[Action]]></NAME>
<!--ADC43AD315004E2D8E2802E00C4F178B-->  <DESCRIPTION><![CDATA[A drop down list box indicating the next step to take.]]></DESCRIPTION>
<!--ADC43AD315004E2D8E2802E00C4F178B-->  <HELP><![CDATA[The Action field indicates the Action to be performed for this element.]]></HELP>
<!--ADC43AD315004E2D8E2802E00C4F178B-->  <AD_PROCESS_ID><![CDATA[2DDE7D3618034C38A4462B7F3456C28D]]></AD_PROCESS_ID>
<!--ADC43AD315004E2D8E2802E00C4F178B-->  <SEQNO><![CDATA[10]]></SEQNO>
<!--ADC43AD315004E2D8E2802E00C4F178B-->  <AD_REFERENCE_ID><![CDATA[17]]></AD_REFERENCE_ID>
<!--ADC43AD315004E2D8E2802E00C4F178B-->  <AD_REFERENCE_VALUE_ID><![CDATA[EC75B6F5A9504DB6B3F3356EA85F15EE]]></AD_REFERENCE_VALUE_ID>
<!--ADC43AD315004E2D8E2802E00C4F178B-->  <AD_VAL_RULE_ID><![CDATA[CA425689672A42D7BE2158EE41E44F94]]></AD_VAL_RULE_ID>
<!--ADC43AD315004E2D8E2802E00C4F178B-->  <COLUMNNAME><![CDATA[action]]></COLUMNNAME>
<!--ADC43AD315004E2D8E2802E00C4F178B-->  <ISCENTRALLYMAINTAINED><![CDATA[Y]]></ISCENTRALLYMAINTAINED>
<!--ADC43AD315004E2D8E2802E00C4F178B-->  <FIELDLENGTH><![CDATA[0]]></FIELDLENGTH>
<!--ADC43AD315004E2D8E2802E00C4F178B-->  <ISMANDATORY><![CDATA[Y]]></ISMANDATORY>
<!--ADC43AD315004E2D8E2802E00C4F178B-->  <ISRANGE><![CDATA[N]]></ISRANGE>
<!--ADC43AD315004E2D8E2802E00C4F178B-->  <DEFAULTVALUE><![CDATA[@EM_APRM_Process_BS@]]></DEFAULTVALUE>
<!--ADC43AD315004E2D8E2802E00C4F178B-->  <AD_ELEMENT_ID><![CDATA[152]]></AD_ELEMENT_ID>
<!--ADC43AD315004E2D8E2802E00C4F178B--></AD_PROCESS_PARA>

<!--D04309BB0DA14B5789FB76C141ED464C--><AD_PROCESS_PARA>
<!--D04309BB0DA14B5789FB76C141ED464C-->  <AD_PROCESS_PARA_ID><![CDATA[D04309BB0DA14B5789FB76C141ED464C]]></AD_PROCESS_PARA_ID>
<!--D04309BB0DA14B5789FB76C141ED464C-->  <AD_CLIENT_ID><![CDATA[0]]></AD_CLIENT_ID>
<!--D04309BB0DA14B5789FB76C141ED464C-->  <AD_ORG_ID><![CDATA[0]]></AD_ORG_ID>
<!--D04309BB0DA14B5789FB76C141ED464C-->  <ISACTIVE><![CDATA[Y]]></ISACTIVE>
<!--D04309BB0DA14B5789FB76C141ED464C-->  <NAME><![CDATA[Action]]></NAME>
<!--D04309BB0DA14B5789FB76C141ED464C-->  <DESCRIPTION><![CDATA[A drop down list box indicating the next step to take.]]></DESCRIPTION>
<!--D04309BB0DA14B5789FB76C141ED464C-->  <HELP><![CDATA[The Action field indicates the Action to be performed for this element.]]></HELP>
<!--D04309BB0DA14B5789FB76C141ED464C-->  <AD_PROCESS_ID><![CDATA[29D17F515727436DBCE32BC6CA28382B]]></AD_PROCESS_ID>
<!--D04309BB0DA14B5789FB76C141ED464C-->  <SEQNO><![CDATA[10]]></SEQNO>
<!--D04309BB0DA14B5789FB76C141ED464C-->  <AD_REFERENCE_ID><![CDATA[17]]></AD_REFERENCE_ID>
<!--D04309BB0DA14B5789FB76C141ED464C-->  <AD_REFERENCE_VALUE_ID><![CDATA[66F2DCC800A34F94923444C29478E70A]]></AD_REFERENCE_VALUE_ID>
<!--D04309BB0DA14B5789FB76C141ED464C-->  <COLUMNNAME><![CDATA[action]]></COLUMNNAME>
<!--D04309BB0DA14B5789FB76C141ED464C-->  <ISCENTRALLYMAINTAINED><![CDATA[Y]]></ISCENTRALLYMAINTAINED>
<!--D04309BB0DA14B5789FB76C141ED464C-->  <FIELDLENGTH><![CDATA[0]]></FIELDLENGTH>
<!--D04309BB0DA14B5789FB76C141ED464C-->  <ISMANDATORY><![CDATA[Y]]></ISMANDATORY>
<!--D04309BB0DA14B5789FB76C141ED464C-->  <ISRANGE><![CDATA[N]]></ISRANGE>
<!--D04309BB0DA14B5789FB76C141ED464C-->  <DEFAULTVALUE><![CDATA[RV]]></DEFAULTVALUE>
<!--D04309BB0DA14B5789FB76C141ED464C-->  <AD_ELEMENT_ID><![CDATA[152]]></AD_ELEMENT_ID>
<!--D04309BB0DA14B5789FB76C141ED464C--></AD_PROCESS_PARA>

<!--DBCE2E15DB754530B9B039AFD40203DE--><AD_PROCESS_PARA>
<!--DBCE2E15DB754530B9B039AFD40203DE-->  <AD_PROCESS_PARA_ID><![CDATA[DBCE2E15DB754530B9B039AFD40203DE]]></AD_PROCESS_PARA_ID>
<!--DBCE2E15DB754530B9B039AFD40203DE-->  <AD_CLIENT_ID><![CDATA[0]]></AD_CLIENT_ID>
<!--DBCE2E15DB754530B9B039AFD40203DE-->  <AD_ORG_ID><![CDATA[0]]></AD_ORG_ID>
<!--DBCE2E15DB754530B9B039AFD40203DE-->  <ISACTIVE><![CDATA[Y]]></ISACTIVE>
<!--DBCE2E15DB754530B9B039AFD40203DE-->  <NAME><![CDATA[Cost Center]]></NAME>
<!--DBCE2E15DB754530B9B039AFD40203DE-->  <DESCRIPTION><![CDATA[Division that adds to the cost of an organization]]></DESCRIPTION>
<!--DBCE2E15DB754530B9B039AFD40203DE-->  <HELP><![CDATA[Division that adds to the cost of an organization. Internal structure for cost allocation.]]></HELP>
<!--DBCE2E15DB754530B9B039AFD40203DE-->  <AD_PROCESS_ID><![CDATA[15C8708DFC464C2D91286E59624FDD18]]></AD_PROCESS_ID>
<!--DBCE2E15DB754530B9B039AFD40203DE-->  <SEQNO><![CDATA[80]]></SEQNO>
<!--DBCE2E15DB754530B9B039AFD40203DE-->  <AD_REFERENCE_ID><![CDATA[95E2A8B50A254B2AAE6774B8C2F28120]]></AD_REFERENCE_ID>
<!--DBCE2E15DB754530B9B039AFD40203DE-->  <AD_REFERENCE_VALUE_ID><![CDATA[DEE6B917B36D4648B2DA729FC2872CF4]]></AD_REFERENCE_VALUE_ID>
<!--DBCE2E15DB754530B9B039AFD40203DE-->  <COLUMNNAME><![CDATA[C_Costcenter_ID]]></COLUMNNAME>
<!--DBCE2E15DB754530B9B039AFD40203DE-->  <ISCENTRALLYMAINTAINED><![CDATA[Y]]></ISCENTRALLYMAINTAINED>
<!--DBCE2E15DB754530B9B039AFD40203DE-->  <FIELDLENGTH><![CDATA[100]]></FIELDLENGTH>
<!--DBCE2E15DB754530B9B039AFD40203DE-->  <ISMANDATORY><![CDATA[N]]></ISMANDATORY>
<!--DBCE2E15DB754530B9B039AFD40203DE-->  <ISRANGE><![CDATA[N]]></ISRANGE>
<!--DBCE2E15DB754530B9B039AFD40203DE-->  <DEFAULTVALUE><![CDATA[@C_Costcenter_ID@]]></DEFAULTVALUE>
<!--DBCE2E15DB754530B9B039AFD40203DE-->  <AD_ELEMENT_ID><![CDATA[BB1B0593596A4F63B2553183B11B0D28]]></AD_ELEMENT_ID>
<!--DBCE2E15DB754530B9B039AFD40203DE--></AD_PROCESS_PARA>

<!--E2EB0EFA3CE741C1848590D270CEBE2B--><AD_PROCESS_PARA>
<!--E2EB0EFA3CE741C1848590D270CEBE2B-->  <AD_PROCESS_PARA_ID><![CDATA[E2EB0EFA3CE741C1848590D270CEBE2B]]></AD_PROCESS_PARA_ID>
<!--E2EB0EFA3CE741C1848590D270CEBE2B-->  <AD_CLIENT_ID><![CDATA[0]]></AD_CLIENT_ID>
<!--E2EB0EFA3CE741C1848590D270CEBE2B-->  <AD_ORG_ID><![CDATA[0]]></AD_ORG_ID>
<!--E2EB0EFA3CE741C1848590D270CEBE2B-->  <ISACTIVE><![CDATA[Y]]></ISACTIVE>
<!--E2EB0EFA3CE741C1848590D270CEBE2B-->  <NAME><![CDATA[Activity]]></NAME>
<!--E2EB0EFA3CE741C1848590D270CEBE2B-->  <DESCRIPTION><![CDATA[A distinct activity defined and used in activity based management.]]></DESCRIPTION>
<!--E2EB0EFA3CE741C1848590D270CEBE2B-->  <HELP><![CDATA[Activities indicate tasks that are performed and used to utilize Activity based Costing]]></HELP>
<!--E2EB0EFA3CE741C1848590D270CEBE2B-->  <AD_PROCESS_ID><![CDATA[15C8708DFC464C2D91286E59624FDD18]]></AD_PROCESS_ID>
<!--E2EB0EFA3CE741C1848590D270CEBE2B-->  <SEQNO><![CDATA[60]]></SEQNO>
<!--E2EB0EFA3CE741C1848590D270CEBE2B-->  <AD_REFERENCE_ID><![CDATA[95E2A8B50A254B2AAE6774B8C2F28120]]></AD_REFERENCE_ID>
<!--E2EB0EFA3CE741C1848590D270CEBE2B-->  <AD_REFERENCE_VALUE_ID><![CDATA[FF808181312D569C01312D846CC40032]]></AD_REFERENCE_VALUE_ID>
<!--E2EB0EFA3CE741C1848590D270CEBE2B-->  <COLUMNNAME><![CDATA[C_Activity_ID]]></COLUMNNAME>
<!--E2EB0EFA3CE741C1848590D270CEBE2B-->  <ISCENTRALLYMAINTAINED><![CDATA[Y]]></ISCENTRALLYMAINTAINED>
<!--E2EB0EFA3CE741C1848590D270CEBE2B-->  <FIELDLENGTH><![CDATA[100]]></FIELDLENGTH>
<!--E2EB0EFA3CE741C1848590D270CEBE2B-->  <ISMANDATORY><![CDATA[N]]></ISMANDATORY>
<!--E2EB0EFA3CE741C1848590D270CEBE2B-->  <ISRANGE><![CDATA[N]]></ISRANGE>
<!--E2EB0EFA3CE741C1848590D270CEBE2B-->  <DEFAULTVALUE><![CDATA[@C_Activity_ID@]]></DEFAULTVALUE>
<!--E2EB0EFA3CE741C1848590D270CEBE2B-->  <AD_ELEMENT_ID><![CDATA[1005]]></AD_ELEMENT_ID>
<!--E2EB0EFA3CE741C1848590D270CEBE2B--></AD_PROCESS_PARA>

<!--FF8080812E2F8EAE012E2F98D9680030--><AD_PROCESS_PARA>
<!--FF8080812E2F8EAE012E2F98D9680030-->  <AD_PROCESS_PARA_ID><![CDATA[FF8080812E2F8EAE012E2F98D9680030]]></AD_PROCESS_PARA_ID>
<!--FF8080812E2F8EAE012E2F98D9680030-->  <AD_CLIENT_ID><![CDATA[0]]></AD_CLIENT_ID>
<!--FF8080812E2F8EAE012E2F98D9680030-->  <AD_ORG_ID><![CDATA[0]]></AD_ORG_ID>
<!--FF8080812E2F8EAE012E2F98D9680030-->  <ISACTIVE><![CDATA[Y]]></ISACTIVE>
<!--FF8080812E2F8EAE012E2F98D9680030-->  <NAME><![CDATA[Action]]></NAME>
<!--FF8080812E2F8EAE012E2F98D9680030-->  <DESCRIPTION><![CDATA[A drop down list box indicating the next step to take.]]></DESCRIPTION>
<!--FF8080812E2F8EAE012E2F98D9680030-->  <HELP><![CDATA[The Action field indicates the Action to be performed for this element.]]></HELP>
<!--FF8080812E2F8EAE012E2F98D9680030-->  <AD_PROCESS_ID><![CDATA[FF8080812E2F8EAE012E2F94CF470014]]></AD_PROCESS_ID>
<!--FF8080812E2F8EAE012E2F98D9680030-->  <SEQNO><![CDATA[10]]></SEQNO>
<!--FF8080812E2F8EAE012E2F98D9680030-->  <AD_REFERENCE_ID><![CDATA[17]]></AD_REFERENCE_ID>
<!--FF8080812E2F8EAE012E2F98D9680030-->  <AD_REFERENCE_VALUE_ID><![CDATA[FF8080812E443491012E443C053A001A]]></AD_REFERENCE_VALUE_ID>
<!--FF8080812E2F8EAE012E2F98D9680030-->  <AD_VAL_RULE_ID><![CDATA[FF808081332719060133271E5BB1001B]]></AD_VAL_RULE_ID>
<!--FF8080812E2F8EAE012E2F98D9680030-->  <COLUMNNAME><![CDATA[action]]></COLUMNNAME>
<!--FF8080812E2F8EAE012E2F98D9680030-->  <ISCENTRALLYMAINTAINED><![CDATA[Y]]></ISCENTRALLYMAINTAINED>
<!--FF8080812E2F8EAE012E2F98D9680030-->  <FIELDLENGTH><![CDATA[0]]></FIELDLENGTH>
<!--FF8080812E2F8EAE012E2F98D9680030-->  <ISMANDATORY><![CDATA[Y]]></ISMANDATORY>
<!--FF8080812E2F8EAE012E2F98D9680030-->  <ISRANGE><![CDATA[N]]></ISRANGE>
<!--FF8080812E2F8EAE012E2F98D9680030-->  <DEFAULTVALUE><![CDATA[@Process_Reconciliation@]]></DEFAULTVALUE>
<!--FF8080812E2F8EAE012E2F98D9680030-->  <AD_ELEMENT_ID><![CDATA[152]]></AD_ELEMENT_ID>
<!--FF8080812E2F8EAE012E2F98D9680030--></AD_PROCESS_PARA>

</data>
