<?xml version='1.0' encoding='UTF-8'?>
<data>
<!--00236C38C91849298C5F9275367A4E61--><AD_REF_LIST>
<!--00236C38C91849298C5F9275367A4E61-->  <AD_REF_LIST_ID><![CDATA[00236C38C91849298C5F9275367A4E61]]></AD_REF_LIST_ID>
<!--00236C38C91849298C5F9275367A4E61-->  <AD_CLIENT_ID><![CDATA[0]]></AD_CLIENT_ID>
<!--00236C38C91849298C5F9275367A4E61-->  <AD_ORG_ID><![CDATA[0]]></AD_ORG_ID>
<!--00236C38C91849298C5F9275367A4E61-->  <ISACTIVE><![CDATA[Y]]></ISACTIVE>
<!--00236C38C91849298C5F9275367A4E61-->  <VALUE><![CDATA[I]]></VALUE>
<!--00236C38C91849298C5F9275367A4E61-->  <NAME><![CDATA[Invoice]]></NAME>
<!--00236C38C91849298C5F9275367A4E61-->  <AD_REFERENCE_ID><![CDATA[10536BBE003041DDBE293C619E336D4B]]></AD_REFERENCE_ID>
<!--00236C38C91849298C5F9275367A4E61-->  <AD_MODULE_ID><![CDATA[A918E3331C404B889D69AA9BFAFB23AC]]></AD_MODULE_ID>
<!--00236C38C91849298C5F9275367A4E61--></AD_REF_LIST>

<!--0EAD81048C88442CAAB9670173F26A69--><AD_REF_LIST>
<!--0EAD81048C88442CAAB9670173F26A69-->  <AD_REF_LIST_ID><![CDATA[0EAD81048C88442CAAB9670173F26A69]]></AD_REF_LIST_ID>
<!--0EAD81048C88442CAAB9670173F26A69-->  <AD_CLIENT_ID><![CDATA[0]]></AD_CLIENT_ID>
<!--0EAD81048C88442CAAB9670173F26A69-->  <AD_ORG_ID><![CDATA[0]]></AD_ORG_ID>
<!--0EAD81048C88442CAAB9670173F26A69-->  <ISACTIVE><![CDATA[Y]]></ISACTIVE>
<!--0EAD81048C88442CAAB9670173F26A69-->  <VALUE><![CDATA[I]]></VALUE>
<!--0EAD81048C88442CAAB9670173F26A69-->  <NAME><![CDATA[Invoice]]></NAME>
<!--0EAD81048C88442CAAB9670173F26A69-->  <AD_REFERENCE_ID><![CDATA[3C5D8A9557F24C9E81D26D032AF917B2]]></AD_REFERENCE_ID>
<!--0EAD81048C88442CAAB9670173F26A69-->  <AD_MODULE_ID><![CDATA[A918E3331C404B889D69AA9BFAFB23AC]]></AD_MODULE_ID>
<!--0EAD81048C88442CAAB9670173F26A69-->  <SEQNO><![CDATA[30]]></SEQNO>
<!--0EAD81048C88442CAAB9670173F26A69--></AD_REF_LIST>

<!--0EC480884FA6435E940D85EFF7B0721A--><AD_REF_LIST>
<!--0EC480884FA6435E940D85EFF7B0721A-->  <AD_REF_LIST_ID><![CDATA[0EC480884FA6435E940D85EFF7B0721A]]></AD_REF_LIST_ID>
<!--0EC480884FA6435E940D85EFF7B0721A-->  <AD_CLIENT_ID><![CDATA[0]]></AD_CLIENT_ID>
<!--0EC480884FA6435E940D85EFF7B0721A-->  <AD_ORG_ID><![CDATA[0]]></AD_ORG_ID>
<!--0EC480884FA6435E940D85EFF7B0721A-->  <ISACTIVE><![CDATA[Y]]></ISACTIVE>
<!--0EC480884FA6435E940D85EFF7B0721A-->  <VALUE><![CDATA[P]]></VALUE>
<!--0EC480884FA6435E940D85EFF7B0721A-->  <NAME><![CDATA[Payment]]></NAME>
<!--0EC480884FA6435E940D85EFF7B0721A-->  <AD_REFERENCE_ID><![CDATA[EEEECBC3A9E646D3911CAB4773357B8C]]></AD_REFERENCE_ID>
<!--0EC480884FA6435E940D85EFF7B0721A-->  <AD_MODULE_ID><![CDATA[A918E3331C404B889D69AA9BFAFB23AC]]></AD_MODULE_ID>
<!--0EC480884FA6435E940D85EFF7B0721A--></AD_REF_LIST>

<!--25889363327D44FC851D97EA78F6BCFC--><AD_REF_LIST>
<!--25889363327D44FC851D97EA78F6BCFC-->  <AD_REF_LIST_ID><![CDATA[25889363327D44FC851D97EA78F6BCFC]]></AD_REF_LIST_ID>
<!--25889363327D44FC851D97EA78F6BCFC-->  <AD_CLIENT_ID><![CDATA[0]]></AD_CLIENT_ID>
<!--25889363327D44FC851D97EA78F6BCFC-->  <AD_ORG_ID><![CDATA[0]]></AD_ORG_ID>
<!--25889363327D44FC851D97EA78F6BCFC-->  <ISACTIVE><![CDATA[Y]]></ISACTIVE>
<!--25889363327D44FC851D97EA78F6BCFC-->  <VALUE><![CDATA[PPW]]></VALUE>
<!--25889363327D44FC851D97EA78F6BCFC-->  <NAME><![CDATA[Process Made Payment(s) and Withdrawal]]></NAME>
<!--25889363327D44FC851D97EA78F6BCFC-->  <DESCRIPTION><![CDATA[Process Made Payment(s) and Withdrawal]]></DESCRIPTION>
<!--25889363327D44FC851D97EA78F6BCFC-->  <AD_REFERENCE_ID><![CDATA[7D750D39954C4F7A81B35230676D5D9F]]></AD_REFERENCE_ID>
<!--25889363327D44FC851D97EA78F6BCFC-->  <AD_MODULE_ID><![CDATA[A918E3331C404B889D69AA9BFAFB23AC]]></AD_MODULE_ID>
<!--25889363327D44FC851D97EA78F6BCFC-->  <SEQNO><![CDATA[40]]></SEQNO>
<!--25889363327D44FC851D97EA78F6BCFC--></AD_REF_LIST>

<!--298F4C20A76B4B30860330F188BD7AEA--><AD_REF_LIST>
<!--298F4C20A76B4B30860330F188BD7AEA-->  <AD_REF_LIST_ID><![CDATA[298F4C20A76B4B30860330F188BD7AEA]]></AD_REF_LIST_ID>
<!--298F4C20A76B4B30860330F188BD7AEA-->  <AD_CLIENT_ID><![CDATA[0]]></AD_CLIENT_ID>
<!--298F4C20A76B4B30860330F188BD7AEA-->  <AD_ORG_ID><![CDATA[0]]></AD_ORG_ID>
<!--298F4C20A76B4B30860330F188BD7AEA-->  <ISACTIVE><![CDATA[Y]]></ISACTIVE>
<!--298F4C20A76B4B30860330F188BD7AEA-->  <VALUE><![CDATA[F]]></VALUE>
<!--298F4C20A76B4B30860330F188BD7AEA-->  <NAME><![CDATA[Fee]]></NAME>
<!--298F4C20A76B4B30860330F188BD7AEA-->  <AD_REFERENCE_ID><![CDATA[C1B4345A1F8841C2B1ADD403CA733D75]]></AD_REFERENCE_ID>
<!--298F4C20A76B4B30860330F188BD7AEA-->  <AD_MODULE_ID><![CDATA[A918E3331C404B889D69AA9BFAFB23AC]]></AD_MODULE_ID>
<!--298F4C20A76B4B30860330F188BD7AEA-->  <SEQNO><![CDATA[30]]></SEQNO>
<!--298F4C20A76B4B30860330F188BD7AEA--></AD_REF_LIST>

<!--2C29C3C687FC403A802A15DEAF9E0D26--><AD_REF_LIST>
<!--2C29C3C687FC403A802A15DEAF9E0D26-->  <AD_REF_LIST_ID><![CDATA[2C29C3C687FC403A802A15DEAF9E0D26]]></AD_REF_LIST_ID>
<!--2C29C3C687FC403A802A15DEAF9E0D26-->  <AD_CLIENT_ID><![CDATA[0]]></AD_CLIENT_ID>
<!--2C29C3C687FC403A802A15DEAF9E0D26-->  <AD_ORG_ID><![CDATA[0]]></AD_ORG_ID>
<!--2C29C3C687FC403A802A15DEAF9E0D26-->  <ISACTIVE><![CDATA[Y]]></ISACTIVE>
<!--2C29C3C687FC403A802A15DEAF9E0D26-->  <VALUE><![CDATA[PRP]]></VALUE>
<!--2C29C3C687FC403A802A15DEAF9E0D26-->  <NAME><![CDATA[Process Received Payment(s)]]></NAME>
<!--2C29C3C687FC403A802A15DEAF9E0D26-->  <DESCRIPTION><![CDATA[Process Received Payment(s)]]></DESCRIPTION>
<!--2C29C3C687FC403A802A15DEAF9E0D26-->  <AD_REFERENCE_ID><![CDATA[F903F726B41A49D3860243101CEEBA25]]></AD_REFERENCE_ID>
<!--2C29C3C687FC403A802A15DEAF9E0D26-->  <AD_MODULE_ID><![CDATA[A918E3331C404B889D69AA9BFAFB23AC]]></AD_MODULE_ID>
<!--2C29C3C687FC403A802A15DEAF9E0D26-->  <SEQNO><![CDATA[10]]></SEQNO>
<!--2C29C3C687FC403A802A15DEAF9E0D26--></AD_REF_LIST>

<!--2C34F10F111E4645B26445502193CC7D--><AD_REF_LIST>
<!--2C34F10F111E4645B26445502193CC7D-->  <AD_REF_LIST_ID><![CDATA[2C34F10F111E4645B26445502193CC7D]]></AD_REF_LIST_ID>
<!--2C34F10F111E4645B26445502193CC7D-->  <AD_CLIENT_ID><![CDATA[0]]></AD_CLIENT_ID>
<!--2C34F10F111E4645B26445502193CC7D-->  <AD_ORG_ID><![CDATA[0]]></AD_ORG_ID>
<!--2C34F10F111E4645B26445502193CC7D-->  <ISACTIVE><![CDATA[Y]]></ISACTIVE>
<!--2C34F10F111E4645B26445502193CC7D-->  <VALUE><![CDATA[O]]></VALUE>
<!--2C34F10F111E4645B26445502193CC7D-->  <NAME><![CDATA[Orders]]></NAME>
<!--2C34F10F111E4645B26445502193CC7D-->  <AD_REFERENCE_ID><![CDATA[1543EE40981840C3929CBC16320FE155]]></AD_REFERENCE_ID>
<!--2C34F10F111E4645B26445502193CC7D-->  <AD_MODULE_ID><![CDATA[A918E3331C404B889D69AA9BFAFB23AC]]></AD_MODULE_ID>
<!--2C34F10F111E4645B26445502193CC7D-->  <SEQNO><![CDATA[10]]></SEQNO>
<!--2C34F10F111E4645B26445502193CC7D--></AD_REF_LIST>

<!--3F087596A0A14DE5BAECAD211AB393BA--><AD_REF_LIST>
<!--3F087596A0A14DE5BAECAD211AB393BA-->  <AD_REF_LIST_ID><![CDATA[3F087596A0A14DE5BAECAD211AB393BA]]></AD_REF_LIST_ID>
<!--3F087596A0A14DE5BAECAD211AB393BA-->  <AD_CLIENT_ID><![CDATA[0]]></AD_CLIENT_ID>
<!--3F087596A0A14DE5BAECAD211AB393BA-->  <AD_ORG_ID><![CDATA[0]]></AD_ORG_ID>
<!--3F087596A0A14DE5BAECAD211AB393BA-->  <ISACTIVE><![CDATA[Y]]></ISACTIVE>
<!--3F087596A0A14DE5BAECAD211AB393BA-->  <VALUE><![CDATA[GONEP]]></VALUE>
<!--3F087596A0A14DE5BAECAD211AB393BA-->  <NAME><![CDATA[Group all orders/invoices into one payment]]></NAME>
<!--3F087596A0A14DE5BAECAD211AB393BA-->  <AD_REFERENCE_ID><![CDATA[79FDE7805FC84C2BB251EE57E96C0AEE]]></AD_REFERENCE_ID>
<!--3F087596A0A14DE5BAECAD211AB393BA-->  <AD_MODULE_ID><![CDATA[A918E3331C404B889D69AA9BFAFB23AC]]></AD_MODULE_ID>
<!--3F087596A0A14DE5BAECAD211AB393BA-->  <SEQNO><![CDATA[40]]></SEQNO>
<!--3F087596A0A14DE5BAECAD211AB393BA--></AD_REF_LIST>

<!--432DB5DD63B449ACB9DEFF26D21B219F--><AD_REF_LIST>
<!--432DB5DD63B449ACB9DEFF26D21B219F-->  <AD_REF_LIST_ID><![CDATA[432DB5DD63B449ACB9DEFF26D21B219F]]></AD_REF_LIST_ID>
<!--432DB5DD63B449ACB9DEFF26D21B219F-->  <AD_CLIENT_ID><![CDATA[0]]></AD_CLIENT_ID>
<!--432DB5DD63B449ACB9DEFF26D21B219F-->  <AD_ORG_ID><![CDATA[0]]></AD_ORG_ID>
<!--432DB5DD63B449ACB9DEFF26D21B219F-->  <ISACTIVE><![CDATA[Y]]></ISACTIVE>
<!--432DB5DD63B449ACB9DEFF26D21B219F-->  <VALUE><![CDATA[G]]></VALUE>
<!--432DB5DD63B449ACB9DEFF26D21B219F-->  <NAME><![CDATA[Generate Payments]]></NAME>
<!--432DB5DD63B449ACB9DEFF26D21B219F-->  <AD_REFERENCE_ID><![CDATA[79FDE7805FC84C2BB251EE57E96C0AEE]]></AD_REFERENCE_ID>
<!--432DB5DD63B449ACB9DEFF26D21B219F-->  <AD_MODULE_ID><![CDATA[A918E3331C404B889D69AA9BFAFB23AC]]></AD_MODULE_ID>
<!--432DB5DD63B449ACB9DEFF26D21B219F-->  <SEQNO><![CDATA[10]]></SEQNO>
<!--432DB5DD63B449ACB9DEFF26D21B219F--></AD_REF_LIST>

<!--48120295CCD34A04A34DA4189FA061EB--><AD_REF_LIST>
<!--48120295CCD34A04A34DA4189FA061EB-->  <AD_REF_LIST_ID><![CDATA[48120295CCD34A04A34DA4189FA061EB]]></AD_REF_LIST_ID>
<!--48120295CCD34A04A34DA4189FA061EB-->  <AD_CLIENT_ID><![CDATA[0]]></AD_CLIENT_ID>
<!--48120295CCD34A04A34DA4189FA061EB-->  <AD_ORG_ID><![CDATA[0]]></AD_ORG_ID>
<!--48120295CCD34A04A34DA4189FA061EB-->  <ISACTIVE><![CDATA[Y]]></ISACTIVE>
<!--48120295CCD34A04A34DA4189FA061EB-->  <VALUE><![CDATA[P]]></VALUE>
<!--48120295CCD34A04A34DA4189FA061EB-->  <NAME><![CDATA[Payment]]></NAME>
<!--48120295CCD34A04A34DA4189FA061EB-->  <AD_REFERENCE_ID><![CDATA[3C5D8A9557F24C9E81D26D032AF917B2]]></AD_REFERENCE_ID>
<!--48120295CCD34A04A34DA4189FA061EB-->  <AD_MODULE_ID><![CDATA[A918E3331C404B889D69AA9BFAFB23AC]]></AD_MODULE_ID>
<!--48120295CCD34A04A34DA4189FA061EB-->  <SEQNO><![CDATA[20]]></SEQNO>
<!--48120295CCD34A04A34DA4189FA061EB--></AD_REF_LIST>

<!--4A633A692495425FA27BEF840905D29E--><AD_REF_LIST>
<!--4A633A692495425FA27BEF840905D29E-->  <AD_REF_LIST_ID><![CDATA[4A633A692495425FA27BEF840905D29E]]></AD_REF_LIST_ID>
<!--4A633A692495425FA27BEF840905D29E-->  <AD_CLIENT_ID><![CDATA[0]]></AD_CLIENT_ID>
<!--4A633A692495425FA27BEF840905D29E-->  <AD_ORG_ID><![CDATA[0]]></AD_ORG_ID>
<!--4A633A692495425FA27BEF840905D29E-->  <ISACTIVE><![CDATA[Y]]></ISACTIVE>
<!--4A633A692495425FA27BEF840905D29E-->  <VALUE><![CDATA[RE]]></VALUE>
<!--4A633A692495425FA27BEF840905D29E-->  <NAME><![CDATA[Reactivate]]></NAME>
<!--4A633A692495425FA27BEF840905D29E-->  <AD_REFERENCE_ID><![CDATA[79FDE7805FC84C2BB251EE57E96C0AEE]]></AD_REFERENCE_ID>
<!--4A633A692495425FA27BEF840905D29E-->  <AD_MODULE_ID><![CDATA[A918E3331C404B889D69AA9BFAFB23AC]]></AD_MODULE_ID>
<!--4A633A692495425FA27BEF840905D29E-->  <SEQNO><![CDATA[20]]></SEQNO>
<!--4A633A692495425FA27BEF840905D29E--></AD_REF_LIST>

<!--4A647396E4CE4E8B90D58E9FE4C12BBA--><AD_REF_LIST>
<!--4A647396E4CE4E8B90D58E9FE4C12BBA-->  <AD_REF_LIST_ID><![CDATA[4A647396E4CE4E8B90D58E9FE4C12BBA]]></AD_REF_LIST_ID>
<!--4A647396E4CE4E8B90D58E9FE4C12BBA-->  <AD_CLIENT_ID><![CDATA[0]]></AD_CLIENT_ID>
<!--4A647396E4CE4E8B90D58E9FE4C12BBA-->  <AD_ORG_ID><![CDATA[0]]></AD_ORG_ID>
<!--4A647396E4CE4E8B90D58E9FE4C12BBA-->  <ISACTIVE><![CDATA[Y]]></ISACTIVE>
<!--4A647396E4CE4E8B90D58E9FE4C12BBA-->  <VALUE><![CDATA[P]]></VALUE>
<!--4A647396E4CE4E8B90D58E9FE4C12BBA-->  <NAME><![CDATA[Process]]></NAME>
<!--4A647396E4CE4E8B90D58E9FE4C12BBA-->  <AD_REFERENCE_ID><![CDATA[EC75B6F5A9504DB6B3F3356EA85F15EE]]></AD_REFERENCE_ID>
<!--4A647396E4CE4E8B90D58E9FE4C12BBA-->  <AD_MODULE_ID><![CDATA[A918E3331C404B889D69AA9BFAFB23AC]]></AD_MODULE_ID>
<!--4A647396E4CE4E8B90D58E9FE4C12BBA--></AD_REF_LIST>

<!--4E4F2CBB72A3451B9F4BFB2540F517CC--><AD_REF_LIST>
<!--4E4F2CBB72A3451B9F4BFB2540F517CC-->  <AD_REF_LIST_ID><![CDATA[4E4F2CBB72A3451B9F4BFB2540F517CC]]></AD_REF_LIST_ID>
<!--4E4F2CBB72A3451B9F4BFB2540F517CC-->  <AD_CLIENT_ID><![CDATA[0]]></AD_CLIENT_ID>
<!--4E4F2CBB72A3451B9F4BFB2540F517CC-->  <AD_ORG_ID><![CDATA[0]]></AD_ORG_ID>
<!--4E4F2CBB72A3451B9F4BFB2540F517CC-->  <ISACTIVE><![CDATA[Y]]></ISACTIVE>
<!--4E4F2CBB72A3451B9F4BFB2540F517CC-->  <VALUE><![CDATA[OK]]></VALUE>
<!--4E4F2CBB72A3451B9F4BFB2540F517CC-->  <NAME><![CDATA[OK]]></NAME>
<!--4E4F2CBB72A3451B9F4BFB2540F517CC-->  <AD_REFERENCE_ID><![CDATA[C20E5E22588E40E5B8CC6D80ED3015C5]]></AD_REFERENCE_ID>
<!--4E4F2CBB72A3451B9F4BFB2540F517CC-->  <AD_MODULE_ID><![CDATA[A918E3331C404B889D69AA9BFAFB23AC]]></AD_MODULE_ID>
<!--4E4F2CBB72A3451B9F4BFB2540F517CC-->  <SEQNO><![CDATA[10]]></SEQNO>
<!--4E4F2CBB72A3451B9F4BFB2540F517CC--></AD_REF_LIST>

<!--52459CE549F14B35B4566E34426D79CD--><AD_REF_LIST>
<!--52459CE549F14B35B4566E34426D79CD-->  <AD_REF_LIST_ID><![CDATA[52459CE549F14B35B4566E34426D79CD]]></AD_REF_LIST_ID>
<!--52459CE549F14B35B4566E34426D79CD-->  <AD_CLIENT_ID><![CDATA[0]]></AD_CLIENT_ID>
<!--52459CE549F14B35B4566E34426D79CD-->  <AD_ORG_ID><![CDATA[0]]></AD_ORG_ID>
<!--52459CE549F14B35B4566E34426D79CD-->  <ISACTIVE><![CDATA[Y]]></ISACTIVE>
<!--52459CE549F14B35B4566E34426D79CD-->  <VALUE><![CDATA[D]]></VALUE>
<!--52459CE549F14B35B4566E34426D79CD-->  <NAME><![CDATA[Deposit]]></NAME>
<!--52459CE549F14B35B4566E34426D79CD-->  <AD_REFERENCE_ID><![CDATA[EEEECBC3A9E646D3911CAB4773357B8C]]></AD_REFERENCE_ID>
<!--52459CE549F14B35B4566E34426D79CD-->  <AD_MODULE_ID><![CDATA[A918E3331C404B889D69AA9BFAFB23AC]]></AD_MODULE_ID>
<!--52459CE549F14B35B4566E34426D79CD--></AD_REF_LIST>

<!--57103E10E8484EBD9EE0428575197985--><AD_REF_LIST>
<!--57103E10E8484EBD9EE0428575197985-->  <AD_REF_LIST_ID><![CDATA[57103E10E8484EBD9EE0428575197985]]></AD_REF_LIST_ID>
<!--57103E10E8484EBD9EE0428575197985-->  <AD_CLIENT_ID><![CDATA[0]]></AD_CLIENT_ID>
<!--57103E10E8484EBD9EE0428575197985-->  <AD_ORG_ID><![CDATA[0]]></AD_ORG_ID>
<!--57103E10E8484EBD9EE0428575197985-->  <ISACTIVE><![CDATA[Y]]></ISACTIVE>
<!--57103E10E8484EBD9EE0428575197985-->  <VALUE><![CDATA[O]]></VALUE>
<!--57103E10E8484EBD9EE0428575197985-->  <NAME><![CDATA[Order]]></NAME>
<!--57103E10E8484EBD9EE0428575197985-->  <AD_REFERENCE_ID><![CDATA[3C5D8A9557F24C9E81D26D032AF917B2]]></AD_REFERENCE_ID>
<!--57103E10E8484EBD9EE0428575197985-->  <AD_MODULE_ID><![CDATA[A918E3331C404B889D69AA9BFAFB23AC]]></AD_MODULE_ID>
<!--57103E10E8484EBD9EE0428575197985-->  <SEQNO><![CDATA[40]]></SEQNO>
<!--57103E10E8484EBD9EE0428575197985--></AD_REF_LIST>

<!--574F85B3E7A047CDAA7C3E192366D2C6--><AD_REF_LIST>
<!--574F85B3E7A047CDAA7C3E192366D2C6-->  <AD_REF_LIST_ID><![CDATA[574F85B3E7A047CDAA7C3E192366D2C6]]></AD_REF_LIST_ID>
<!--574F85B3E7A047CDAA7C3E192366D2C6-->  <AD_CLIENT_ID><![CDATA[0]]></AD_CLIENT_ID>
<!--574F85B3E7A047CDAA7C3E192366D2C6-->  <AD_ORG_ID><![CDATA[0]]></AD_ORG_ID>
<!--574F85B3E7A047CDAA7C3E192366D2C6-->  <ISACTIVE><![CDATA[Y]]></ISACTIVE>
<!--574F85B3E7A047CDAA7C3E192366D2C6-->  <VALUE><![CDATA[I]]></VALUE>
<!--574F85B3E7A047CDAA7C3E192366D2C6-->  <NAME><![CDATA[Invoices]]></NAME>
<!--574F85B3E7A047CDAA7C3E192366D2C6-->  <AD_REFERENCE_ID><![CDATA[1543EE40981840C3929CBC16320FE155]]></AD_REFERENCE_ID>
<!--574F85B3E7A047CDAA7C3E192366D2C6-->  <AD_MODULE_ID><![CDATA[A918E3331C404B889D69AA9BFAFB23AC]]></AD_MODULE_ID>
<!--574F85B3E7A047CDAA7C3E192366D2C6-->  <SEQNO><![CDATA[20]]></SEQNO>
<!--574F85B3E7A047CDAA7C3E192366D2C6--></AD_REF_LIST>

<!--5A9398A729924B7EAB9494E722992B55--><AD_REF_LIST>
<!--5A9398A729924B7EAB9494E722992B55-->  <AD_REF_LIST_ID><![CDATA[5A9398A729924B7EAB9494E722992B55]]></AD_REF_LIST_ID>
<!--5A9398A729924B7EAB9494E722992B55-->  <AD_CLIENT_ID><![CDATA[0]]></AD_CLIENT_ID>
<!--5A9398A729924B7EAB9494E722992B55-->  <AD_ORG_ID><![CDATA[0]]></AD_ORG_ID>
<!--5A9398A729924B7EAB9494E722992B55-->  <ISACTIVE><![CDATA[Y]]></ISACTIVE>
<!--5A9398A729924B7EAB9494E722992B55-->  <VALUE><![CDATA[PPW]]></VALUE>
<!--5A9398A729924B7EAB9494E722992B55-->  <NAME><![CDATA[Process Made Payment(s) and Withdrawal]]></NAME>
<!--5A9398A729924B7EAB9494E722992B55-->  <DESCRIPTION><![CDATA[Process Made Payment(s) and Withdrawal]]></DESCRIPTION>
<!--5A9398A729924B7EAB9494E722992B55-->  <AD_REFERENCE_ID><![CDATA[F15C13A199A748F1B0B00E985A64C036]]></AD_REFERENCE_ID>
<!--5A9398A729924B7EAB9494E722992B55-->  <AD_MODULE_ID><![CDATA[A918E3331C404B889D69AA9BFAFB23AC]]></AD_MODULE_ID>
<!--5A9398A729924B7EAB9494E722992B55-->  <SEQNO><![CDATA[20]]></SEQNO>
<!--5A9398A729924B7EAB9494E722992B55--></AD_REF_LIST>

<!--5B87C97B045D4CC8B09F6578A305D826--><AD_REF_LIST>
<!--5B87C97B045D4CC8B09F6578A305D826-->  <AD_REF_LIST_ID><![CDATA[5B87C97B045D4CC8B09F6578A305D826]]></AD_REF_LIST_ID>
<!--5B87C97B045D4CC8B09F6578A305D826-->  <AD_CLIENT_ID><![CDATA[0]]></AD_CLIENT_ID>
<!--5B87C97B045D4CC8B09F6578A305D826-->  <AD_ORG_ID><![CDATA[0]]></AD_ORG_ID>
<!--5B87C97B045D4CC8B09F6578A305D826-->  <ISACTIVE><![CDATA[Y]]></ISACTIVE>
<!--5B87C97B045D4CC8B09F6578A305D826-->  <VALUE><![CDATA[R]]></VALUE>
<!--5B87C97B045D4CC8B09F6578A305D826-->  <NAME><![CDATA[Reactivate]]></NAME>
<!--5B87C97B045D4CC8B09F6578A305D826-->  <AD_REFERENCE_ID><![CDATA[798239EB069F41A9BA8EE040C63DDBBC]]></AD_REFERENCE_ID>
<!--5B87C97B045D4CC8B09F6578A305D826-->  <AD_MODULE_ID><![CDATA[A918E3331C404B889D69AA9BFAFB23AC]]></AD_MODULE_ID>
<!--5B87C97B045D4CC8B09F6578A305D826-->  <SEQNO><![CDATA[20]]></SEQNO>
<!--5B87C97B045D4CC8B09F6578A305D826--></AD_REF_LIST>

<!--5E71718700A245BB838783695843D2F3--><AD_REF_LIST>
<!--5E71718700A245BB838783695843D2F3-->  <AD_REF_LIST_ID><![CDATA[5E71718700A245BB838783695843D2F3]]></AD_REF_LIST_ID>
<!--5E71718700A245BB838783695843D2F3-->  <AD_CLIENT_ID><![CDATA[0]]></AD_CLIENT_ID>
<!--5E71718700A245BB838783695843D2F3-->  <AD_ORG_ID><![CDATA[0]]></AD_ORG_ID>
<!--5E71718700A245BB838783695843D2F3-->  <ISACTIVE><![CDATA[Y]]></ISACTIVE>
<!--5E71718700A245BB838783695843D2F3-->  <VALUE><![CDATA[P]]></VALUE>
<!--5E71718700A245BB838783695843D2F3-->  <NAME><![CDATA[Process]]></NAME>
<!--5E71718700A245BB838783695843D2F3-->  <AD_REFERENCE_ID><![CDATA[798239EB069F41A9BA8EE040C63DDBBC]]></AD_REFERENCE_ID>
<!--5E71718700A245BB838783695843D2F3-->  <AD_MODULE_ID><![CDATA[A918E3331C404B889D69AA9BFAFB23AC]]></AD_MODULE_ID>
<!--5E71718700A245BB838783695843D2F3-->  <SEQNO><![CDATA[10]]></SEQNO>
<!--5E71718700A245BB838783695843D2F3--></AD_REF_LIST>

<!--668B8E7BEFE24B7FB044D267A8B5E7E1--><AD_REF_LIST>
<!--668B8E7BEFE24B7FB044D267A8B5E7E1-->  <AD_REF_LIST_ID><![CDATA[668B8E7BEFE24B7FB044D267A8B5E7E1]]></AD_REF_LIST_ID>
<!--668B8E7BEFE24B7FB044D267A8B5E7E1-->  <AD_CLIENT_ID><![CDATA[0]]></AD_CLIENT_ID>
<!--668B8E7BEFE24B7FB044D267A8B5E7E1-->  <AD_ORG_ID><![CDATA[0]]></AD_ORG_ID>
<!--668B8E7BEFE24B7FB044D267A8B5E7E1-->  <ISACTIVE><![CDATA[Y]]></ISACTIVE>
<!--668B8E7BEFE24B7FB044D267A8B5E7E1-->  <VALUE><![CDATA[PPP]]></VALUE>
<!--668B8E7BEFE24B7FB044D267A8B5E7E1-->  <NAME><![CDATA[Process Made Payment(s)]]></NAME>
<!--668B8E7BEFE24B7FB044D267A8B5E7E1-->  <DESCRIPTION><![CDATA[Process Made Payment(s)]]></DESCRIPTION>
<!--668B8E7BEFE24B7FB044D267A8B5E7E1-->  <AD_REFERENCE_ID><![CDATA[F15C13A199A748F1B0B00E985A64C036]]></AD_REFERENCE_ID>
<!--668B8E7BEFE24B7FB044D267A8B5E7E1-->  <AD_MODULE_ID><![CDATA[A918E3331C404B889D69AA9BFAFB23AC]]></AD_MODULE_ID>
<!--668B8E7BEFE24B7FB044D267A8B5E7E1-->  <SEQNO><![CDATA[10]]></SEQNO>
<!--668B8E7BEFE24B7FB044D267A8B5E7E1--></AD_REF_LIST>

<!--6746D09AE633453EBD21A8B36B16C088--><AD_REF_LIST>
<!--6746D09AE633453EBD21A8B36B16C088-->  <AD_REF_LIST_ID><![CDATA[6746D09AE633453EBD21A8B36B16C088]]></AD_REF_LIST_ID>
<!--6746D09AE633453EBD21A8B36B16C088-->  <AD_CLIENT_ID><![CDATA[0]]></AD_CLIENT_ID>
<!--6746D09AE633453EBD21A8B36B16C088-->  <AD_ORG_ID><![CDATA[0]]></AD_ORG_ID>
<!--6746D09AE633453EBD21A8B36B16C088-->  <ISACTIVE><![CDATA[Y]]></ISACTIVE>
<!--6746D09AE633453EBD21A8B36B16C088-->  <VALUE><![CDATA[newVersion]]></VALUE>
<!--6746D09AE633453EBD21A8B36B16C088-->  <NAME><![CDATA[Submit]]></NAME>
<!--6746D09AE633453EBD21A8B36B16C088-->  <AD_REFERENCE_ID><![CDATA[E91B038ABF4F4A2280264C4A475852A4]]></AD_REFERENCE_ID>
<!--6746D09AE633453EBD21A8B36B16C088-->  <AD_MODULE_ID><![CDATA[A918E3331C404B889D69AA9BFAFB23AC]]></AD_MODULE_ID>
<!--6746D09AE633453EBD21A8B36B16C088-->  <SEQNO><![CDATA[10]]></SEQNO>
<!--6746D09AE633453EBD21A8B36B16C088--></AD_REF_LIST>

<!--699161A43CD1402590C9026DF810977F--><AD_REF_LIST>
<!--699161A43CD1402590C9026DF810977F-->  <AD_REF_LIST_ID><![CDATA[699161A43CD1402590C9026DF810977F]]></AD_REF_LIST_ID>
<!--699161A43CD1402590C9026DF810977F-->  <AD_CLIENT_ID><![CDATA[0]]></AD_CLIENT_ID>
<!--699161A43CD1402590C9026DF810977F-->  <AD_ORG_ID><![CDATA[0]]></AD_ORG_ID>
<!--699161A43CD1402590C9026DF810977F-->  <ISACTIVE><![CDATA[Y]]></ISACTIVE>
<!--699161A43CD1402590C9026DF810977F-->  <VALUE><![CDATA[P]]></VALUE>
<!--699161A43CD1402590C9026DF810977F-->  <NAME><![CDATA[Process]]></NAME>
<!--699161A43CD1402590C9026DF810977F-->  <AD_REFERENCE_ID><![CDATA[F671DDEA466D41A996F605590CB545BC]]></AD_REFERENCE_ID>
<!--699161A43CD1402590C9026DF810977F-->  <AD_MODULE_ID><![CDATA[A918E3331C404B889D69AA9BFAFB23AC]]></AD_MODULE_ID>
<!--699161A43CD1402590C9026DF810977F--></AD_REF_LIST>

<!--6AA9B332DAE04D7ABEC8A9BE66866A70--><AD_REF_LIST>
<!--6AA9B332DAE04D7ABEC8A9BE66866A70-->  <AD_REF_LIST_ID><![CDATA[6AA9B332DAE04D7ABEC8A9BE66866A70]]></AD_REF_LIST_ID>
<!--6AA9B332DAE04D7ABEC8A9BE66866A70-->  <AD_CLIENT_ID><![CDATA[0]]></AD_CLIENT_ID>
<!--6AA9B332DAE04D7ABEC8A9BE66866A70-->  <AD_ORG_ID><![CDATA[0]]></AD_ORG_ID>
<!--6AA9B332DAE04D7ABEC8A9BE66866A70-->  <ISACTIVE><![CDATA[Y]]></ISACTIVE>
<!--6AA9B332DAE04D7ABEC8A9BE66866A70-->  <VALUE><![CDATA[P]]></VALUE>
<!--6AA9B332DAE04D7ABEC8A9BE66866A70-->  <NAME><![CDATA[Payments]]></NAME>
<!--6AA9B332DAE04D7ABEC8A9BE66866A70-->  <AD_REFERENCE_ID><![CDATA[0CC268ED2E8D4B0397A0DCBBFA2237DE]]></AD_REFERENCE_ID>
<!--6AA9B332DAE04D7ABEC8A9BE66866A70-->  <AD_MODULE_ID><![CDATA[A918E3331C404B889D69AA9BFAFB23AC]]></AD_MODULE_ID>
<!--6AA9B332DAE04D7ABEC8A9BE66866A70--></AD_REF_LIST>

<!--7178525D7629435B98DFDF97EF4A3631--><AD_REF_LIST>
<!--7178525D7629435B98DFDF97EF4A3631-->  <AD_REF_LIST_ID><![CDATA[7178525D7629435B98DFDF97EF4A3631]]></AD_REF_LIST_ID>
<!--7178525D7629435B98DFDF97EF4A3631-->  <AD_CLIENT_ID><![CDATA[0]]></AD_CLIENT_ID>
<!--7178525D7629435B98DFDF97EF4A3631-->  <AD_ORG_ID><![CDATA[0]]></AD_ORG_ID>
<!--7178525D7629435B98DFDF97EF4A3631-->  <ISACTIVE><![CDATA[Y]]></ISACTIVE>
<!--7178525D7629435B98DFDF97EF4A3631-->  <VALUE><![CDATA[ALL]]></VALUE>
<!--7178525D7629435B98DFDF97EF4A3631-->  <NAME><![CDATA[Deposits and payments]]></NAME>
<!--7178525D7629435B98DFDF97EF4A3631-->  <AD_REFERENCE_ID><![CDATA[0CC268ED2E8D4B0397A0DCBBFA2237DE]]></AD_REFERENCE_ID>
<!--7178525D7629435B98DFDF97EF4A3631-->  <AD_MODULE_ID><![CDATA[A918E3331C404B889D69AA9BFAFB23AC]]></AD_MODULE_ID>
<!--7178525D7629435B98DFDF97EF4A3631--></AD_REF_LIST>

<!--72502BFB31094262BAE60C816DF0E627--><AD_REF_LIST>
<!--72502BFB31094262BAE60C816DF0E627-->  <AD_REF_LIST_ID><![CDATA[72502BFB31094262BAE60C816DF0E627]]></AD_REF_LIST_ID>
<!--72502BFB31094262BAE60C816DF0E627-->  <AD_CLIENT_ID><![CDATA[0]]></AD_CLIENT_ID>
<!--72502BFB31094262BAE60C816DF0E627-->  <AD_ORG_ID><![CDATA[0]]></AD_ORG_ID>
<!--72502BFB31094262BAE60C816DF0E627-->  <ISACTIVE><![CDATA[Y]]></ISACTIVE>
<!--72502BFB31094262BAE60C816DF0E627-->  <VALUE><![CDATA[RE]]></VALUE>
<!--72502BFB31094262BAE60C816DF0E627-->  <NAME><![CDATA[Refund amount to customer]]></NAME>
<!--72502BFB31094262BAE60C816DF0E627-->  <AD_REFERENCE_ID><![CDATA[FCC5D21774AE4E73804F927CAB9858FE]]></AD_REFERENCE_ID>
<!--72502BFB31094262BAE60C816DF0E627-->  <AD_MODULE_ID><![CDATA[A918E3331C404B889D69AA9BFAFB23AC]]></AD_MODULE_ID>
<!--72502BFB31094262BAE60C816DF0E627--></AD_REF_LIST>

<!--72DCA5FC143E44DE818116701D529F28--><AD_REF_LIST>
<!--72DCA5FC143E44DE818116701D529F28-->  <AD_REF_LIST_ID><![CDATA[72DCA5FC143E44DE818116701D529F28]]></AD_REF_LIST_ID>
<!--72DCA5FC143E44DE818116701D529F28-->  <AD_CLIENT_ID><![CDATA[0]]></AD_CLIENT_ID>
<!--72DCA5FC143E44DE818116701D529F28-->  <AD_ORG_ID><![CDATA[0]]></AD_ORG_ID>
<!--72DCA5FC143E44DE818116701D529F28-->  <ISACTIVE><![CDATA[Y]]></ISACTIVE>
<!--72DCA5FC143E44DE818116701D529F28-->  <VALUE><![CDATA[newVersion]]></VALUE>
<!--72DCA5FC143E44DE818116701D529F28-->  <NAME><![CDATA[Submit]]></NAME>
<!--72DCA5FC143E44DE818116701D529F28-->  <AD_REFERENCE_ID><![CDATA[15CCD38B5F534E03BB3C344BCD1FBB1E]]></AD_REFERENCE_ID>
<!--72DCA5FC143E44DE818116701D529F28-->  <AD_MODULE_ID><![CDATA[A918E3331C404B889D69AA9BFAFB23AC]]></AD_MODULE_ID>
<!--72DCA5FC143E44DE818116701D529F28-->  <SEQNO><![CDATA[10]]></SEQNO>
<!--72DCA5FC143E44DE818116701D529F28--></AD_REF_LIST>

<!--73B22C8611CD45989ADC0B4AE3A55F5F--><AD_REF_LIST>
<!--73B22C8611CD45989ADC0B4AE3A55F5F-->  <AD_REF_LIST_ID><![CDATA[73B22C8611CD45989ADC0B4AE3A55F5F]]></AD_REF_LIST_ID>
<!--73B22C8611CD45989ADC0B4AE3A55F5F-->  <AD_CLIENT_ID><![CDATA[0]]></AD_CLIENT_ID>
<!--73B22C8611CD45989ADC0B4AE3A55F5F-->  <AD_ORG_ID><![CDATA[0]]></AD_ORG_ID>
<!--73B22C8611CD45989ADC0B4AE3A55F5F-->  <ISACTIVE><![CDATA[Y]]></ISACTIVE>
<!--73B22C8611CD45989ADC0B4AE3A55F5F-->  <VALUE><![CDATA[T]]></VALUE>
<!--73B22C8611CD45989ADC0B4AE3A55F5F-->  <NAME><![CDATA[Transaction]]></NAME>
<!--73B22C8611CD45989ADC0B4AE3A55F5F-->  <AD_REFERENCE_ID><![CDATA[10536BBE003041DDBE293C619E336D4B]]></AD_REFERENCE_ID>
<!--73B22C8611CD45989ADC0B4AE3A55F5F-->  <AD_MODULE_ID><![CDATA[A918E3331C404B889D69AA9BFAFB23AC]]></AD_MODULE_ID>
<!--73B22C8611CD45989ADC0B4AE3A55F5F--></AD_REF_LIST>

<!--752D808CB7BC4730B1BD7DC0AC345D6F--><AD_REF_LIST>
<!--752D808CB7BC4730B1BD7DC0AC345D6F-->  <AD_REF_LIST_ID><![CDATA[752D808CB7BC4730B1BD7DC0AC345D6F]]></AD_REF_LIST_ID>
<!--752D808CB7BC4730B1BD7DC0AC345D6F-->  <AD_CLIENT_ID><![CDATA[0]]></AD_CLIENT_ID>
<!--752D808CB7BC4730B1BD7DC0AC345D6F-->  <AD_ORG_ID><![CDATA[0]]></AD_ORG_ID>
<!--752D808CB7BC4730B1BD7DC0AC345D6F-->  <ISACTIVE><![CDATA[Y]]></ISACTIVE>
<!--752D808CB7BC4730B1BD7DC0AC345D6F-->  <VALUE><![CDATA[APRM_MATCHSTATEMENT_HIDE_PARTIALMATCH_POPUP]]></VALUE>
<!--752D808CB7BC4730B1BD7DC0AC345D6F-->  <NAME><![CDATA[Match Statement: hide partial match confirmation popup]]></NAME>
<!--752D808CB7BC4730B1BD7DC0AC345D6F-->  <AD_REFERENCE_ID><![CDATA[A26BA480E2014707B47257024C3CBFF7]]></AD_REFERENCE_ID>
<!--752D808CB7BC4730B1BD7DC0AC345D6F-->  <AD_MODULE_ID><![CDATA[A918E3331C404B889D69AA9BFAFB23AC]]></AD_MODULE_ID>
<!--752D808CB7BC4730B1BD7DC0AC345D6F--></AD_REF_LIST>

<!--7AC4F4FF644247B7BD320BBF67C4F066--><AD_REF_LIST>
<!--7AC4F4FF644247B7BD320BBF67C4F066-->  <AD_REF_LIST_ID><![CDATA[7AC4F4FF644247B7BD320BBF67C4F066]]></AD_REF_LIST_ID>
<!--7AC4F4FF644247B7BD320BBF67C4F066-->  <AD_CLIENT_ID><![CDATA[0]]></AD_CLIENT_ID>
<!--7AC4F4FF644247B7BD320BBF67C4F066-->  <AD_ORG_ID><![CDATA[0]]></AD_ORG_ID>
<!--7AC4F4FF644247B7BD320BBF67C4F066-->  <ISACTIVE><![CDATA[Y]]></ISACTIVE>
<!--7AC4F4FF644247B7BD320BBF67C4F066-->  <VALUE><![CDATA[PRP]]></VALUE>
<!--7AC4F4FF644247B7BD320BBF67C4F066-->  <NAME><![CDATA[Process Received Payment(s)]]></NAME>
<!--7AC4F4FF644247B7BD320BBF67C4F066-->  <DESCRIPTION><![CDATA[Process Received Payment(s)]]></DESCRIPTION>
<!--7AC4F4FF644247B7BD320BBF67C4F066-->  <AD_REFERENCE_ID><![CDATA[7D750D39954C4F7A81B35230676D5D9F]]></AD_REFERENCE_ID>
<!--7AC4F4FF644247B7BD320BBF67C4F066-->  <AD_MODULE_ID><![CDATA[A918E3331C404B889D69AA9BFAFB23AC]]></AD_MODULE_ID>
<!--7AC4F4FF644247B7BD320BBF67C4F066-->  <SEQNO><![CDATA[10]]></SEQNO>
<!--7AC4F4FF644247B7BD320BBF67C4F066--></AD_REF_LIST>

<!--94334E10107D4F3C868191FF2C9AEAD0--><AD_REF_LIST>
<!--94334E10107D4F3C868191FF2C9AEAD0-->  <AD_REF_LIST_ID><![CDATA[94334E10107D4F3C868191FF2C9AEAD0]]></AD_REF_LIST_ID>
<!--94334E10107D4F3C868191FF2C9AEAD0-->  <AD_CLIENT_ID><![CDATA[0]]></AD_CLIENT_ID>
<!--94334E10107D4F3C868191FF2C9AEAD0-->  <AD_ORG_ID><![CDATA[0]]></AD_ORG_ID>
<!--94334E10107D4F3C868191FF2C9AEAD0-->  <ISACTIVE><![CDATA[Y]]></ISACTIVE>
<!--94334E10107D4F3C868191FF2C9AEAD0-->  <VALUE><![CDATA[UN]]></VALUE>
<!--94334E10107D4F3C868191FF2C9AEAD0-->  <NAME><![CDATA[Unmatch Selected]]></NAME>
<!--94334E10107D4F3C868191FF2C9AEAD0-->  <AD_REFERENCE_ID><![CDATA[C20E5E22588E40E5B8CC6D80ED3015C5]]></AD_REFERENCE_ID>
<!--94334E10107D4F3C868191FF2C9AEAD0-->  <AD_MODULE_ID><![CDATA[A918E3331C404B889D69AA9BFAFB23AC]]></AD_MODULE_ID>
<!--94334E10107D4F3C868191FF2C9AEAD0-->  <SEQNO><![CDATA[30]]></SEQNO>
<!--94334E10107D4F3C868191FF2C9AEAD0--></AD_REF_LIST>

<!--9AE9EBD541F34CC7AC8830B9601C52CB--><AD_REF_LIST>
<!--9AE9EBD541F34CC7AC8830B9601C52CB-->  <AD_REF_LIST_ID><![CDATA[9AE9EBD541F34CC7AC8830B9601C52CB]]></AD_REF_LIST_ID>
<!--9AE9EBD541F34CC7AC8830B9601C52CB-->  <AD_CLIENT_ID><![CDATA[0]]></AD_CLIENT_ID>
<!--9AE9EBD541F34CC7AC8830B9601C52CB-->  <AD_ORG_ID><![CDATA[0]]></AD_ORG_ID>
<!--9AE9EBD541F34CC7AC8830B9601C52CB-->  <ISACTIVE><![CDATA[Y]]></ISACTIVE>
<!--9AE9EBD541F34CC7AC8830B9601C52CB-->  <VALUE><![CDATA[APRM_AutoDistributeAmt]]></VALUE>
<!--9AE9EBD541F34CC7AC8830B9601C52CB-->  <NAME><![CDATA[Add Payment: Automatically distribute amounts]]></NAME>
<!--9AE9EBD541F34CC7AC8830B9601C52CB-->  <DESCRIPTION><![CDATA[If set as 'N' then auto distribution is not done]]></DESCRIPTION>
<!--9AE9EBD541F34CC7AC8830B9601C52CB-->  <AD_REFERENCE_ID><![CDATA[A26BA480E2014707B47257024C3CBFF7]]></AD_REFERENCE_ID>
<!--9AE9EBD541F34CC7AC8830B9601C52CB-->  <AD_MODULE_ID><![CDATA[A918E3331C404B889D69AA9BFAFB23AC]]></AD_MODULE_ID>
<!--9AE9EBD541F34CC7AC8830B9601C52CB--></AD_REF_LIST>

<!--A29540336120479B825D190E5B51C79E--><AD_REF_LIST>
<!--A29540336120479B825D190E5B51C79E-->  <AD_REF_LIST_ID><![CDATA[A29540336120479B825D190E5B51C79E]]></AD_REF_LIST_ID>
<!--A29540336120479B825D190E5B51C79E-->  <AD_CLIENT_ID><![CDATA[0]]></AD_CLIENT_ID>
<!--A29540336120479B825D190E5B51C79E-->  <AD_ORG_ID><![CDATA[0]]></AD_ORG_ID>
<!--A29540336120479B825D190E5B51C79E-->  <ISACTIVE><![CDATA[Y]]></ISACTIVE>
<!--A29540336120479B825D190E5B51C79E-->  <VALUE><![CDATA[R]]></VALUE>
<!--A29540336120479B825D190E5B51C79E-->  <NAME><![CDATA[Reactivate]]></NAME>
<!--A29540336120479B825D190E5B51C79E-->  <AD_REFERENCE_ID><![CDATA[EC75B6F5A9504DB6B3F3356EA85F15EE]]></AD_REFERENCE_ID>
<!--A29540336120479B825D190E5B51C79E-->  <AD_MODULE_ID><![CDATA[A918E3331C404B889D69AA9BFAFB23AC]]></AD_MODULE_ID>
<!--A29540336120479B825D190E5B51C79E--></AD_REF_LIST>

<!--A5D519E8B6B54FFDA61842449DB75A31--><AD_REF_LIST>
<!--A5D519E8B6B54FFDA61842449DB75A31-->  <AD_REF_LIST_ID><![CDATA[A5D519E8B6B54FFDA61842449DB75A31]]></AD_REF_LIST_ID>
<!--A5D519E8B6B54FFDA61842449DB75A31-->  <AD_CLIENT_ID><![CDATA[0]]></AD_CLIENT_ID>
<!--A5D519E8B6B54FFDA61842449DB75A31-->  <AD_ORG_ID><![CDATA[0]]></AD_ORG_ID>
<!--A5D519E8B6B54FFDA61842449DB75A31-->  <ISACTIVE><![CDATA[Y]]></ISACTIVE>
<!--A5D519E8B6B54FFDA61842449DB75A31-->  <VALUE><![CDATA[CR]]></VALUE>
<!--A5D519E8B6B54FFDA61842449DB75A31-->  <NAME><![CDATA[Leave the credit to be used later]]></NAME>
<!--A5D519E8B6B54FFDA61842449DB75A31-->  <AD_REFERENCE_ID><![CDATA[FCC5D21774AE4E73804F927CAB9858FE]]></AD_REFERENCE_ID>
<!--A5D519E8B6B54FFDA61842449DB75A31-->  <AD_MODULE_ID><![CDATA[A918E3331C404B889D69AA9BFAFB23AC]]></AD_MODULE_ID>
<!--A5D519E8B6B54FFDA61842449DB75A31--></AD_REF_LIST>

<!--A86E37A9B86C4EF4821E12765C04E525--><AD_REF_LIST>
<!--A86E37A9B86C4EF4821E12765C04E525-->  <AD_REF_LIST_ID><![CDATA[A86E37A9B86C4EF4821E12765C04E525]]></AD_REF_LIST_ID>
<!--A86E37A9B86C4EF4821E12765C04E525-->  <AD_CLIENT_ID><![CDATA[0]]></AD_CLIENT_ID>
<!--A86E37A9B86C4EF4821E12765C04E525-->  <AD_ORG_ID><![CDATA[0]]></AD_ORG_ID>
<!--A86E37A9B86C4EF4821E12765C04E525-->  <ISACTIVE><![CDATA[Y]]></ISACTIVE>
<!--A86E37A9B86C4EF4821E12765C04E525-->  <VALUE><![CDATA[O]]></VALUE>
<!--A86E37A9B86C4EF4821E12765C04E525-->  <NAME><![CDATA[Order]]></NAME>
<!--A86E37A9B86C4EF4821E12765C04E525-->  <AD_REFERENCE_ID><![CDATA[10536BBE003041DDBE293C619E336D4B]]></AD_REFERENCE_ID>
<!--A86E37A9B86C4EF4821E12765C04E525-->  <AD_MODULE_ID><![CDATA[A918E3331C404B889D69AA9BFAFB23AC]]></AD_MODULE_ID>
<!--A86E37A9B86C4EF4821E12765C04E525--></AD_REF_LIST>

<!--AA18A706616845D183B63BE88C967C89--><AD_REF_LIST>
<!--AA18A706616845D183B63BE88C967C89-->  <AD_REF_LIST_ID><![CDATA[AA18A706616845D183B63BE88C967C89]]></AD_REF_LIST_ID>
<!--AA18A706616845D183B63BE88C967C89-->  <AD_CLIENT_ID><![CDATA[0]]></AD_CLIENT_ID>
<!--AA18A706616845D183B63BE88C967C89-->  <AD_ORG_ID><![CDATA[0]]></AD_ORG_ID>
<!--AA18A706616845D183B63BE88C967C89-->  <ISACTIVE><![CDATA[Y]]></ISACTIVE>
<!--AA18A706616845D183B63BE88C967C89-->  <VALUE><![CDATA[PRD]]></VALUE>
<!--AA18A706616845D183B63BE88C967C89-->  <NAME><![CDATA[Process Received Payment(s) and Deposit]]></NAME>
<!--AA18A706616845D183B63BE88C967C89-->  <DESCRIPTION><![CDATA[Process Received Payment(s) and Deposit]]></DESCRIPTION>
<!--AA18A706616845D183B63BE88C967C89-->  <AD_REFERENCE_ID><![CDATA[F903F726B41A49D3860243101CEEBA25]]></AD_REFERENCE_ID>
<!--AA18A706616845D183B63BE88C967C89-->  <AD_MODULE_ID><![CDATA[A918E3331C404B889D69AA9BFAFB23AC]]></AD_MODULE_ID>
<!--AA18A706616845D183B63BE88C967C89-->  <SEQNO><![CDATA[20]]></SEQNO>
<!--AA18A706616845D183B63BE88C967C89--></AD_REF_LIST>

<!--B481A754BB024A1BA57D3DF852386B87--><AD_REF_LIST>
<!--B481A754BB024A1BA57D3DF852386B87-->  <AD_REF_LIST_ID><![CDATA[B481A754BB024A1BA57D3DF852386B87]]></AD_REF_LIST_ID>
<!--B481A754BB024A1BA57D3DF852386B87-->  <AD_CLIENT_ID><![CDATA[0]]></AD_CLIENT_ID>
<!--B481A754BB024A1BA57D3DF852386B87-->  <AD_ORG_ID><![CDATA[0]]></AD_ORG_ID>
<!--B481A754BB024A1BA57D3DF852386B87-->  <ISACTIVE><![CDATA[Y]]></ISACTIVE>
<!--B481A754BB024A1BA57D3DF852386B87-->  <VALUE><![CDATA[D]]></VALUE>
<!--B481A754BB024A1BA57D3DF852386B87-->  <NAME><![CDATA[Deposits]]></NAME>
<!--B481A754BB024A1BA57D3DF852386B87-->  <AD_REFERENCE_ID><![CDATA[0CC268ED2E8D4B0397A0DCBBFA2237DE]]></AD_REFERENCE_ID>
<!--B481A754BB024A1BA57D3DF852386B87-->  <AD_MODULE_ID><![CDATA[A918E3331C404B889D69AA9BFAFB23AC]]></AD_MODULE_ID>
<!--B481A754BB024A1BA57D3DF852386B87--></AD_REF_LIST>

<!--BABE6BF881DD471BB18BF1AD764A3B78--><AD_REF_LIST>
<!--BABE6BF881DD471BB18BF1AD764A3B78-->  <AD_REF_LIST_ID><![CDATA[BABE6BF881DD471BB18BF1AD764A3B78]]></AD_REF_LIST_ID>
<!--BABE6BF881DD471BB18BF1AD764A3B78-->  <AD_CLIENT_ID><![CDATA[0]]></AD_CLIENT_ID>
<!--BABE6BF881DD471BB18BF1AD764A3B78-->  <AD_ORG_ID><![CDATA[0]]></AD_ORG_ID>
<!--BABE6BF881DD471BB18BF1AD764A3B78-->  <ISACTIVE><![CDATA[Y]]></ISACTIVE>
<!--BABE6BF881DD471BB18BF1AD764A3B78-->  <VALUE><![CDATA[GL]]></VALUE>
<!--BABE6BF881DD471BB18BF1AD764A3B78-->  <NAME><![CDATA[GL Item]]></NAME>
<!--BABE6BF881DD471BB18BF1AD764A3B78-->  <AD_REFERENCE_ID><![CDATA[C1B4345A1F8841C2B1ADD403CA733D75]]></AD_REFERENCE_ID>
<!--BABE6BF881DD471BB18BF1AD764A3B78-->  <AD_MODULE_ID><![CDATA[A918E3331C404B889D69AA9BFAFB23AC]]></AD_MODULE_ID>
<!--BABE6BF881DD471BB18BF1AD764A3B78-->  <SEQNO><![CDATA[20]]></SEQNO>
<!--BABE6BF881DD471BB18BF1AD764A3B78--></AD_REF_LIST>

<!--C0D9FAD1047343BAA53AF6F60D572DD0--><AD_REF_LIST>
<!--C0D9FAD1047343BAA53AF6F60D572DD0-->  <AD_REF_LIST_ID><![CDATA[C0D9FAD1047343BAA53AF6F60D572DD0]]></AD_REF_LIST_ID>
<!--C0D9FAD1047343BAA53AF6F60D572DD0-->  <AD_CLIENT_ID><![CDATA[0]]></AD_CLIENT_ID>
<!--C0D9FAD1047343BAA53AF6F60D572DD0-->  <AD_ORG_ID><![CDATA[0]]></AD_ORG_ID>
<!--C0D9FAD1047343BAA53AF6F60D572DD0-->  <ISACTIVE><![CDATA[Y]]></ISACTIVE>
<!--C0D9FAD1047343BAA53AF6F60D572DD0-->  <VALUE><![CDATA[PRD]]></VALUE>
<!--C0D9FAD1047343BAA53AF6F60D572DD0-->  <NAME><![CDATA[Process Received Payment(s) and Deposit]]></NAME>
<!--C0D9FAD1047343BAA53AF6F60D572DD0-->  <DESCRIPTION><![CDATA[Process Received Payment(s) and Deposit]]></DESCRIPTION>
<!--C0D9FAD1047343BAA53AF6F60D572DD0-->  <AD_REFERENCE_ID><![CDATA[7D750D39954C4F7A81B35230676D5D9F]]></AD_REFERENCE_ID>
<!--C0D9FAD1047343BAA53AF6F60D572DD0-->  <AD_MODULE_ID><![CDATA[A918E3331C404B889D69AA9BFAFB23AC]]></AD_MODULE_ID>
<!--C0D9FAD1047343BAA53AF6F60D572DD0-->  <SEQNO><![CDATA[20]]></SEQNO>
<!--C0D9FAD1047343BAA53AF6F60D572DD0--></AD_REF_LIST>

<!--C219A5CC3FFD48FDBD00845200E3E33C--><AD_REF_LIST>
<!--C219A5CC3FFD48FDBD00845200E3E33C-->  <AD_REF_LIST_ID><![CDATA[C219A5CC3FFD48FDBD00845200E3E33C]]></AD_REF_LIST_ID>
<!--C219A5CC3FFD48FDBD00845200E3E33C-->  <AD_CLIENT_ID><![CDATA[0]]></AD_CLIENT_ID>
<!--C219A5CC3FFD48FDBD00845200E3E33C-->  <AD_ORG_ID><![CDATA[0]]></AD_ORG_ID>
<!--C219A5CC3FFD48FDBD00845200E3E33C-->  <ISACTIVE><![CDATA[Y]]></ISACTIVE>
<!--C219A5CC3FFD48FDBD00845200E3E33C-->  <VALUE><![CDATA[A]]></VALUE>
<!--C219A5CC3FFD48FDBD00845200E3E33C-->  <NAME><![CDATA[Auto]]></NAME>
<!--C219A5CC3FFD48FDBD00845200E3E33C-->  <AD_REFERENCE_ID><![CDATA[125FEBA3F9E841FF928C2D13F33540EC]]></AD_REFERENCE_ID>
<!--C219A5CC3FFD48FDBD00845200E3E33C-->  <AD_MODULE_ID><![CDATA[A918E3331C404B889D69AA9BFAFB23AC]]></AD_MODULE_ID>
<!--C219A5CC3FFD48FDBD00845200E3E33C--></AD_REF_LIST>

<!--C5D1596D065545B49156C1F9426C9E14--><AD_REF_LIST>
<!--C5D1596D065545B49156C1F9426C9E14-->  <AD_REF_LIST_ID><![CDATA[C5D1596D065545B49156C1F9426C9E14]]></AD_REF_LIST_ID>
<!--C5D1596D065545B49156C1F9426C9E14-->  <AD_CLIENT_ID><![CDATA[0]]></AD_CLIENT_ID>
<!--C5D1596D065545B49156C1F9426C9E14-->  <AD_ORG_ID><![CDATA[0]]></AD_ORG_ID>
<!--C5D1596D065545B49156C1F9426C9E14-->  <ISACTIVE><![CDATA[Y]]></ISACTIVE>
<!--C5D1596D065545B49156C1F9426C9E14-->  <VALUE><![CDATA[GSP]]></VALUE>
<!--C5D1596D065545B49156C1F9426C9E14-->  <NAME><![CDATA[Group separate payments for the same vendor into one payment]]></NAME>
<!--C5D1596D065545B49156C1F9426C9E14-->  <AD_REFERENCE_ID><![CDATA[79FDE7805FC84C2BB251EE57E96C0AEE]]></AD_REFERENCE_ID>
<!--C5D1596D065545B49156C1F9426C9E14-->  <AD_MODULE_ID><![CDATA[A918E3331C404B889D69AA9BFAFB23AC]]></AD_MODULE_ID>
<!--C5D1596D065545B49156C1F9426C9E14-->  <SEQNO><![CDATA[30]]></SEQNO>
<!--C5D1596D065545B49156C1F9426C9E14--></AD_REF_LIST>

<!--C69982184F634AC79728338D1F327B76--><AD_REF_LIST>
<!--C69982184F634AC79728338D1F327B76-->  <AD_REF_LIST_ID><![CDATA[C69982184F634AC79728338D1F327B76]]></AD_REF_LIST_ID>
<!--C69982184F634AC79728338D1F327B76-->  <AD_CLIENT_ID><![CDATA[0]]></AD_CLIENT_ID>
<!--C69982184F634AC79728338D1F327B76-->  <AD_ORG_ID><![CDATA[0]]></AD_ORG_ID>
<!--C69982184F634AC79728338D1F327B76-->  <ISACTIVE><![CDATA[Y]]></ISACTIVE>
<!--C69982184F634AC79728338D1F327B76-->  <VALUE><![CDATA[RE]]></VALUE>
<!--C69982184F634AC79728338D1F327B76-->  <NAME><![CDATA[Reconcile All]]></NAME>
<!--C69982184F634AC79728338D1F327B76-->  <AD_REFERENCE_ID><![CDATA[C20E5E22588E40E5B8CC6D80ED3015C5]]></AD_REFERENCE_ID>
<!--C69982184F634AC79728338D1F327B76-->  <AD_MODULE_ID><![CDATA[A918E3331C404B889D69AA9BFAFB23AC]]></AD_MODULE_ID>
<!--C69982184F634AC79728338D1F327B76-->  <SEQNO><![CDATA[20]]></SEQNO>
<!--C69982184F634AC79728338D1F327B76--></AD_REF_LIST>

<!--D82326E588CB4BF685FAE03B5097B108--><AD_REF_LIST>
<!--D82326E588CB4BF685FAE03B5097B108-->  <AD_REF_LIST_ID><![CDATA[D82326E588CB4BF685FAE03B5097B108]]></AD_REF_LIST_ID>
<!--D82326E588CB4BF685FAE03B5097B108-->  <AD_CLIENT_ID><![CDATA[0]]></AD_CLIENT_ID>
<!--D82326E588CB4BF685FAE03B5097B108-->  <AD_ORG_ID><![CDATA[0]]></AD_ORG_ID>
<!--D82326E588CB4BF685FAE03B5097B108-->  <ISACTIVE><![CDATA[Y]]></ISACTIVE>
<!--D82326E588CB4BF685FAE03B5097B108-->  <VALUE><![CDATA[APRM_ShowNoDistributeMsg]]></VALUE>
<!--D82326E588CB4BF685FAE03B5097B108-->  <NAME><![CDATA[Show No Distribute Amount Message]]></NAME>
<!--D82326E588CB4BF685FAE03B5097B108-->  <DESCRIPTION><![CDATA[If not 'N', shows a message when the APRM distribution is not done due to having too many records]]></DESCRIPTION>
<!--D82326E588CB4BF685FAE03B5097B108-->  <AD_REFERENCE_ID><![CDATA[A26BA480E2014707B47257024C3CBFF7]]></AD_REFERENCE_ID>
<!--D82326E588CB4BF685FAE03B5097B108-->  <AD_MODULE_ID><![CDATA[A918E3331C404B889D69AA9BFAFB23AC]]></AD_MODULE_ID>
<!--D82326E588CB4BF685FAE03B5097B108--></AD_REF_LIST>

<!--D8B6B39FDFF54278B54440AFCF7FDF3D--><AD_REF_LIST>
<!--D8B6B39FDFF54278B54440AFCF7FDF3D-->  <AD_REF_LIST_ID><![CDATA[D8B6B39FDFF54278B54440AFCF7FDF3D]]></AD_REF_LIST_ID>
<!--D8B6B39FDFF54278B54440AFCF7FDF3D-->  <AD_CLIENT_ID><![CDATA[0]]></AD_CLIENT_ID>
<!--D8B6B39FDFF54278B54440AFCF7FDF3D-->  <AD_ORG_ID><![CDATA[0]]></AD_ORG_ID>
<!--D8B6B39FDFF54278B54440AFCF7FDF3D-->  <ISACTIVE><![CDATA[Y]]></ISACTIVE>
<!--D8B6B39FDFF54278B54440AFCF7FDF3D-->  <VALUE><![CDATA[R]]></VALUE>
<!--D8B6B39FDFF54278B54440AFCF7FDF3D-->  <NAME><![CDATA[Reactivate]]></NAME>
<!--D8B6B39FDFF54278B54440AFCF7FDF3D-->  <AD_REFERENCE_ID><![CDATA[F671DDEA466D41A996F605590CB545BC]]></AD_REFERENCE_ID>
<!--D8B6B39FDFF54278B54440AFCF7FDF3D-->  <AD_MODULE_ID><![CDATA[A918E3331C404B889D69AA9BFAFB23AC]]></AD_MODULE_ID>
<!--D8B6B39FDFF54278B54440AFCF7FDF3D--></AD_REF_LIST>

<!--DDCDE32A9FC046E694D5074144DD6AFF--><AD_REF_LIST>
<!--DDCDE32A9FC046E694D5074144DD6AFF-->  <AD_REF_LIST_ID><![CDATA[DDCDE32A9FC046E694D5074144DD6AFF]]></AD_REF_LIST_ID>
<!--DDCDE32A9FC046E694D5074144DD6AFF-->  <AD_CLIENT_ID><![CDATA[0]]></AD_CLIENT_ID>
<!--DDCDE32A9FC046E694D5074144DD6AFF-->  <AD_ORG_ID><![CDATA[0]]></AD_ORG_ID>
<!--DDCDE32A9FC046E694D5074144DD6AFF-->  <ISACTIVE><![CDATA[Y]]></ISACTIVE>
<!--DDCDE32A9FC046E694D5074144DD6AFF-->  <VALUE><![CDATA[PPP]]></VALUE>
<!--DDCDE32A9FC046E694D5074144DD6AFF-->  <NAME><![CDATA[Process Made Payment(s)]]></NAME>
<!--DDCDE32A9FC046E694D5074144DD6AFF-->  <DESCRIPTION><![CDATA[Process Made Payment(s)]]></DESCRIPTION>
<!--DDCDE32A9FC046E694D5074144DD6AFF-->  <AD_REFERENCE_ID><![CDATA[7D750D39954C4F7A81B35230676D5D9F]]></AD_REFERENCE_ID>
<!--DDCDE32A9FC046E694D5074144DD6AFF-->  <AD_MODULE_ID><![CDATA[A918E3331C404B889D69AA9BFAFB23AC]]></AD_MODULE_ID>
<!--DDCDE32A9FC046E694D5074144DD6AFF-->  <SEQNO><![CDATA[30]]></SEQNO>
<!--DDCDE32A9FC046E694D5074144DD6AFF--></AD_REF_LIST>

<!--DF2C9E7524A64BE5A16BE6F9644A7D3E--><AD_REF_LIST>
<!--DF2C9E7524A64BE5A16BE6F9644A7D3E-->  <AD_REF_LIST_ID><![CDATA[DF2C9E7524A64BE5A16BE6F9644A7D3E]]></AD_REF_LIST_ID>
<!--DF2C9E7524A64BE5A16BE6F9644A7D3E-->  <AD_CLIENT_ID><![CDATA[0]]></AD_CLIENT_ID>
<!--DF2C9E7524A64BE5A16BE6F9644A7D3E-->  <AD_ORG_ID><![CDATA[0]]></AD_ORG_ID>
<!--DF2C9E7524A64BE5A16BE6F9644A7D3E-->  <ISACTIVE><![CDATA[Y]]></ISACTIVE>
<!--DF2C9E7524A64BE5A16BE6F9644A7D3E-->  <VALUE><![CDATA[P]]></VALUE>
<!--DF2C9E7524A64BE5A16BE6F9644A7D3E-->  <NAME><![CDATA[Payment]]></NAME>
<!--DF2C9E7524A64BE5A16BE6F9644A7D3E-->  <AD_REFERENCE_ID><![CDATA[10536BBE003041DDBE293C619E336D4B]]></AD_REFERENCE_ID>
<!--DF2C9E7524A64BE5A16BE6F9644A7D3E-->  <AD_MODULE_ID><![CDATA[A918E3331C404B889D69AA9BFAFB23AC]]></AD_MODULE_ID>
<!--DF2C9E7524A64BE5A16BE6F9644A7D3E--></AD_REF_LIST>

<!--E047F81FACD0440EACB0EE63EB18A4EE--><AD_REF_LIST>
<!--E047F81FACD0440EACB0EE63EB18A4EE-->  <AD_REF_LIST_ID><![CDATA[E047F81FACD0440EACB0EE63EB18A4EE]]></AD_REF_LIST_ID>
<!--E047F81FACD0440EACB0EE63EB18A4EE-->  <AD_CLIENT_ID><![CDATA[0]]></AD_CLIENT_ID>
<!--E047F81FACD0440EACB0EE63EB18A4EE-->  <AD_ORG_ID><![CDATA[0]]></AD_ORG_ID>
<!--E047F81FACD0440EACB0EE63EB18A4EE-->  <ISACTIVE><![CDATA[Y]]></ISACTIVE>
<!--E047F81FACD0440EACB0EE63EB18A4EE-->  <VALUE><![CDATA[P]]></VALUE>
<!--E047F81FACD0440EACB0EE63EB18A4EE-->  <NAME><![CDATA[Payment In/Out]]></NAME>
<!--E047F81FACD0440EACB0EE63EB18A4EE-->  <AD_REFERENCE_ID><![CDATA[C1B4345A1F8841C2B1ADD403CA733D75]]></AD_REFERENCE_ID>
<!--E047F81FACD0440EACB0EE63EB18A4EE-->  <AD_MODULE_ID><![CDATA[A918E3331C404B889D69AA9BFAFB23AC]]></AD_MODULE_ID>
<!--E047F81FACD0440EACB0EE63EB18A4EE-->  <SEQNO><![CDATA[10]]></SEQNO>
<!--E047F81FACD0440EACB0EE63EB18A4EE--></AD_REF_LIST>

<!--E20CDC34CA3C43D39A25855EF6D1D37B--><AD_REF_LIST>
<!--E20CDC34CA3C43D39A25855EF6D1D37B-->  <AD_REF_LIST_ID><![CDATA[E20CDC34CA3C43D39A25855EF6D1D37B]]></AD_REF_LIST_ID>
<!--E20CDC34CA3C43D39A25855EF6D1D37B-->  <AD_CLIENT_ID><![CDATA[0]]></AD_CLIENT_ID>
<!--E20CDC34CA3C43D39A25855EF6D1D37B-->  <AD_ORG_ID><![CDATA[0]]></AD_ORG_ID>
<!--E20CDC34CA3C43D39A25855EF6D1D37B-->  <ISACTIVE><![CDATA[Y]]></ISACTIVE>
<!--E20CDC34CA3C43D39A25855EF6D1D37B-->  <VALUE><![CDATA[M]]></VALUE>
<!--E20CDC34CA3C43D39A25855EF6D1D37B-->  <NAME><![CDATA[Manual]]></NAME>
<!--E20CDC34CA3C43D39A25855EF6D1D37B-->  <AD_REFERENCE_ID><![CDATA[125FEBA3F9E841FF928C2D13F33540EC]]></AD_REFERENCE_ID>
<!--E20CDC34CA3C43D39A25855EF6D1D37B-->  <AD_MODULE_ID><![CDATA[A918E3331C404B889D69AA9BFAFB23AC]]></AD_MODULE_ID>
<!--E20CDC34CA3C43D39A25855EF6D1D37B--></AD_REF_LIST>

<!--EC3A644549FE409D92BB8FDAB394E50C--><AD_REF_LIST>
<!--EC3A644549FE409D92BB8FDAB394E50C-->  <AD_REF_LIST_ID><![CDATA[EC3A644549FE409D92BB8FDAB394E50C]]></AD_REF_LIST_ID>
<!--EC3A644549FE409D92BB8FDAB394E50C-->  <AD_CLIENT_ID><![CDATA[0]]></AD_CLIENT_ID>
<!--EC3A644549FE409D92BB8FDAB394E50C-->  <AD_ORG_ID><![CDATA[0]]></AD_ORG_ID>
<!--EC3A644549FE409D92BB8FDAB394E50C-->  <ISACTIVE><![CDATA[Y]]></ISACTIVE>
<!--EC3A644549FE409D92BB8FDAB394E50C-->  <VALUE><![CDATA[C]]></VALUE>
<!--EC3A644549FE409D92BB8FDAB394E50C-->  <NAME><![CDATA[Credit]]></NAME>
<!--EC3A644549FE409D92BB8FDAB394E50C-->  <AD_REFERENCE_ID><![CDATA[3C5D8A9557F24C9E81D26D032AF917B2]]></AD_REFERENCE_ID>
<!--EC3A644549FE409D92BB8FDAB394E50C-->  <AD_MODULE_ID><![CDATA[A918E3331C404B889D69AA9BFAFB23AC]]></AD_MODULE_ID>
<!--EC3A644549FE409D92BB8FDAB394E50C-->  <SEQNO><![CDATA[50]]></SEQNO>
<!--EC3A644549FE409D92BB8FDAB394E50C--></AD_REF_LIST>

<!--EE8E4DB3F3BC41A4A997B460F299792F--><AD_REF_LIST>
<!--EE8E4DB3F3BC41A4A997B460F299792F-->  <AD_REF_LIST_ID><![CDATA[EE8E4DB3F3BC41A4A997B460F299792F]]></AD_REF_LIST_ID>
<!--EE8E4DB3F3BC41A4A997B460F299792F-->  <AD_CLIENT_ID><![CDATA[0]]></AD_CLIENT_ID>
<!--EE8E4DB3F3BC41A4A997B460F299792F-->  <AD_ORG_ID><![CDATA[0]]></AD_ORG_ID>
<!--EE8E4DB3F3BC41A4A997B460F299792F-->  <ISACTIVE><![CDATA[Y]]></ISACTIVE>
<!--EE8E4DB3F3BC41A4A997B460F299792F-->  <VALUE><![CDATA[T]]></VALUE>
<!--EE8E4DB3F3BC41A4A997B460F299792F-->  <NAME><![CDATA[Transaction]]></NAME>
<!--EE8E4DB3F3BC41A4A997B460F299792F-->  <AD_REFERENCE_ID><![CDATA[3C5D8A9557F24C9E81D26D032AF917B2]]></AD_REFERENCE_ID>
<!--EE8E4DB3F3BC41A4A997B460F299792F-->  <AD_MODULE_ID><![CDATA[A918E3331C404B889D69AA9BFAFB23AC]]></AD_MODULE_ID>
<!--EE8E4DB3F3BC41A4A997B460F299792F-->  <SEQNO><![CDATA[10]]></SEQNO>
<!--EE8E4DB3F3BC41A4A997B460F299792F--></AD_REF_LIST>

<!--FD081D76045444C691F7E1D40060486C--><AD_REF_LIST>
<!--FD081D76045444C691F7E1D40060486C-->  <AD_REF_LIST_ID><![CDATA[FD081D76045444C691F7E1D40060486C]]></AD_REF_LIST_ID>
<!--FD081D76045444C691F7E1D40060486C-->  <AD_CLIENT_ID><![CDATA[0]]></AD_CLIENT_ID>
<!--FD081D76045444C691F7E1D40060486C-->  <AD_ORG_ID><![CDATA[0]]></AD_ORG_ID>
<!--FD081D76045444C691F7E1D40060486C-->  <ISACTIVE><![CDATA[Y]]></ISACTIVE>
<!--FD081D76045444C691F7E1D40060486C-->  <VALUE><![CDATA[B]]></VALUE>
<!--FD081D76045444C691F7E1D40060486C-->  <NAME><![CDATA[Orders and Invoices]]></NAME>
<!--FD081D76045444C691F7E1D40060486C-->  <AD_REFERENCE_ID><![CDATA[1543EE40981840C3929CBC16320FE155]]></AD_REFERENCE_ID>
<!--FD081D76045444C691F7E1D40060486C-->  <AD_MODULE_ID><![CDATA[A918E3331C404B889D69AA9BFAFB23AC]]></AD_MODULE_ID>
<!--FD081D76045444C691F7E1D40060486C-->  <SEQNO><![CDATA[30]]></SEQNO>
<!--FD081D76045444C691F7E1D40060486C--></AD_REF_LIST>

<!--FF8080812E443491012E443C4ED60020--><AD_REF_LIST>
<!--FF8080812E443491012E443C4ED60020-->  <AD_REF_LIST_ID><![CDATA[FF8080812E443491012E443C4ED60020]]></AD_REF_LIST_ID>
<!--FF8080812E443491012E443C4ED60020-->  <AD_CLIENT_ID><![CDATA[0]]></AD_CLIENT_ID>
<!--FF8080812E443491012E443C4ED60020-->  <AD_ORG_ID><![CDATA[0]]></AD_ORG_ID>
<!--FF8080812E443491012E443C4ED60020-->  <ISACTIVE><![CDATA[Y]]></ISACTIVE>
<!--FF8080812E443491012E443C4ED60020-->  <VALUE><![CDATA[R]]></VALUE>
<!--FF8080812E443491012E443C4ED60020-->  <NAME><![CDATA[Reactivate]]></NAME>
<!--FF8080812E443491012E443C4ED60020-->  <DESCRIPTION><![CDATA[Reconciliation process actions]]></DESCRIPTION>
<!--FF8080812E443491012E443C4ED60020-->  <AD_REFERENCE_ID><![CDATA[FF8080812E443491012E443C053A001A]]></AD_REFERENCE_ID>
<!--FF8080812E443491012E443C4ED60020-->  <AD_MODULE_ID><![CDATA[A918E3331C404B889D69AA9BFAFB23AC]]></AD_MODULE_ID>
<!--FF8080812E443491012E443C4ED60020--></AD_REF_LIST>

<!--FF8080812E443491012E443CA7460027--><AD_REF_LIST>
<!--FF8080812E443491012E443CA7460027-->  <AD_REF_LIST_ID><![CDATA[FF8080812E443491012E443CA7460027]]></AD_REF_LIST_ID>
<!--FF8080812E443491012E443CA7460027-->  <AD_CLIENT_ID><![CDATA[0]]></AD_CLIENT_ID>
<!--FF8080812E443491012E443CA7460027-->  <AD_ORG_ID><![CDATA[0]]></AD_ORG_ID>
<!--FF8080812E443491012E443CA7460027-->  <ISACTIVE><![CDATA[Y]]></ISACTIVE>
<!--FF8080812E443491012E443CA7460027-->  <VALUE><![CDATA[P]]></VALUE>
<!--FF8080812E443491012E443CA7460027-->  <NAME><![CDATA[Process Reconciliation]]></NAME>
<!--FF8080812E443491012E443CA7460027-->  <AD_REFERENCE_ID><![CDATA[FF8080812E443491012E443C053A001A]]></AD_REFERENCE_ID>
<!--FF8080812E443491012E443CA7460027-->  <AD_MODULE_ID><![CDATA[A918E3331C404B889D69AA9BFAFB23AC]]></AD_MODULE_ID>
<!--FF8080812E443491012E443CA7460027--></AD_REF_LIST>

<!--FF808181312414380131241DC25C0025--><AD_REF_LIST>
<!--FF808181312414380131241DC25C0025-->  <AD_REF_LIST_ID><![CDATA[FF808181312414380131241DC25C0025]]></AD_REF_LIST_ID>
<!--FF808181312414380131241DC25C0025-->  <AD_CLIENT_ID><![CDATA[0]]></AD_CLIENT_ID>
<!--FF808181312414380131241DC25C0025-->  <AD_ORG_ID><![CDATA[0]]></AD_ORG_ID>
<!--FF808181312414380131241DC25C0025-->  <ISACTIVE><![CDATA[Y]]></ISACTIVE>
<!--FF808181312414380131241DC25C0025-->  <VALUE><![CDATA[Invoice Document Number]]></VALUE>
<!--FF808181312414380131241DC25C0025-->  <NAME><![CDATA[Invoice Document Number]]></NAME>
<!--FF808181312414380131241DC25C0025-->  <DESCRIPTION><![CDATA[Use Invoice Document Number]]></DESCRIPTION>
<!--FF808181312414380131241DC25C0025-->  <AD_REFERENCE_ID><![CDATA[FF808181312414380131241C5A41001F]]></AD_REFERENCE_ID>
<!--FF808181312414380131241DC25C0025-->  <AD_MODULE_ID><![CDATA[A918E3331C404B889D69AA9BFAFB23AC]]></AD_MODULE_ID>
<!--FF808181312414380131241DC25C0025--></AD_REF_LIST>

<!--FF808181312414380131241E6B370029--><AD_REF_LIST>
<!--FF808181312414380131241E6B370029-->  <AD_REF_LIST_ID><![CDATA[FF808181312414380131241E6B370029]]></AD_REF_LIST_ID>
<!--FF808181312414380131241E6B370029-->  <AD_CLIENT_ID><![CDATA[0]]></AD_CLIENT_ID>
<!--FF808181312414380131241E6B370029-->  <AD_ORG_ID><![CDATA[0]]></AD_ORG_ID>
<!--FF808181312414380131241E6B370029-->  <ISACTIVE><![CDATA[Y]]></ISACTIVE>
<!--FF808181312414380131241E6B370029-->  <VALUE><![CDATA[Supplier Reference]]></VALUE>
<!--FF808181312414380131241E6B370029-->  <NAME><![CDATA[Supplier Reference]]></NAME>
<!--FF808181312414380131241E6B370029-->  <DESCRIPTION><![CDATA[Use invoice's supplier reference. If empty, it uses the invoice's document number]]></DESCRIPTION>
<!--FF808181312414380131241E6B370029-->  <AD_REFERENCE_ID><![CDATA[FF808181312414380131241C5A41001F]]></AD_REFERENCE_ID>
<!--FF808181312414380131241E6B370029-->  <AD_MODULE_ID><![CDATA[A918E3331C404B889D69AA9BFAFB23AC]]></AD_MODULE_ID>
<!--FF808181312414380131241E6B370029--></AD_REF_LIST>

</data>
