<?xml version='1.0' encoding='UTF-8'?>
<data>
<!--414E5DD3A1304C7781FB856A6872F428--><AD_REF_TABLE>
<!--414E5DD3A1304C7781FB856A6872F428-->  <AD_REFERENCE_ID><![CDATA[414E5DD3A1304C7781FB856A6872F428]]></AD_REFERENCE_ID>
<!--414E5DD3A1304C7781FB856A6872F428-->  <AD_CLIENT_ID><![CDATA[0]]></AD_CLIENT_ID>
<!--414E5DD3A1304C7781FB856A6872F428-->  <AD_ORG_ID><![CDATA[0]]></AD_ORG_ID>
<!--414E5DD3A1304C7781FB856A6872F428-->  <ISACTIVE><![CDATA[Y]]></ISACTIVE>
<!--414E5DD3A1304C7781FB856A6872F428-->  <AD_TABLE_ID><![CDATA[100]]></AD_TABLE_ID>
<!--414E5DD3A1304C7781FB856A6872F428-->  <AD_KEY><![CDATA[100]]></AD_KEY>
<!--414E5DD3A1304C7781FB856A6872F428-->  <AD_DISPLAY><![CDATA[107]]></AD_DISPLAY>
<!--414E5DD3A1304C7781FB856A6872F428-->  <ISVALUEDISPLAYED><![CDATA[N]]></ISVALUEDISPLAYED>
<!--414E5DD3A1304C7781FB856A6872F428--></AD_REF_TABLE>

<!--5C5A20E0E7234DD58B5E95E0F06615A4--><AD_REF_TABLE>
<!--5C5A20E0E7234DD58B5E95E0F06615A4-->  <AD_REFERENCE_ID><![CDATA[5C5A20E0E7234DD58B5E95E0F06615A4]]></AD_REFERENCE_ID>
<!--5C5A20E0E7234DD58B5E95E0F06615A4-->  <AD_CLIENT_ID><![CDATA[0]]></AD_CLIENT_ID>
<!--5C5A20E0E7234DD58B5E95E0F06615A4-->  <AD_ORG_ID><![CDATA[0]]></AD_ORG_ID>
<!--5C5A20E0E7234DD58B5E95E0F06615A4-->  <ISACTIVE><![CDATA[Y]]></ISACTIVE>
<!--5C5A20E0E7234DD58B5E95E0F06615A4-->  <AD_TABLE_ID><![CDATA[4D8C3B3C31D1410DA046140C9F024D17]]></AD_TABLE_ID>
<!--5C5A20E0E7234DD58B5E95E0F06615A4-->  <AD_KEY><![CDATA[7891269C840E655DE040007F010155CE]]></AD_KEY>
<!--5C5A20E0E7234DD58B5E95E0F06615A4-->  <AD_DISPLAY><![CDATA[E16BB81D95984DF08700A8940683A636]]></AD_DISPLAY>
<!--5C5A20E0E7234DD58B5E95E0F06615A4-->  <ISVALUEDISPLAYED><![CDATA[N]]></ISVALUEDISPLAYED>
<!--5C5A20E0E7234DD58B5E95E0F06615A4--></AD_REF_TABLE>

<!--5E77652CBFEB4F03A3A0629642D024BD--><AD_REF_TABLE>
<!--5E77652CBFEB4F03A3A0629642D024BD-->  <AD_REFERENCE_ID><![CDATA[5E77652CBFEB4F03A3A0629642D024BD]]></AD_REFERENCE_ID>
<!--5E77652CBFEB4F03A3A0629642D024BD-->  <AD_CLIENT_ID><![CDATA[0]]></AD_CLIENT_ID>
<!--5E77652CBFEB4F03A3A0629642D024BD-->  <AD_ORG_ID><![CDATA[0]]></AD_ORG_ID>
<!--5E77652CBFEB4F03A3A0629642D024BD-->  <ISACTIVE><![CDATA[Y]]></ISACTIVE>
<!--5E77652CBFEB4F03A3A0629642D024BD-->  <AD_TABLE_ID><![CDATA[D1A97202E832470285C9B1EB026D54E2]]></AD_TABLE_ID>
<!--5E77652CBFEB4F03A3A0629642D024BD-->  <AD_KEY><![CDATA[7891269C83D0655DE040007F010155CE]]></AD_KEY>
<!--5E77652CBFEB4F03A3A0629642D024BD-->  <AD_DISPLAY><![CDATA[7891269C83E0655DE040007F010155CE]]></AD_DISPLAY>
<!--5E77652CBFEB4F03A3A0629642D024BD-->  <ISVALUEDISPLAYED><![CDATA[N]]></ISVALUEDISPLAYED>
<!--5E77652CBFEB4F03A3A0629642D024BD--></AD_REF_TABLE>

</data>
