<?xml version='1.0' encoding='UTF-8'?>
<data>
<!--0DEE2086F5BE4AB3AAC5D87E89A807CB--><AD_TREENODE>
<!--0DEE2086F5BE4AB3AAC5D87E89A807CB-->  <AD_TREENODE_ID><![CDATA[0DEE2086F5BE4AB3AAC5D87E89A807CB]]></AD_TREENODE_ID>
<!--0DEE2086F5BE4AB3AAC5D87E89A807CB-->  <AD_TREE_ID><![CDATA[10]]></AD_TREE_ID>
<!--0DEE2086F5BE4AB3AAC5D87E89A807CB-->  <NODE_ID><![CDATA[91FCED01924C4BCE82A06CD2D894E971]]></NODE_ID>
<!--0DEE2086F5BE4AB3AAC5D87E89A807CB-->  <AD_CLIENT_ID><![CDATA[0]]></AD_CLIENT_ID>
<!--0DEE2086F5BE4AB3AAC5D87E89A807CB-->  <AD_ORG_ID><![CDATA[0]]></AD_ORG_ID>
<!--0DEE2086F5BE4AB3AAC5D87E89A807CB-->  <ISACTIVE><![CDATA[Y]]></ISACTIVE>
<!--0DEE2086F5BE4AB3AAC5D87E89A807CB-->  <PARENT_ID><![CDATA[800255]]></PARENT_ID>
<!--0DEE2086F5BE4AB3AAC5D87E89A807CB-->  <SEQNO><![CDATA[100]]></SEQNO>
<!--0DEE2086F5BE4AB3AAC5D87E89A807CB--></AD_TREENODE>

<!--0F3CA3B4D1C842F78C1DC5BBD9740711--><AD_TREENODE>
<!--0F3CA3B4D1C842F78C1DC5BBD9740711-->  <AD_TREENODE_ID><![CDATA[0F3CA3B4D1C842F78C1DC5BBD9740711]]></AD_TREENODE_ID>
<!--0F3CA3B4D1C842F78C1DC5BBD9740711-->  <AD_TREE_ID><![CDATA[10]]></AD_TREE_ID>
<!--0F3CA3B4D1C842F78C1DC5BBD9740711-->  <NODE_ID><![CDATA[57DA6BAE74334B5B81A0AD05256C1B34]]></NODE_ID>
<!--0F3CA3B4D1C842F78C1DC5BBD9740711-->  <AD_CLIENT_ID><![CDATA[0]]></AD_CLIENT_ID>
<!--0F3CA3B4D1C842F78C1DC5BBD9740711-->  <AD_ORG_ID><![CDATA[0]]></AD_ORG_ID>
<!--0F3CA3B4D1C842F78C1DC5BBD9740711-->  <ISACTIVE><![CDATA[Y]]></ISACTIVE>
<!--0F3CA3B4D1C842F78C1DC5BBD9740711-->  <PARENT_ID><![CDATA[800253]]></PARENT_ID>
<!--0F3CA3B4D1C842F78C1DC5BBD9740711-->  <SEQNO><![CDATA[180]]></SEQNO>
<!--0F3CA3B4D1C842F78C1DC5BBD9740711--></AD_TREENODE>

<!--17343F20BFD54B3D84900698BBD51451--><AD_TREENODE>
<!--17343F20BFD54B3D84900698BBD51451-->  <AD_TREENODE_ID><![CDATA[17343F20BFD54B3D84900698BBD51451]]></AD_TREENODE_ID>
<!--17343F20BFD54B3D84900698BBD51451-->  <AD_TREE_ID><![CDATA[10]]></AD_TREE_ID>
<!--17343F20BFD54B3D84900698BBD51451-->  <NODE_ID><![CDATA[9CE1B49B25274C2E98455FC7E4C7C64A]]></NODE_ID>
<!--17343F20BFD54B3D84900698BBD51451-->  <AD_CLIENT_ID><![CDATA[0]]></AD_CLIENT_ID>
<!--17343F20BFD54B3D84900698BBD51451-->  <AD_ORG_ID><![CDATA[0]]></AD_ORG_ID>
<!--17343F20BFD54B3D84900698BBD51451-->  <ISACTIVE><![CDATA[Y]]></ISACTIVE>
<!--17343F20BFD54B3D84900698BBD51451-->  <PARENT_ID><![CDATA[800255]]></PARENT_ID>
<!--17343F20BFD54B3D84900698BBD51451-->  <SEQNO><![CDATA[80]]></SEQNO>
<!--17343F20BFD54B3D84900698BBD51451--></AD_TREENODE>

<!--2A811D661ACE49AEB0E93419A4A4C2F3--><AD_TREENODE>
<!--2A811D661ACE49AEB0E93419A4A4C2F3-->  <AD_TREENODE_ID><![CDATA[2A811D661ACE49AEB0E93419A4A4C2F3]]></AD_TREENODE_ID>
<!--2A811D661ACE49AEB0E93419A4A4C2F3-->  <AD_TREE_ID><![CDATA[10]]></AD_TREE_ID>
<!--2A811D661ACE49AEB0E93419A4A4C2F3-->  <NODE_ID><![CDATA[E6903C6E20814C82BF1CA9C92847A8A5]]></NODE_ID>
<!--2A811D661ACE49AEB0E93419A4A4C2F3-->  <AD_CLIENT_ID><![CDATA[0]]></AD_CLIENT_ID>
<!--2A811D661ACE49AEB0E93419A4A4C2F3-->  <AD_ORG_ID><![CDATA[0]]></AD_ORG_ID>
<!--2A811D661ACE49AEB0E93419A4A4C2F3-->  <ISACTIVE><![CDATA[Y]]></ISACTIVE>
<!--2A811D661ACE49AEB0E93419A4A4C2F3-->  <PARENT_ID><![CDATA[800256]]></PARENT_ID>
<!--2A811D661ACE49AEB0E93419A4A4C2F3-->  <SEQNO><![CDATA[10]]></SEQNO>
<!--2A811D661ACE49AEB0E93419A4A4C2F3--></AD_TREENODE>

<!--3FD746883F8840E1BED768193D141802--><AD_TREENODE>
<!--3FD746883F8840E1BED768193D141802-->  <AD_TREENODE_ID><![CDATA[3FD746883F8840E1BED768193D141802]]></AD_TREENODE_ID>
<!--3FD746883F8840E1BED768193D141802-->  <AD_TREE_ID><![CDATA[10]]></AD_TREE_ID>
<!--3FD746883F8840E1BED768193D141802-->  <NODE_ID><![CDATA[D0022AAFF0F44BBCA96AA7D007E65C7D]]></NODE_ID>
<!--3FD746883F8840E1BED768193D141802-->  <AD_CLIENT_ID><![CDATA[0]]></AD_CLIENT_ID>
<!--3FD746883F8840E1BED768193D141802-->  <AD_ORG_ID><![CDATA[0]]></AD_ORG_ID>
<!--3FD746883F8840E1BED768193D141802-->  <ISACTIVE><![CDATA[Y]]></ISACTIVE>
<!--3FD746883F8840E1BED768193D141802-->  <PARENT_ID><![CDATA[800077]]></PARENT_ID>
<!--3FD746883F8840E1BED768193D141802-->  <SEQNO><![CDATA[140]]></SEQNO>
<!--3FD746883F8840E1BED768193D141802--></AD_TREENODE>

<!--5E9BF82654A14831A72FD96432F48791--><AD_TREENODE>
<!--5E9BF82654A14831A72FD96432F48791-->  <AD_TREENODE_ID><![CDATA[5E9BF82654A14831A72FD96432F48791]]></AD_TREENODE_ID>
<!--5E9BF82654A14831A72FD96432F48791-->  <AD_TREE_ID><![CDATA[10]]></AD_TREE_ID>
<!--5E9BF82654A14831A72FD96432F48791-->  <NODE_ID><![CDATA[C3BEE7BF3F5B44C3A24D24E3DC4870EC]]></NODE_ID>
<!--5E9BF82654A14831A72FD96432F48791-->  <AD_CLIENT_ID><![CDATA[0]]></AD_CLIENT_ID>
<!--5E9BF82654A14831A72FD96432F48791-->  <AD_ORG_ID><![CDATA[0]]></AD_ORG_ID>
<!--5E9BF82654A14831A72FD96432F48791-->  <ISACTIVE><![CDATA[Y]]></ISACTIVE>
<!--5E9BF82654A14831A72FD96432F48791-->  <PARENT_ID><![CDATA[800253]]></PARENT_ID>
<!--5E9BF82654A14831A72FD96432F48791-->  <SEQNO><![CDATA[30]]></SEQNO>
<!--5E9BF82654A14831A72FD96432F48791--></AD_TREENODE>

<!--66058A0A822145A086F7AD3B4AAFE99D--><AD_TREENODE>
<!--66058A0A822145A086F7AD3B4AAFE99D-->  <AD_TREENODE_ID><![CDATA[66058A0A822145A086F7AD3B4AAFE99D]]></AD_TREENODE_ID>
<!--66058A0A822145A086F7AD3B4AAFE99D-->  <AD_TREE_ID><![CDATA[10]]></AD_TREE_ID>
<!--66058A0A822145A086F7AD3B4AAFE99D-->  <NODE_ID><![CDATA[7C26B79DD2BF4F4AADCF088653740597]]></NODE_ID>
<!--66058A0A822145A086F7AD3B4AAFE99D-->  <AD_CLIENT_ID><![CDATA[0]]></AD_CLIENT_ID>
<!--66058A0A822145A086F7AD3B4AAFE99D-->  <AD_ORG_ID><![CDATA[0]]></AD_ORG_ID>
<!--66058A0A822145A086F7AD3B4AAFE99D-->  <ISACTIVE><![CDATA[Y]]></ISACTIVE>
<!--66058A0A822145A086F7AD3B4AAFE99D-->  <PARENT_ID><![CDATA[800253]]></PARENT_ID>
<!--66058A0A822145A086F7AD3B4AAFE99D-->  <SEQNO><![CDATA[10]]></SEQNO>
<!--66058A0A822145A086F7AD3B4AAFE99D--></AD_TREENODE>

<!--7C541AC0C76DFDD7E040007F01016B4D--><AD_TREENODE>
<!--7C541AC0C76DFDD7E040007F01016B4D-->  <AD_TREENODE_ID><![CDATA[7C541AC0C76DFDD7E040007F01016B4D]]></AD_TREENODE_ID>
<!--7C541AC0C76DFDD7E040007F01016B4D-->  <AD_TREE_ID><![CDATA[10]]></AD_TREE_ID>
<!--7C541AC0C76DFDD7E040007F01016B4D-->  <NODE_ID><![CDATA[DB84EB9507F34D9B802DDA0B1041B602]]></NODE_ID>
<!--7C541AC0C76DFDD7E040007F01016B4D-->  <AD_CLIENT_ID><![CDATA[0]]></AD_CLIENT_ID>
<!--7C541AC0C76DFDD7E040007F01016B4D-->  <AD_ORG_ID><![CDATA[0]]></AD_ORG_ID>
<!--7C541AC0C76DFDD7E040007F01016B4D-->  <ISACTIVE><![CDATA[Y]]></ISACTIVE>
<!--7C541AC0C76DFDD7E040007F01016B4D-->  <PARENT_ID><![CDATA[800253]]></PARENT_ID>
<!--7C541AC0C76DFDD7E040007F01016B4D-->  <SEQNO><![CDATA[60]]></SEQNO>
<!--7C541AC0C76DFDD7E040007F01016B4D--></AD_TREENODE>

<!--8266E9ACD87C92BFE040007F01004ECB--><AD_TREENODE>
<!--8266E9ACD87C92BFE040007F01004ECB-->  <AD_TREENODE_ID><![CDATA[8266E9ACD87C92BFE040007F01004ECB]]></AD_TREENODE_ID>
<!--8266E9ACD87C92BFE040007F01004ECB-->  <AD_TREE_ID><![CDATA[10]]></AD_TREE_ID>
<!--8266E9ACD87C92BFE040007F01004ECB-->  <NODE_ID><![CDATA[65C70CA5BB3A4F67B6B456C90F907917]]></NODE_ID>
<!--8266E9ACD87C92BFE040007F01004ECB-->  <AD_CLIENT_ID><![CDATA[0]]></AD_CLIENT_ID>
<!--8266E9ACD87C92BFE040007F01004ECB-->  <AD_ORG_ID><![CDATA[0]]></AD_ORG_ID>
<!--8266E9ACD87C92BFE040007F01004ECB-->  <ISACTIVE><![CDATA[Y]]></ISACTIVE>
<!--8266E9ACD87C92BFE040007F01004ECB-->  <PARENT_ID><![CDATA[800253]]></PARENT_ID>
<!--8266E9ACD87C92BFE040007F01004ECB-->  <SEQNO><![CDATA[70]]></SEQNO>
<!--8266E9ACD87C92BFE040007F01004ECB--></AD_TREENODE>

<!--876C8F3CA2294D159A5862A73E3D0D34--><AD_TREENODE>
<!--876C8F3CA2294D159A5862A73E3D0D34-->  <AD_TREENODE_ID><![CDATA[876C8F3CA2294D159A5862A73E3D0D34]]></AD_TREENODE_ID>
<!--876C8F3CA2294D159A5862A73E3D0D34-->  <AD_TREE_ID><![CDATA[10]]></AD_TREE_ID>
<!--876C8F3CA2294D159A5862A73E3D0D34-->  <NODE_ID><![CDATA[AA975B010CF8469DA84922534FB4AE6C]]></NODE_ID>
<!--876C8F3CA2294D159A5862A73E3D0D34-->  <AD_CLIENT_ID><![CDATA[0]]></AD_CLIENT_ID>
<!--876C8F3CA2294D159A5862A73E3D0D34-->  <AD_ORG_ID><![CDATA[0]]></AD_ORG_ID>
<!--876C8F3CA2294D159A5862A73E3D0D34-->  <ISACTIVE><![CDATA[Y]]></ISACTIVE>
<!--876C8F3CA2294D159A5862A73E3D0D34-->  <PARENT_ID><![CDATA[800255]]></PARENT_ID>
<!--876C8F3CA2294D159A5862A73E3D0D34-->  <SEQNO><![CDATA[60]]></SEQNO>
<!--876C8F3CA2294D159A5862A73E3D0D34--></AD_TREENODE>

<!--876F414A10E1D426E040007F010007C3--><AD_TREENODE>
<!--876F414A10E1D426E040007F010007C3-->  <AD_TREENODE_ID><![CDATA[876F414A10E1D426E040007F010007C3]]></AD_TREENODE_ID>
<!--876F414A10E1D426E040007F010007C3-->  <AD_TREE_ID><![CDATA[10]]></AD_TREE_ID>
<!--876F414A10E1D426E040007F010007C3-->  <NODE_ID><![CDATA[DECF65B1A8CA4B7093E7A9DAB8AFBF26]]></NODE_ID>
<!--876F414A10E1D426E040007F010007C3-->  <AD_CLIENT_ID><![CDATA[0]]></AD_CLIENT_ID>
<!--876F414A10E1D426E040007F010007C3-->  <AD_ORG_ID><![CDATA[0]]></AD_ORG_ID>
<!--876F414A10E1D426E040007F010007C3-->  <ISACTIVE><![CDATA[Y]]></ISACTIVE>
<!--876F414A10E1D426E040007F010007C3-->  <PARENT_ID><![CDATA[800255]]></PARENT_ID>
<!--876F414A10E1D426E040007F010007C3-->  <SEQNO><![CDATA[90]]></SEQNO>
<!--876F414A10E1D426E040007F010007C3--></AD_TREENODE>

<!--91616B336B1743C7A948170A27438130--><AD_TREENODE>
<!--91616B336B1743C7A948170A27438130-->  <AD_TREENODE_ID><![CDATA[91616B336B1743C7A948170A27438130]]></AD_TREENODE_ID>
<!--91616B336B1743C7A948170A27438130-->  <AD_TREE_ID><![CDATA[10]]></AD_TREE_ID>
<!--91616B336B1743C7A948170A27438130-->  <NODE_ID><![CDATA[907A7542754F42B0AD2A84FC902A82F8]]></NODE_ID>
<!--91616B336B1743C7A948170A27438130-->  <AD_CLIENT_ID><![CDATA[0]]></AD_CLIENT_ID>
<!--91616B336B1743C7A948170A27438130-->  <AD_ORG_ID><![CDATA[0]]></AD_ORG_ID>
<!--91616B336B1743C7A948170A27438130-->  <ISACTIVE><![CDATA[Y]]></ISACTIVE>
<!--91616B336B1743C7A948170A27438130-->  <PARENT_ID><![CDATA[800253]]></PARENT_ID>
<!--91616B336B1743C7A948170A27438130-->  <SEQNO><![CDATA[80]]></SEQNO>
<!--91616B336B1743C7A948170A27438130--></AD_TREENODE>

<!--B168E54212B7498FA049DF8FAD75C282--><AD_TREENODE>
<!--B168E54212B7498FA049DF8FAD75C282-->  <AD_TREENODE_ID><![CDATA[B168E54212B7498FA049DF8FAD75C282]]></AD_TREENODE_ID>
<!--B168E54212B7498FA049DF8FAD75C282-->  <AD_TREE_ID><![CDATA[10]]></AD_TREE_ID>
<!--B168E54212B7498FA049DF8FAD75C282-->  <NODE_ID><![CDATA[652E78DE779542D59B27179FE6E59C38]]></NODE_ID>
<!--B168E54212B7498FA049DF8FAD75C282-->  <AD_CLIENT_ID><![CDATA[0]]></AD_CLIENT_ID>
<!--B168E54212B7498FA049DF8FAD75C282-->  <AD_ORG_ID><![CDATA[0]]></AD_ORG_ID>
<!--B168E54212B7498FA049DF8FAD75C282-->  <ISACTIVE><![CDATA[Y]]></ISACTIVE>
<!--B168E54212B7498FA049DF8FAD75C282-->  <PARENT_ID><![CDATA[800253]]></PARENT_ID>
<!--B168E54212B7498FA049DF8FAD75C282-->  <SEQNO><![CDATA[50]]></SEQNO>
<!--B168E54212B7498FA049DF8FAD75C282--></AD_TREENODE>

<!--BB42B2A4BF7546818E81A691D29ADA29--><AD_TREENODE>
<!--BB42B2A4BF7546818E81A691D29ADA29-->  <AD_TREENODE_ID><![CDATA[BB42B2A4BF7546818E81A691D29ADA29]]></AD_TREENODE_ID>
<!--BB42B2A4BF7546818E81A691D29ADA29-->  <AD_TREE_ID><![CDATA[10]]></AD_TREE_ID>
<!--BB42B2A4BF7546818E81A691D29ADA29-->  <NODE_ID><![CDATA[5FEA7B2F449D47D8A18769049D07034B]]></NODE_ID>
<!--BB42B2A4BF7546818E81A691D29ADA29-->  <AD_CLIENT_ID><![CDATA[0]]></AD_CLIENT_ID>
<!--BB42B2A4BF7546818E81A691D29ADA29-->  <AD_ORG_ID><![CDATA[0]]></AD_ORG_ID>
<!--BB42B2A4BF7546818E81A691D29ADA29-->  <ISACTIVE><![CDATA[Y]]></ISACTIVE>
<!--BB42B2A4BF7546818E81A691D29ADA29-->  <PARENT_ID><![CDATA[800253]]></PARENT_ID>
<!--BB42B2A4BF7546818E81A691D29ADA29-->  <SEQNO><![CDATA[170]]></SEQNO>
<!--BB42B2A4BF7546818E81A691D29ADA29--></AD_TREENODE>

<!--BD7493B3CDBE4A94AE860FC889FFB3F3--><AD_TREENODE>
<!--BD7493B3CDBE4A94AE860FC889FFB3F3-->  <AD_TREENODE_ID><![CDATA[BD7493B3CDBE4A94AE860FC889FFB3F3]]></AD_TREENODE_ID>
<!--BD7493B3CDBE4A94AE860FC889FFB3F3-->  <AD_TREE_ID><![CDATA[10]]></AD_TREE_ID>
<!--BD7493B3CDBE4A94AE860FC889FFB3F3-->  <NODE_ID><![CDATA[D40E8011F68B4E7DAF28F310455DF7C9]]></NODE_ID>
<!--BD7493B3CDBE4A94AE860FC889FFB3F3-->  <AD_CLIENT_ID><![CDATA[0]]></AD_CLIENT_ID>
<!--BD7493B3CDBE4A94AE860FC889FFB3F3-->  <AD_ORG_ID><![CDATA[0]]></AD_ORG_ID>
<!--BD7493B3CDBE4A94AE860FC889FFB3F3-->  <ISACTIVE><![CDATA[Y]]></ISACTIVE>
<!--BD7493B3CDBE4A94AE860FC889FFB3F3-->  <PARENT_ID><![CDATA[800255]]></PARENT_ID>
<!--BD7493B3CDBE4A94AE860FC889FFB3F3-->  <SEQNO><![CDATA[70]]></SEQNO>
<!--BD7493B3CDBE4A94AE860FC889FFB3F3--></AD_TREENODE>

<!--CB2BE2D77323437585E4D48634E0CF5D--><AD_TREENODE>
<!--CB2BE2D77323437585E4D48634E0CF5D-->  <AD_TREENODE_ID><![CDATA[CB2BE2D77323437585E4D48634E0CF5D]]></AD_TREENODE_ID>
<!--CB2BE2D77323437585E4D48634E0CF5D-->  <AD_TREE_ID><![CDATA[10]]></AD_TREE_ID>
<!--CB2BE2D77323437585E4D48634E0CF5D-->  <NODE_ID><![CDATA[125E6EAD650841F69E2601C78F558AA1]]></NODE_ID>
<!--CB2BE2D77323437585E4D48634E0CF5D-->  <AD_CLIENT_ID><![CDATA[0]]></AD_CLIENT_ID>
<!--CB2BE2D77323437585E4D48634E0CF5D-->  <AD_ORG_ID><![CDATA[0]]></AD_ORG_ID>
<!--CB2BE2D77323437585E4D48634E0CF5D-->  <ISACTIVE><![CDATA[Y]]></ISACTIVE>
<!--CB2BE2D77323437585E4D48634E0CF5D-->  <PARENT_ID><![CDATA[800253]]></PARENT_ID>
<!--CB2BE2D77323437585E4D48634E0CF5D-->  <SEQNO><![CDATA[40]]></SEQNO>
<!--CB2BE2D77323437585E4D48634E0CF5D--></AD_TREENODE>

</data>
