<?xml version='1.0' encoding='UTF-8'?>
<data>
<!--04F6167D108C46B5902A08ADF494A9EA--><OBUIAPP_REF_WINDOW>
<!--04F6167D108C46B5902A08ADF494A9EA-->  <OBUIAPP_REF_WINDOW_ID><![CDATA[04F6167D108C46B5902A08ADF494A9EA]]></OBUIAPP_REF_WINDOW_ID>
<!--04F6167D108C46B5902A08ADF494A9EA-->  <AD_CLIENT_ID><![CDATA[0]]></AD_CLIENT_ID>
<!--04F6167D108C46B5902A08ADF494A9EA-->  <AD_ORG_ID><![CDATA[0]]></AD_ORG_ID>
<!--04F6167D108C46B5902A08ADF494A9EA-->  <ISACTIVE><![CDATA[Y]]></ISACTIVE>
<!--04F6167D108C46B5902A08ADF494A9EA-->  <AD_REFERENCE_ID><![CDATA[FB9C3B9C927A4AE5A554B952D67FAFED]]></AD_REFERENCE_ID>
<!--04F6167D108C46B5902A08ADF494A9EA-->  <AD_WINDOW_ID><![CDATA[C5D0C6D541254921B9848A9A1362EE68]]></AD_WINDOW_ID>
<!--04F6167D108C46B5902A08ADF494A9EA--></OBUIAPP_REF_WINDOW>

<!--0B6086CBCBFC4D0881B619A8E886DC91--><OBUIAPP_REF_WINDOW>
<!--0B6086CBCBFC4D0881B619A8E886DC91-->  <OBUIAPP_REF_WINDOW_ID><![CDATA[0B6086CBCBFC4D0881B619A8E886DC91]]></OBUIAPP_REF_WINDOW_ID>
<!--0B6086CBCBFC4D0881B619A8E886DC91-->  <AD_CLIENT_ID><![CDATA[0]]></AD_CLIENT_ID>
<!--0B6086CBCBFC4D0881B619A8E886DC91-->  <AD_ORG_ID><![CDATA[0]]></AD_ORG_ID>
<!--0B6086CBCBFC4D0881B619A8E886DC91-->  <ISACTIVE><![CDATA[Y]]></ISACTIVE>
<!--0B6086CBCBFC4D0881B619A8E886DC91-->  <AD_REFERENCE_ID><![CDATA[4BD88BC3C76C44F09F01AD56D3604D02]]></AD_REFERENCE_ID>
<!--0B6086CBCBFC4D0881B619A8E886DC91-->  <AD_WINDOW_ID><![CDATA[17BE11F1C49547048F9D29E6C95BB67E]]></AD_WINDOW_ID>
<!--0B6086CBCBFC4D0881B619A8E886DC91--></OBUIAPP_REF_WINDOW>

<!--4EC9B48D988F4058B9A7D1D629FB712B--><OBUIAPP_REF_WINDOW>
<!--4EC9B48D988F4058B9A7D1D629FB712B-->  <OBUIAPP_REF_WINDOW_ID><![CDATA[4EC9B48D988F4058B9A7D1D629FB712B]]></OBUIAPP_REF_WINDOW_ID>
<!--4EC9B48D988F4058B9A7D1D629FB712B-->  <AD_CLIENT_ID><![CDATA[0]]></AD_CLIENT_ID>
<!--4EC9B48D988F4058B9A7D1D629FB712B-->  <AD_ORG_ID><![CDATA[0]]></AD_ORG_ID>
<!--4EC9B48D988F4058B9A7D1D629FB712B-->  <ISACTIVE><![CDATA[Y]]></ISACTIVE>
<!--4EC9B48D988F4058B9A7D1D629FB712B-->  <AD_REFERENCE_ID><![CDATA[2EE1D209314A4BEB8B0416B8486FFC86]]></AD_REFERENCE_ID>
<!--4EC9B48D988F4058B9A7D1D629FB712B-->  <AD_WINDOW_ID><![CDATA[E34AE40786684EBB81E9F8A55BE33DCE]]></AD_WINDOW_ID>
<!--4EC9B48D988F4058B9A7D1D629FB712B--></OBUIAPP_REF_WINDOW>

<!--6F4B972A4EF541EC9CD107A71BE205FA--><OBUIAPP_REF_WINDOW>
<!--6F4B972A4EF541EC9CD107A71BE205FA-->  <OBUIAPP_REF_WINDOW_ID><![CDATA[6F4B972A4EF541EC9CD107A71BE205FA]]></OBUIAPP_REF_WINDOW_ID>
<!--6F4B972A4EF541EC9CD107A71BE205FA-->  <AD_CLIENT_ID><![CDATA[0]]></AD_CLIENT_ID>
<!--6F4B972A4EF541EC9CD107A71BE205FA-->  <AD_ORG_ID><![CDATA[0]]></AD_ORG_ID>
<!--6F4B972A4EF541EC9CD107A71BE205FA-->  <ISACTIVE><![CDATA[Y]]></ISACTIVE>
<!--6F4B972A4EF541EC9CD107A71BE205FA-->  <AD_REFERENCE_ID><![CDATA[B8C833E4F0A44A2DA5FC7606F3CD9439]]></AD_REFERENCE_ID>
<!--6F4B972A4EF541EC9CD107A71BE205FA-->  <AD_WINDOW_ID><![CDATA[EDBED920F400435DA5E7CB625301DCBE]]></AD_WINDOW_ID>
<!--6F4B972A4EF541EC9CD107A71BE205FA--></OBUIAPP_REF_WINDOW>

<!--840A822A94E74A8DAFE53C638E8F293E--><OBUIAPP_REF_WINDOW>
<!--840A822A94E74A8DAFE53C638E8F293E-->  <OBUIAPP_REF_WINDOW_ID><![CDATA[840A822A94E74A8DAFE53C638E8F293E]]></OBUIAPP_REF_WINDOW_ID>
<!--840A822A94E74A8DAFE53C638E8F293E-->  <AD_CLIENT_ID><![CDATA[0]]></AD_CLIENT_ID>
<!--840A822A94E74A8DAFE53C638E8F293E-->  <AD_ORG_ID><![CDATA[0]]></AD_ORG_ID>
<!--840A822A94E74A8DAFE53C638E8F293E-->  <ISACTIVE><![CDATA[Y]]></ISACTIVE>
<!--840A822A94E74A8DAFE53C638E8F293E-->  <AD_REFERENCE_ID><![CDATA[E19E605D034E46E082523E13B1D9E5DA]]></AD_REFERENCE_ID>
<!--840A822A94E74A8DAFE53C638E8F293E-->  <AD_WINDOW_ID><![CDATA[81BAC97FE7754C669254C9CF4FA20292]]></AD_WINDOW_ID>
<!--840A822A94E74A8DAFE53C638E8F293E--></OBUIAPP_REF_WINDOW>

<!--895940715C6C4A5EB601716F29D8AE18--><OBUIAPP_REF_WINDOW>
<!--895940715C6C4A5EB601716F29D8AE18-->  <OBUIAPP_REF_WINDOW_ID><![CDATA[895940715C6C4A5EB601716F29D8AE18]]></OBUIAPP_REF_WINDOW_ID>
<!--895940715C6C4A5EB601716F29D8AE18-->  <AD_CLIENT_ID><![CDATA[0]]></AD_CLIENT_ID>
<!--895940715C6C4A5EB601716F29D8AE18-->  <AD_ORG_ID><![CDATA[0]]></AD_ORG_ID>
<!--895940715C6C4A5EB601716F29D8AE18-->  <ISACTIVE><![CDATA[Y]]></ISACTIVE>
<!--895940715C6C4A5EB601716F29D8AE18-->  <AD_REFERENCE_ID><![CDATA[8D551C48949841EC84D4FA693C4D7AE3]]></AD_REFERENCE_ID>
<!--895940715C6C4A5EB601716F29D8AE18-->  <AD_WINDOW_ID><![CDATA[6358D6DEB2104161B9769D107FEA54DF]]></AD_WINDOW_ID>
<!--895940715C6C4A5EB601716F29D8AE18--></OBUIAPP_REF_WINDOW>

<!--945CB44159124737832D878758AC7D6E--><OBUIAPP_REF_WINDOW>
<!--945CB44159124737832D878758AC7D6E-->  <OBUIAPP_REF_WINDOW_ID><![CDATA[945CB44159124737832D878758AC7D6E]]></OBUIAPP_REF_WINDOW_ID>
<!--945CB44159124737832D878758AC7D6E-->  <AD_CLIENT_ID><![CDATA[0]]></AD_CLIENT_ID>
<!--945CB44159124737832D878758AC7D6E-->  <AD_ORG_ID><![CDATA[0]]></AD_ORG_ID>
<!--945CB44159124737832D878758AC7D6E-->  <ISACTIVE><![CDATA[Y]]></ISACTIVE>
<!--945CB44159124737832D878758AC7D6E-->  <AD_REFERENCE_ID><![CDATA[DA5377445D8D468DB17743F8082B3CFD]]></AD_REFERENCE_ID>
<!--945CB44159124737832D878758AC7D6E-->  <AD_WINDOW_ID><![CDATA[5BF18A01DB3F4DBBBE1B8A4A6134ACD1]]></AD_WINDOW_ID>
<!--945CB44159124737832D878758AC7D6E--></OBUIAPP_REF_WINDOW>

<!--98B655EC65BF4D669F3474F07CF22131--><OBUIAPP_REF_WINDOW>
<!--98B655EC65BF4D669F3474F07CF22131-->  <OBUIAPP_REF_WINDOW_ID><![CDATA[98B655EC65BF4D669F3474F07CF22131]]></OBUIAPP_REF_WINDOW_ID>
<!--98B655EC65BF4D669F3474F07CF22131-->  <AD_CLIENT_ID><![CDATA[0]]></AD_CLIENT_ID>
<!--98B655EC65BF4D669F3474F07CF22131-->  <AD_ORG_ID><![CDATA[0]]></AD_ORG_ID>
<!--98B655EC65BF4D669F3474F07CF22131-->  <ISACTIVE><![CDATA[Y]]></ISACTIVE>
<!--98B655EC65BF4D669F3474F07CF22131-->  <AD_REFERENCE_ID><![CDATA[6932F568D27E47DB861809AD66C15A01]]></AD_REFERENCE_ID>
<!--98B655EC65BF4D669F3474F07CF22131-->  <AD_WINDOW_ID><![CDATA[C57DED2495184380AFBAAA3CA720C3DA]]></AD_WINDOW_ID>
<!--98B655EC65BF4D669F3474F07CF22131--></OBUIAPP_REF_WINDOW>

<!--B1A15F9CDFA34F459B7B9A7011625D29--><OBUIAPP_REF_WINDOW>
<!--B1A15F9CDFA34F459B7B9A7011625D29-->  <OBUIAPP_REF_WINDOW_ID><![CDATA[B1A15F9CDFA34F459B7B9A7011625D29]]></OBUIAPP_REF_WINDOW_ID>
<!--B1A15F9CDFA34F459B7B9A7011625D29-->  <AD_CLIENT_ID><![CDATA[0]]></AD_CLIENT_ID>
<!--B1A15F9CDFA34F459B7B9A7011625D29-->  <AD_ORG_ID><![CDATA[0]]></AD_ORG_ID>
<!--B1A15F9CDFA34F459B7B9A7011625D29-->  <ISACTIVE><![CDATA[Y]]></ISACTIVE>
<!--B1A15F9CDFA34F459B7B9A7011625D29-->  <AD_REFERENCE_ID><![CDATA[D9B6068A6D3E4B7487470E7D2F033A54]]></AD_REFERENCE_ID>
<!--B1A15F9CDFA34F459B7B9A7011625D29-->  <AD_WINDOW_ID><![CDATA[A73B5E3D037A49CC8ACCE8B844FF7D14]]></AD_WINDOW_ID>
<!--B1A15F9CDFA34F459B7B9A7011625D29--></OBUIAPP_REF_WINDOW>

</data>
