<?xml version='1.0' encoding='UTF-8'?>
<data>
<!--020AFFE4543C44DB9423BD0E1069AC16--><OBUISEL_SELECTOR_FIELD>
<!--020AFFE4543C44DB9423BD0E1069AC16-->  <OBUISEL_SELECTOR_FIELD_ID><![CDATA[020AFFE4543C44DB9423BD0E1069AC16]]></OBUISEL_SELECTOR_FIELD_ID>
<!--020AFFE4543C44DB9423BD0E1069AC16-->  <OBUISEL_SELECTOR_ID><![CDATA[C994CAFA0DD14C83B0251EB1C6529575]]></OBUISEL_SELECTOR_ID>
<!--020AFFE4543C44DB9423BD0E1069AC16-->  <AD_CLIENT_ID><![CDATA[0]]></AD_CLIENT_ID>
<!--020AFFE4543C44DB9423BD0E1069AC16-->  <AD_ORG_ID><![CDATA[0]]></AD_ORG_ID>
<!--020AFFE4543C44DB9423BD0E1069AC16-->  <AD_MODULE_ID><![CDATA[A918E3331C404B889D69AA9BFAFB23AC]]></AD_MODULE_ID>
<!--020AFFE4543C44DB9423BD0E1069AC16-->  <AD_COLUMN_ID><![CDATA[4940]]></AD_COLUMN_ID>
<!--020AFFE4543C44DB9423BD0E1069AC16-->  <NAME><![CDATA[Business Partner Category]]></NAME>
<!--020AFFE4543C44DB9423BD0E1069AC16-->  <DESCRIPTION><![CDATA[A classification of business partners based on defined similarities.]]></DESCRIPTION>
<!--020AFFE4543C44DB9423BD0E1069AC16-->  <HELP><![CDATA[A way of grouping business partners together for classification and reporting purposes. Provides a method of defining certain defaults to be used when opening new business partners.]]></HELP>
<!--020AFFE4543C44DB9423BD0E1069AC16-->  <PROPERTY><![CDATA[businessPartnerCategory.name]]></PROPERTY>
<!--020AFFE4543C44DB9423BD0E1069AC16-->  <ISCENTRALLYMAINTAINED><![CDATA[Y]]></ISCENTRALLYMAINTAINED>
<!--020AFFE4543C44DB9423BD0E1069AC16-->  <SORT><![CDATA[Y]]></SORT>
<!--020AFFE4543C44DB9423BD0E1069AC16-->  <FILTER><![CDATA[Y]]></FILTER>
<!--020AFFE4543C44DB9423BD0E1069AC16-->  <SEARCHINSUGGESTIONBOX><![CDATA[Y]]></SEARCHINSUGGESTIONBOX>
<!--020AFFE4543C44DB9423BD0E1069AC16-->  <SHOWINGRID><![CDATA[Y]]></SHOWINGRID>
<!--020AFFE4543C44DB9423BD0E1069AC16-->  <SORTNO><![CDATA[3]]></SORTNO>
<!--020AFFE4543C44DB9423BD0E1069AC16-->  <ISACTIVE><![CDATA[Y]]></ISACTIVE>
<!--020AFFE4543C44DB9423BD0E1069AC16-->  <ISOUTFIELD><![CDATA[N]]></ISOUTFIELD>
<!--020AFFE4543C44DB9423BD0E1069AC16-->  <SHOWINPICKLIST><![CDATA[N]]></SHOWINPICKLIST>
<!--020AFFE4543C44DB9423BD0E1069AC16--></OBUISEL_SELECTOR_FIELD>

<!--14ED4E3D75274AB3A59F3941D64027BE--><OBUISEL_SELECTOR_FIELD>
<!--14ED4E3D75274AB3A59F3941D64027BE-->  <OBUISEL_SELECTOR_FIELD_ID><![CDATA[14ED4E3D75274AB3A59F3941D64027BE]]></OBUISEL_SELECTOR_FIELD_ID>
<!--14ED4E3D75274AB3A59F3941D64027BE-->  <OBUISEL_SELECTOR_ID><![CDATA[6643B422022B41698FEFD6C7FAD7AC4B]]></OBUISEL_SELECTOR_ID>
<!--14ED4E3D75274AB3A59F3941D64027BE-->  <AD_CLIENT_ID><![CDATA[0]]></AD_CLIENT_ID>
<!--14ED4E3D75274AB3A59F3941D64027BE-->  <AD_ORG_ID><![CDATA[0]]></AD_ORG_ID>
<!--14ED4E3D75274AB3A59F3941D64027BE-->  <AD_MODULE_ID><![CDATA[A918E3331C404B889D69AA9BFAFB23AC]]></AD_MODULE_ID>
<!--14ED4E3D75274AB3A59F3941D64027BE-->  <AD_COLUMN_ID><![CDATA[7891269C841A655DE040007F010155CE]]></AD_COLUMN_ID>
<!--14ED4E3D75274AB3A59F3941D64027BE-->  <NAME><![CDATA[G/L Item]]></NAME>
<!--14ED4E3D75274AB3A59F3941D64027BE-->  <DESCRIPTION><![CDATA[An alias for the Account Combination which can be commonly used in daily operations.]]></DESCRIPTION>
<!--14ED4E3D75274AB3A59F3941D64027BE-->  <HELP><![CDATA[General ledger item.]]></HELP>
<!--14ED4E3D75274AB3A59F3941D64027BE-->  <PROPERTY><![CDATA[gLItem]]></PROPERTY>
<!--14ED4E3D75274AB3A59F3941D64027BE-->  <ISCENTRALLYMAINTAINED><![CDATA[Y]]></ISCENTRALLYMAINTAINED>
<!--14ED4E3D75274AB3A59F3941D64027BE-->  <SORT><![CDATA[Y]]></SORT>
<!--14ED4E3D75274AB3A59F3941D64027BE-->  <FILTER><![CDATA[Y]]></FILTER>
<!--14ED4E3D75274AB3A59F3941D64027BE-->  <SEARCHINSUGGESTIONBOX><![CDATA[N]]></SEARCHINSUGGESTIONBOX>
<!--14ED4E3D75274AB3A59F3941D64027BE-->  <SHOWINGRID><![CDATA[Y]]></SHOWINGRID>
<!--14ED4E3D75274AB3A59F3941D64027BE-->  <SORTNO><![CDATA[2]]></SORTNO>
<!--14ED4E3D75274AB3A59F3941D64027BE-->  <ISACTIVE><![CDATA[Y]]></ISACTIVE>
<!--14ED4E3D75274AB3A59F3941D64027BE-->  <ISOUTFIELD><![CDATA[N]]></ISOUTFIELD>
<!--14ED4E3D75274AB3A59F3941D64027BE-->  <SHOWINPICKLIST><![CDATA[N]]></SHOWINPICKLIST>
<!--14ED4E3D75274AB3A59F3941D64027BE--></OBUISEL_SELECTOR_FIELD>

<!--17843AC2A9E247E1A6DAD8041DFDB07A--><OBUISEL_SELECTOR_FIELD>
<!--17843AC2A9E247E1A6DAD8041DFDB07A-->  <OBUISEL_SELECTOR_FIELD_ID><![CDATA[17843AC2A9E247E1A6DAD8041DFDB07A]]></OBUISEL_SELECTOR_FIELD_ID>
<!--17843AC2A9E247E1A6DAD8041DFDB07A-->  <OBUISEL_SELECTOR_ID><![CDATA[A98899B1C75A4F4EBD3414F1B654EFAB]]></OBUISEL_SELECTOR_ID>
<!--17843AC2A9E247E1A6DAD8041DFDB07A-->  <AD_CLIENT_ID><![CDATA[0]]></AD_CLIENT_ID>
<!--17843AC2A9E247E1A6DAD8041DFDB07A-->  <AD_ORG_ID><![CDATA[0]]></AD_ORG_ID>
<!--17843AC2A9E247E1A6DAD8041DFDB07A-->  <AD_MODULE_ID><![CDATA[A918E3331C404B889D69AA9BFAFB23AC]]></AD_MODULE_ID>
<!--17843AC2A9E247E1A6DAD8041DFDB07A-->  <AD_COLUMN_ID><![CDATA[2901]]></AD_COLUMN_ID>
<!--17843AC2A9E247E1A6DAD8041DFDB07A-->  <NAME><![CDATA[Search Key]]></NAME>
<!--17843AC2A9E247E1A6DAD8041DFDB07A-->  <DESCRIPTION><![CDATA[A fast method for finding a particular record.]]></DESCRIPTION>
<!--17843AC2A9E247E1A6DAD8041DFDB07A-->  <HELP><![CDATA[A search key allows for a fast method of finding a particular record. If you leave the search key empty, the system automatically creates a numeric number originating from a document sequence defined in the  "Document Sequence" window. The sequence naming convention follows a rule "DocumentNo_TableName", where TableName is the actual name of the database table (e.g. C_Order).

Usually, company's internal identifiers for various records (products, customers, etc) are stored here.]]></HELP>
<!--17843AC2A9E247E1A6DAD8041DFDB07A-->  <PROPERTY><![CDATA[searchKey]]></PROPERTY>
<!--17843AC2A9E247E1A6DAD8041DFDB07A-->  <ISCENTRALLYMAINTAINED><![CDATA[Y]]></ISCENTRALLYMAINTAINED>
<!--17843AC2A9E247E1A6DAD8041DFDB07A-->  <SORT><![CDATA[Y]]></SORT>
<!--17843AC2A9E247E1A6DAD8041DFDB07A-->  <FILTER><![CDATA[Y]]></FILTER>
<!--17843AC2A9E247E1A6DAD8041DFDB07A-->  <SEARCHINSUGGESTIONBOX><![CDATA[Y]]></SEARCHINSUGGESTIONBOX>
<!--17843AC2A9E247E1A6DAD8041DFDB07A-->  <SHOWINGRID><![CDATA[Y]]></SHOWINGRID>
<!--17843AC2A9E247E1A6DAD8041DFDB07A-->  <SORTNO><![CDATA[2]]></SORTNO>
<!--17843AC2A9E247E1A6DAD8041DFDB07A-->  <ISACTIVE><![CDATA[Y]]></ISACTIVE>
<!--17843AC2A9E247E1A6DAD8041DFDB07A-->  <ISOUTFIELD><![CDATA[N]]></ISOUTFIELD>
<!--17843AC2A9E247E1A6DAD8041DFDB07A-->  <SHOWINPICKLIST><![CDATA[N]]></SHOWINPICKLIST>
<!--17843AC2A9E247E1A6DAD8041DFDB07A--></OBUISEL_SELECTOR_FIELD>

<!--198C982111AA4CF5ABF5E651ECD611FA--><OBUISEL_SELECTOR_FIELD>
<!--198C982111AA4CF5ABF5E651ECD611FA-->  <OBUISEL_SELECTOR_FIELD_ID><![CDATA[198C982111AA4CF5ABF5E651ECD611FA]]></OBUISEL_SELECTOR_FIELD_ID>
<!--198C982111AA4CF5ABF5E651ECD611FA-->  <OBUISEL_SELECTOR_ID><![CDATA[B15DC1DA631A402C9B05AC11A2EA724C]]></OBUISEL_SELECTOR_ID>
<!--198C982111AA4CF5ABF5E651ECD611FA-->  <AD_CLIENT_ID><![CDATA[0]]></AD_CLIENT_ID>
<!--198C982111AA4CF5ABF5E651ECD611FA-->  <AD_ORG_ID><![CDATA[0]]></AD_ORG_ID>
<!--198C982111AA4CF5ABF5E651ECD611FA-->  <AD_MODULE_ID><![CDATA[A918E3331C404B889D69AA9BFAFB23AC]]></AD_MODULE_ID>
<!--198C982111AA4CF5ABF5E651ECD611FA-->  <AD_COLUMN_ID><![CDATA[522]]></AD_COLUMN_ID>
<!--198C982111AA4CF5ABF5E651ECD611FA-->  <NAME><![CDATA[Name]]></NAME>
<!--198C982111AA4CF5ABF5E651ECD611FA-->  <DESCRIPTION><![CDATA[A non-unique identifier for a record/document often used as a search tool.]]></DESCRIPTION>
<!--198C982111AA4CF5ABF5E651ECD611FA-->  <HELP><![CDATA[A more descriptive identifier (that does need to be unique) of a record/document that is used as a default search option along with the search key (that is unique and mostly shorter). It is up to 60 characters in length.]]></HELP>
<!--198C982111AA4CF5ABF5E651ECD611FA-->  <PROPERTY><![CDATA[name]]></PROPERTY>
<!--198C982111AA4CF5ABF5E651ECD611FA-->  <ISCENTRALLYMAINTAINED><![CDATA[Y]]></ISCENTRALLYMAINTAINED>
<!--198C982111AA4CF5ABF5E651ECD611FA-->  <SORT><![CDATA[Y]]></SORT>
<!--198C982111AA4CF5ABF5E651ECD611FA-->  <FILTER><![CDATA[Y]]></FILTER>
<!--198C982111AA4CF5ABF5E651ECD611FA-->  <SEARCHINSUGGESTIONBOX><![CDATA[Y]]></SEARCHINSUGGESTIONBOX>
<!--198C982111AA4CF5ABF5E651ECD611FA-->  <SHOWINGRID><![CDATA[Y]]></SHOWINGRID>
<!--198C982111AA4CF5ABF5E651ECD611FA-->  <SORTNO><![CDATA[1]]></SORTNO>
<!--198C982111AA4CF5ABF5E651ECD611FA-->  <ISACTIVE><![CDATA[Y]]></ISACTIVE>
<!--198C982111AA4CF5ABF5E651ECD611FA-->  <ISOUTFIELD><![CDATA[N]]></ISOUTFIELD>
<!--198C982111AA4CF5ABF5E651ECD611FA-->  <SHOWINPICKLIST><![CDATA[N]]></SHOWINPICKLIST>
<!--198C982111AA4CF5ABF5E651ECD611FA--></OBUISEL_SELECTOR_FIELD>

<!--2A101112F156440CAE9F3E8FC800923A--><OBUISEL_SELECTOR_FIELD>
<!--2A101112F156440CAE9F3E8FC800923A-->  <OBUISEL_SELECTOR_FIELD_ID><![CDATA[2A101112F156440CAE9F3E8FC800923A]]></OBUISEL_SELECTOR_FIELD_ID>
<!--2A101112F156440CAE9F3E8FC800923A-->  <OBUISEL_SELECTOR_ID><![CDATA[EE54530EA4884AD5A10365E480015325]]></OBUISEL_SELECTOR_ID>
<!--2A101112F156440CAE9F3E8FC800923A-->  <AD_CLIENT_ID><![CDATA[0]]></AD_CLIENT_ID>
<!--2A101112F156440CAE9F3E8FC800923A-->  <AD_ORG_ID><![CDATA[0]]></AD_ORG_ID>
<!--2A101112F156440CAE9F3E8FC800923A-->  <AD_MODULE_ID><![CDATA[A918E3331C404B889D69AA9BFAFB23AC]]></AD_MODULE_ID>
<!--2A101112F156440CAE9F3E8FC800923A-->  <NAME><![CDATA[Business Partner]]></NAME>
<!--2A101112F156440CAE9F3E8FC800923A-->  <DESCRIPTION><![CDATA[Anyone who takes part in daily business operations by acting as a customer, employee, etc.]]></DESCRIPTION>
<!--2A101112F156440CAE9F3E8FC800923A-->  <HELP><![CDATA[A Business Partner is anyone with whom you transact.  This can include a customer, vendor, employee or any combination of these.]]></HELP>
<!--2A101112F156440CAE9F3E8FC800923A-->  <PROPERTY><![CDATA[businessPartner]]></PROPERTY>
<!--2A101112F156440CAE9F3E8FC800923A-->  <ISCENTRALLYMAINTAINED><![CDATA[Y]]></ISCENTRALLYMAINTAINED>
<!--2A101112F156440CAE9F3E8FC800923A-->  <SORT><![CDATA[Y]]></SORT>
<!--2A101112F156440CAE9F3E8FC800923A-->  <FILTER><![CDATA[Y]]></FILTER>
<!--2A101112F156440CAE9F3E8FC800923A-->  <SEARCHINSUGGESTIONBOX><![CDATA[N]]></SEARCHINSUGGESTIONBOX>
<!--2A101112F156440CAE9F3E8FC800923A-->  <SHOWINGRID><![CDATA[Y]]></SHOWINGRID>
<!--2A101112F156440CAE9F3E8FC800923A-->  <SORTNO><![CDATA[4]]></SORTNO>
<!--2A101112F156440CAE9F3E8FC800923A-->  <ISACTIVE><![CDATA[Y]]></ISACTIVE>
<!--2A101112F156440CAE9F3E8FC800923A-->  <ISOUTFIELD><![CDATA[N]]></ISOUTFIELD>
<!--2A101112F156440CAE9F3E8FC800923A-->  <SHOWINPICKLIST><![CDATA[N]]></SHOWINPICKLIST>
<!--2A101112F156440CAE9F3E8FC800923A--></OBUISEL_SELECTOR_FIELD>

<!--2CA29914417B439AAFC73BC839EAF75B--><OBUISEL_SELECTOR_FIELD>
<!--2CA29914417B439AAFC73BC839EAF75B-->  <OBUISEL_SELECTOR_FIELD_ID><![CDATA[2CA29914417B439AAFC73BC839EAF75B]]></OBUISEL_SELECTOR_FIELD_ID>
<!--2CA29914417B439AAFC73BC839EAF75B-->  <OBUISEL_SELECTOR_ID><![CDATA[EE54530EA4884AD5A10365E480015325]]></OBUISEL_SELECTOR_ID>
<!--2CA29914417B439AAFC73BC839EAF75B-->  <AD_CLIENT_ID><![CDATA[0]]></AD_CLIENT_ID>
<!--2CA29914417B439AAFC73BC839EAF75B-->  <AD_ORG_ID><![CDATA[0]]></AD_ORG_ID>
<!--2CA29914417B439AAFC73BC839EAF75B-->  <AD_MODULE_ID><![CDATA[A918E3331C404B889D69AA9BFAFB23AC]]></AD_MODULE_ID>
<!--2CA29914417B439AAFC73BC839EAF75B-->  <AD_COLUMN_ID><![CDATA[7891269C83E2655DE040007F010155CE]]></AD_COLUMN_ID>
<!--2CA29914417B439AAFC73BC839EAF75B-->  <NAME><![CDATA[Status]]></NAME>
<!--2CA29914417B439AAFC73BC839EAF75B-->  <DESCRIPTION><![CDATA[A defined state or position of a payment.]]></DESCRIPTION>
<!--2CA29914417B439AAFC73BC839EAF75B-->  <HELP><![CDATA[Current status of a debt/payment.]]></HELP>
<!--2CA29914417B439AAFC73BC839EAF75B-->  <PROPERTY><![CDATA[status]]></PROPERTY>
<!--2CA29914417B439AAFC73BC839EAF75B-->  <ISCENTRALLYMAINTAINED><![CDATA[Y]]></ISCENTRALLYMAINTAINED>
<!--2CA29914417B439AAFC73BC839EAF75B-->  <SORT><![CDATA[Y]]></SORT>
<!--2CA29914417B439AAFC73BC839EAF75B-->  <FILTER><![CDATA[Y]]></FILTER>
<!--2CA29914417B439AAFC73BC839EAF75B-->  <SEARCHINSUGGESTIONBOX><![CDATA[N]]></SEARCHINSUGGESTIONBOX>
<!--2CA29914417B439AAFC73BC839EAF75B-->  <SHOWINGRID><![CDATA[Y]]></SHOWINGRID>
<!--2CA29914417B439AAFC73BC839EAF75B-->  <SORTNO><![CDATA[0]]></SORTNO>
<!--2CA29914417B439AAFC73BC839EAF75B-->  <ISACTIVE><![CDATA[Y]]></ISACTIVE>
<!--2CA29914417B439AAFC73BC839EAF75B-->  <ISOUTFIELD><![CDATA[N]]></ISOUTFIELD>
<!--2CA29914417B439AAFC73BC839EAF75B-->  <SHOWINPICKLIST><![CDATA[N]]></SHOWINPICKLIST>
<!--2CA29914417B439AAFC73BC839EAF75B--></OBUISEL_SELECTOR_FIELD>

<!--30E21D0E5409434CAFC36F0A573827E7--><OBUISEL_SELECTOR_FIELD>
<!--30E21D0E5409434CAFC36F0A573827E7-->  <OBUISEL_SELECTOR_FIELD_ID><![CDATA[30E21D0E5409434CAFC36F0A573827E7]]></OBUISEL_SELECTOR_FIELD_ID>
<!--30E21D0E5409434CAFC36F0A573827E7-->  <OBUISEL_SELECTOR_ID><![CDATA[EE54530EA4884AD5A10365E480015325]]></OBUISEL_SELECTOR_ID>
<!--30E21D0E5409434CAFC36F0A573827E7-->  <AD_CLIENT_ID><![CDATA[0]]></AD_CLIENT_ID>
<!--30E21D0E5409434CAFC36F0A573827E7-->  <AD_ORG_ID><![CDATA[0]]></AD_ORG_ID>
<!--30E21D0E5409434CAFC36F0A573827E7-->  <AD_MODULE_ID><![CDATA[A918E3331C404B889D69AA9BFAFB23AC]]></AD_MODULE_ID>
<!--30E21D0E5409434CAFC36F0A573827E7-->  <AD_COLUMN_ID><![CDATA[03276FB53CC54CC1829E0AA6EC0F2EE6]]></AD_COLUMN_ID>
<!--30E21D0E5409434CAFC36F0A573827E7-->  <NAME><![CDATA[Financial Account]]></NAME>
<!--30E21D0E5409434CAFC36F0A573827E7-->  <DESCRIPTION><![CDATA[Financial account used to deposit / withdrawal money such as bank accounts or petty cash]]></DESCRIPTION>
<!--30E21D0E5409434CAFC36F0A573827E7-->  <HELP><![CDATA[Financial account used to deposit / withdrawal money such as bank accounts or petty cash]]></HELP>
<!--30E21D0E5409434CAFC36F0A573827E7-->  <PROPERTY><![CDATA[account]]></PROPERTY>
<!--30E21D0E5409434CAFC36F0A573827E7-->  <ISCENTRALLYMAINTAINED><![CDATA[Y]]></ISCENTRALLYMAINTAINED>
<!--30E21D0E5409434CAFC36F0A573827E7-->  <SORT><![CDATA[Y]]></SORT>
<!--30E21D0E5409434CAFC36F0A573827E7-->  <FILTER><![CDATA[Y]]></FILTER>
<!--30E21D0E5409434CAFC36F0A573827E7-->  <SEARCHINSUGGESTIONBOX><![CDATA[N]]></SEARCHINSUGGESTIONBOX>
<!--30E21D0E5409434CAFC36F0A573827E7-->  <SHOWINGRID><![CDATA[Y]]></SHOWINGRID>
<!--30E21D0E5409434CAFC36F0A573827E7-->  <SORTNO><![CDATA[1]]></SORTNO>
<!--30E21D0E5409434CAFC36F0A573827E7-->  <ISACTIVE><![CDATA[Y]]></ISACTIVE>
<!--30E21D0E5409434CAFC36F0A573827E7-->  <ISOUTFIELD><![CDATA[N]]></ISOUTFIELD>
<!--30E21D0E5409434CAFC36F0A573827E7-->  <DEFAULT_EXPRESSION><![CDATA[OB.getFilterExpression('org.openbravo.advpaymentmngt.filterexpression.PaymentSelectorFilterExpression');]]></DEFAULT_EXPRESSION>
<!--30E21D0E5409434CAFC36F0A573827E7-->  <SHOWINPICKLIST><![CDATA[N]]></SHOWINPICKLIST>
<!--30E21D0E5409434CAFC36F0A573827E7--></OBUISEL_SELECTOR_FIELD>

<!--334D0D40EF224D5CA5B9AA56124FEE25--><OBUISEL_SELECTOR_FIELD>
<!--334D0D40EF224D5CA5B9AA56124FEE25-->  <OBUISEL_SELECTOR_FIELD_ID><![CDATA[334D0D40EF224D5CA5B9AA56124FEE25]]></OBUISEL_SELECTOR_FIELD_ID>
<!--334D0D40EF224D5CA5B9AA56124FEE25-->  <OBUISEL_SELECTOR_ID><![CDATA[A98899B1C75A4F4EBD3414F1B654EFAB]]></OBUISEL_SELECTOR_ID>
<!--334D0D40EF224D5CA5B9AA56124FEE25-->  <AD_CLIENT_ID><![CDATA[0]]></AD_CLIENT_ID>
<!--334D0D40EF224D5CA5B9AA56124FEE25-->  <AD_ORG_ID><![CDATA[0]]></AD_ORG_ID>
<!--334D0D40EF224D5CA5B9AA56124FEE25-->  <AD_MODULE_ID><![CDATA[A918E3331C404B889D69AA9BFAFB23AC]]></AD_MODULE_ID>
<!--334D0D40EF224D5CA5B9AA56124FEE25-->  <AD_COLUMN_ID><![CDATA[4940]]></AD_COLUMN_ID>
<!--334D0D40EF224D5CA5B9AA56124FEE25-->  <NAME><![CDATA[Business Partner Category]]></NAME>
<!--334D0D40EF224D5CA5B9AA56124FEE25-->  <DESCRIPTION><![CDATA[A classification of business partners based on defined similarities.]]></DESCRIPTION>
<!--334D0D40EF224D5CA5B9AA56124FEE25-->  <HELP><![CDATA[A way of grouping business partners together for classification and reporting purposes. Provides a method of defining certain defaults to be used when opening new business partners.]]></HELP>
<!--334D0D40EF224D5CA5B9AA56124FEE25-->  <PROPERTY><![CDATA[businessPartnerCategory.name]]></PROPERTY>
<!--334D0D40EF224D5CA5B9AA56124FEE25-->  <ISCENTRALLYMAINTAINED><![CDATA[Y]]></ISCENTRALLYMAINTAINED>
<!--334D0D40EF224D5CA5B9AA56124FEE25-->  <SORT><![CDATA[Y]]></SORT>
<!--334D0D40EF224D5CA5B9AA56124FEE25-->  <FILTER><![CDATA[Y]]></FILTER>
<!--334D0D40EF224D5CA5B9AA56124FEE25-->  <SEARCHINSUGGESTIONBOX><![CDATA[Y]]></SEARCHINSUGGESTIONBOX>
<!--334D0D40EF224D5CA5B9AA56124FEE25-->  <SHOWINGRID><![CDATA[Y]]></SHOWINGRID>
<!--334D0D40EF224D5CA5B9AA56124FEE25-->  <SORTNO><![CDATA[3]]></SORTNO>
<!--334D0D40EF224D5CA5B9AA56124FEE25-->  <ISACTIVE><![CDATA[Y]]></ISACTIVE>
<!--334D0D40EF224D5CA5B9AA56124FEE25-->  <ISOUTFIELD><![CDATA[N]]></ISOUTFIELD>
<!--334D0D40EF224D5CA5B9AA56124FEE25-->  <SHOWINPICKLIST><![CDATA[N]]></SHOWINPICKLIST>
<!--334D0D40EF224D5CA5B9AA56124FEE25--></OBUISEL_SELECTOR_FIELD>

<!--34940C0A024A4C438BF57B4A12E656E5--><OBUISEL_SELECTOR_FIELD>
<!--34940C0A024A4C438BF57B4A12E656E5-->  <OBUISEL_SELECTOR_FIELD_ID><![CDATA[34940C0A024A4C438BF57B4A12E656E5]]></OBUISEL_SELECTOR_FIELD_ID>
<!--34940C0A024A4C438BF57B4A12E656E5-->  <OBUISEL_SELECTOR_ID><![CDATA[6643B422022B41698FEFD6C7FAD7AC4B]]></OBUISEL_SELECTOR_ID>
<!--34940C0A024A4C438BF57B4A12E656E5-->  <AD_CLIENT_ID><![CDATA[0]]></AD_CLIENT_ID>
<!--34940C0A024A4C438BF57B4A12E656E5-->  <AD_ORG_ID><![CDATA[0]]></AD_ORG_ID>
<!--34940C0A024A4C438BF57B4A12E656E5-->  <AD_MODULE_ID><![CDATA[A918E3331C404B889D69AA9BFAFB23AC]]></AD_MODULE_ID>
<!--34940C0A024A4C438BF57B4A12E656E5-->  <AD_COLUMN_ID><![CDATA[7891269C83D9655DE040007F010155CE]]></AD_COLUMN_ID>
<!--34940C0A024A4C438BF57B4A12E656E5-->  <NAME><![CDATA[Business Partner]]></NAME>
<!--34940C0A024A4C438BF57B4A12E656E5-->  <DESCRIPTION><![CDATA[Anyone who takes part in daily business operations by acting as a customer, employee, etc.]]></DESCRIPTION>
<!--34940C0A024A4C438BF57B4A12E656E5-->  <HELP><![CDATA[A Business Partner is anyone with whom you transact.  This can include a customer, vendor, employee or any combination of these.]]></HELP>
<!--34940C0A024A4C438BF57B4A12E656E5-->  <PROPERTY><![CDATA[finPayment.businessPartner._identifier]]></PROPERTY>
<!--34940C0A024A4C438BF57B4A12E656E5-->  <ISCENTRALLYMAINTAINED><![CDATA[Y]]></ISCENTRALLYMAINTAINED>
<!--34940C0A024A4C438BF57B4A12E656E5-->  <SORT><![CDATA[Y]]></SORT>
<!--34940C0A024A4C438BF57B4A12E656E5-->  <FILTER><![CDATA[Y]]></FILTER>
<!--34940C0A024A4C438BF57B4A12E656E5-->  <SEARCHINSUGGESTIONBOX><![CDATA[N]]></SEARCHINSUGGESTIONBOX>
<!--34940C0A024A4C438BF57B4A12E656E5-->  <SHOWINGRID><![CDATA[Y]]></SHOWINGRID>
<!--34940C0A024A4C438BF57B4A12E656E5-->  <SORTNO><![CDATA[1]]></SORTNO>
<!--34940C0A024A4C438BF57B4A12E656E5-->  <ISACTIVE><![CDATA[Y]]></ISACTIVE>
<!--34940C0A024A4C438BF57B4A12E656E5-->  <ISOUTFIELD><![CDATA[Y]]></ISOUTFIELD>
<!--34940C0A024A4C438BF57B4A12E656E5-->  <SHOWINPICKLIST><![CDATA[N]]></SHOWINPICKLIST>
<!--34940C0A024A4C438BF57B4A12E656E5--></OBUISEL_SELECTOR_FIELD>

<!--4EAE4C4E9A464871A71B5F7F8DC1C5A0--><OBUISEL_SELECTOR_FIELD>
<!--4EAE4C4E9A464871A71B5F7F8DC1C5A0-->  <OBUISEL_SELECTOR_FIELD_ID><![CDATA[4EAE4C4E9A464871A71B5F7F8DC1C5A0]]></OBUISEL_SELECTOR_FIELD_ID>
<!--4EAE4C4E9A464871A71B5F7F8DC1C5A0-->  <OBUISEL_SELECTOR_ID><![CDATA[6643B422022B41698FEFD6C7FAD7AC4B]]></OBUISEL_SELECTOR_ID>
<!--4EAE4C4E9A464871A71B5F7F8DC1C5A0-->  <AD_CLIENT_ID><![CDATA[0]]></AD_CLIENT_ID>
<!--4EAE4C4E9A464871A71B5F7F8DC1C5A0-->  <AD_ORG_ID><![CDATA[0]]></AD_ORG_ID>
<!--4EAE4C4E9A464871A71B5F7F8DC1C5A0-->  <AD_MODULE_ID><![CDATA[A918E3331C404B889D69AA9BFAFB23AC]]></AD_MODULE_ID>
<!--4EAE4C4E9A464871A71B5F7F8DC1C5A0-->  <AD_COLUMN_ID><![CDATA[7891269C841D655DE040007F010155CE]]></AD_COLUMN_ID>
<!--4EAE4C4E9A464871A71B5F7F8DC1C5A0-->  <NAME><![CDATA[Deposit Amount]]></NAME>
<!--4EAE4C4E9A464871A71B5F7F8DC1C5A0-->  <PROPERTY><![CDATA[depositAmount]]></PROPERTY>
<!--4EAE4C4E9A464871A71B5F7F8DC1C5A0-->  <ISCENTRALLYMAINTAINED><![CDATA[Y]]></ISCENTRALLYMAINTAINED>
<!--4EAE4C4E9A464871A71B5F7F8DC1C5A0-->  <SORT><![CDATA[Y]]></SORT>
<!--4EAE4C4E9A464871A71B5F7F8DC1C5A0-->  <FILTER><![CDATA[Y]]></FILTER>
<!--4EAE4C4E9A464871A71B5F7F8DC1C5A0-->  <SEARCHINSUGGESTIONBOX><![CDATA[N]]></SEARCHINSUGGESTIONBOX>
<!--4EAE4C4E9A464871A71B5F7F8DC1C5A0-->  <SHOWINGRID><![CDATA[Y]]></SHOWINGRID>
<!--4EAE4C4E9A464871A71B5F7F8DC1C5A0-->  <SORTNO><![CDATA[5]]></SORTNO>
<!--4EAE4C4E9A464871A71B5F7F8DC1C5A0-->  <ISACTIVE><![CDATA[Y]]></ISACTIVE>
<!--4EAE4C4E9A464871A71B5F7F8DC1C5A0-->  <ISOUTFIELD><![CDATA[Y]]></ISOUTFIELD>
<!--4EAE4C4E9A464871A71B5F7F8DC1C5A0-->  <SHOWINPICKLIST><![CDATA[N]]></SHOWINPICKLIST>
<!--4EAE4C4E9A464871A71B5F7F8DC1C5A0--></OBUISEL_SELECTOR_FIELD>

<!--583F20A11FD34C65BEC1F15D5DBF70BA--><OBUISEL_SELECTOR_FIELD>
<!--583F20A11FD34C65BEC1F15D5DBF70BA-->  <OBUISEL_SELECTOR_FIELD_ID><![CDATA[583F20A11FD34C65BEC1F15D5DBF70BA]]></OBUISEL_SELECTOR_FIELD_ID>
<!--583F20A11FD34C65BEC1F15D5DBF70BA-->  <OBUISEL_SELECTOR_ID><![CDATA[A98899B1C75A4F4EBD3414F1B654EFAB]]></OBUISEL_SELECTOR_ID>
<!--583F20A11FD34C65BEC1F15D5DBF70BA-->  <AD_CLIENT_ID><![CDATA[0]]></AD_CLIENT_ID>
<!--583F20A11FD34C65BEC1F15D5DBF70BA-->  <AD_ORG_ID><![CDATA[0]]></AD_ORG_ID>
<!--583F20A11FD34C65BEC1F15D5DBF70BA-->  <AD_MODULE_ID><![CDATA[A918E3331C404B889D69AA9BFAFB23AC]]></AD_MODULE_ID>
<!--583F20A11FD34C65BEC1F15D5DBF70BA-->  <AD_COLUMN_ID><![CDATA[2915]]></AD_COLUMN_ID>
<!--583F20A11FD34C65BEC1F15D5DBF70BA-->  <NAME><![CDATA[Vendor]]></NAME>
<!--583F20A11FD34C65BEC1F15D5DBF70BA-->  <DESCRIPTION><![CDATA[A business partner who sells products or services.]]></DESCRIPTION>
<!--583F20A11FD34C65BEC1F15D5DBF70BA-->  <HELP><![CDATA[The Vendor checkbox indicates if this Business Partner is a Vendor.  If it is selected, additional fields will display which further identify this vendor.]]></HELP>
<!--583F20A11FD34C65BEC1F15D5DBF70BA-->  <PROPERTY><![CDATA[vendor]]></PROPERTY>
<!--583F20A11FD34C65BEC1F15D5DBF70BA-->  <ISCENTRALLYMAINTAINED><![CDATA[Y]]></ISCENTRALLYMAINTAINED>
<!--583F20A11FD34C65BEC1F15D5DBF70BA-->  <SORT><![CDATA[Y]]></SORT>
<!--583F20A11FD34C65BEC1F15D5DBF70BA-->  <FILTER><![CDATA[Y]]></FILTER>
<!--583F20A11FD34C65BEC1F15D5DBF70BA-->  <SEARCHINSUGGESTIONBOX><![CDATA[N]]></SEARCHINSUGGESTIONBOX>
<!--583F20A11FD34C65BEC1F15D5DBF70BA-->  <SHOWINGRID><![CDATA[Y]]></SHOWINGRID>
<!--583F20A11FD34C65BEC1F15D5DBF70BA-->  <SORTNO><![CDATA[5]]></SORTNO>
<!--583F20A11FD34C65BEC1F15D5DBF70BA-->  <ISACTIVE><![CDATA[Y]]></ISACTIVE>
<!--583F20A11FD34C65BEC1F15D5DBF70BA-->  <ISOUTFIELD><![CDATA[N]]></ISOUTFIELD>
<!--583F20A11FD34C65BEC1F15D5DBF70BA-->  <DEFAULT_EXPRESSION><![CDATA[OB.getFilterExpression('org.openbravo.advpaymentmngt.filterexpression.BusinessPartnerVendorFilterExpression')]]></DEFAULT_EXPRESSION>
<!--583F20A11FD34C65BEC1F15D5DBF70BA-->  <SHOWINPICKLIST><![CDATA[N]]></SHOWINPICKLIST>
<!--583F20A11FD34C65BEC1F15D5DBF70BA--></OBUISEL_SELECTOR_FIELD>

<!--5C35042E8E9D426485AC3CE5C7200A7D--><OBUISEL_SELECTOR_FIELD>
<!--5C35042E8E9D426485AC3CE5C7200A7D-->  <OBUISEL_SELECTOR_FIELD_ID><![CDATA[5C35042E8E9D426485AC3CE5C7200A7D]]></OBUISEL_SELECTOR_FIELD_ID>
<!--5C35042E8E9D426485AC3CE5C7200A7D-->  <OBUISEL_SELECTOR_ID><![CDATA[6643B422022B41698FEFD6C7FAD7AC4B]]></OBUISEL_SELECTOR_ID>
<!--5C35042E8E9D426485AC3CE5C7200A7D-->  <AD_CLIENT_ID><![CDATA[0]]></AD_CLIENT_ID>
<!--5C35042E8E9D426485AC3CE5C7200A7D-->  <AD_ORG_ID><![CDATA[0]]></AD_ORG_ID>
<!--5C35042E8E9D426485AC3CE5C7200A7D-->  <AD_MODULE_ID><![CDATA[A918E3331C404B889D69AA9BFAFB23AC]]></AD_MODULE_ID>
<!--5C35042E8E9D426485AC3CE5C7200A7D-->  <AD_COLUMN_ID><![CDATA[7891269C841C655DE040007F010155CE]]></AD_COLUMN_ID>
<!--5C35042E8E9D426485AC3CE5C7200A7D-->  <NAME><![CDATA[Withdrawal Amount]]></NAME>
<!--5C35042E8E9D426485AC3CE5C7200A7D-->  <HELP><![CDATA[Withdrawal amount]]></HELP>
<!--5C35042E8E9D426485AC3CE5C7200A7D-->  <PROPERTY><![CDATA[paymentAmount]]></PROPERTY>
<!--5C35042E8E9D426485AC3CE5C7200A7D-->  <ISCENTRALLYMAINTAINED><![CDATA[Y]]></ISCENTRALLYMAINTAINED>
<!--5C35042E8E9D426485AC3CE5C7200A7D-->  <SORT><![CDATA[Y]]></SORT>
<!--5C35042E8E9D426485AC3CE5C7200A7D-->  <FILTER><![CDATA[Y]]></FILTER>
<!--5C35042E8E9D426485AC3CE5C7200A7D-->  <SEARCHINSUGGESTIONBOX><![CDATA[N]]></SEARCHINSUGGESTIONBOX>
<!--5C35042E8E9D426485AC3CE5C7200A7D-->  <SHOWINGRID><![CDATA[Y]]></SHOWINGRID>
<!--5C35042E8E9D426485AC3CE5C7200A7D-->  <SORTNO><![CDATA[6]]></SORTNO>
<!--5C35042E8E9D426485AC3CE5C7200A7D-->  <ISACTIVE><![CDATA[Y]]></ISACTIVE>
<!--5C35042E8E9D426485AC3CE5C7200A7D-->  <ISOUTFIELD><![CDATA[Y]]></ISOUTFIELD>
<!--5C35042E8E9D426485AC3CE5C7200A7D-->  <SHOWINPICKLIST><![CDATA[N]]></SHOWINPICKLIST>
<!--5C35042E8E9D426485AC3CE5C7200A7D--></OBUISEL_SELECTOR_FIELD>

<!--616F97738AFD4595B74A6A60C8D4B5C4--><OBUISEL_SELECTOR_FIELD>
<!--616F97738AFD4595B74A6A60C8D4B5C4-->  <OBUISEL_SELECTOR_FIELD_ID><![CDATA[616F97738AFD4595B74A6A60C8D4B5C4]]></OBUISEL_SELECTOR_FIELD_ID>
<!--616F97738AFD4595B74A6A60C8D4B5C4-->  <OBUISEL_SELECTOR_ID><![CDATA[A98899B1C75A4F4EBD3414F1B654EFAB]]></OBUISEL_SELECTOR_ID>
<!--616F97738AFD4595B74A6A60C8D4B5C4-->  <AD_CLIENT_ID><![CDATA[0]]></AD_CLIENT_ID>
<!--616F97738AFD4595B74A6A60C8D4B5C4-->  <AD_ORG_ID><![CDATA[0]]></AD_ORG_ID>
<!--616F97738AFD4595B74A6A60C8D4B5C4-->  <AD_MODULE_ID><![CDATA[A918E3331C404B889D69AA9BFAFB23AC]]></AD_MODULE_ID>
<!--616F97738AFD4595B74A6A60C8D4B5C4-->  <AD_COLUMN_ID><![CDATA[2902]]></AD_COLUMN_ID>
<!--616F97738AFD4595B74A6A60C8D4B5C4-->  <NAME><![CDATA[Commercial Name]]></NAME>
<!--616F97738AFD4595B74A6A60C8D4B5C4-->  <DESCRIPTION><![CDATA[Commercial Name of the Business Partner]]></DESCRIPTION>
<!--616F97738AFD4595B74A6A60C8D4B5C4-->  <HELP><![CDATA[Commercial Name of the Business Partner]]></HELP>
<!--616F97738AFD4595B74A6A60C8D4B5C4-->  <PROPERTY><![CDATA[name]]></PROPERTY>
<!--616F97738AFD4595B74A6A60C8D4B5C4-->  <ISCENTRALLYMAINTAINED><![CDATA[Y]]></ISCENTRALLYMAINTAINED>
<!--616F97738AFD4595B74A6A60C8D4B5C4-->  <SORT><![CDATA[Y]]></SORT>
<!--616F97738AFD4595B74A6A60C8D4B5C4-->  <FILTER><![CDATA[Y]]></FILTER>
<!--616F97738AFD4595B74A6A60C8D4B5C4-->  <SEARCHINSUGGESTIONBOX><![CDATA[Y]]></SEARCHINSUGGESTIONBOX>
<!--616F97738AFD4595B74A6A60C8D4B5C4-->  <SHOWINGRID><![CDATA[Y]]></SHOWINGRID>
<!--616F97738AFD4595B74A6A60C8D4B5C4-->  <SORTNO><![CDATA[1]]></SORTNO>
<!--616F97738AFD4595B74A6A60C8D4B5C4-->  <ISACTIVE><![CDATA[Y]]></ISACTIVE>
<!--616F97738AFD4595B74A6A60C8D4B5C4-->  <ISOUTFIELD><![CDATA[N]]></ISOUTFIELD>
<!--616F97738AFD4595B74A6A60C8D4B5C4-->  <SHOWINPICKLIST><![CDATA[N]]></SHOWINPICKLIST>
<!--616F97738AFD4595B74A6A60C8D4B5C4--></OBUISEL_SELECTOR_FIELD>

<!--623132D3EA2C4FA5A8ABE6794BBCFE9A--><OBUISEL_SELECTOR_FIELD>
<!--623132D3EA2C4FA5A8ABE6794BBCFE9A-->  <OBUISEL_SELECTOR_FIELD_ID><![CDATA[623132D3EA2C4FA5A8ABE6794BBCFE9A]]></OBUISEL_SELECTOR_FIELD_ID>
<!--623132D3EA2C4FA5A8ABE6794BBCFE9A-->  <OBUISEL_SELECTOR_ID><![CDATA[C994CAFA0DD14C83B0251EB1C6529575]]></OBUISEL_SELECTOR_ID>
<!--623132D3EA2C4FA5A8ABE6794BBCFE9A-->  <AD_CLIENT_ID><![CDATA[0]]></AD_CLIENT_ID>
<!--623132D3EA2C4FA5A8ABE6794BBCFE9A-->  <AD_ORG_ID><![CDATA[0]]></AD_ORG_ID>
<!--623132D3EA2C4FA5A8ABE6794BBCFE9A-->  <AD_MODULE_ID><![CDATA[A918E3331C404B889D69AA9BFAFB23AC]]></AD_MODULE_ID>
<!--623132D3EA2C4FA5A8ABE6794BBCFE9A-->  <AD_COLUMN_ID><![CDATA[2901]]></AD_COLUMN_ID>
<!--623132D3EA2C4FA5A8ABE6794BBCFE9A-->  <NAME><![CDATA[Search Key]]></NAME>
<!--623132D3EA2C4FA5A8ABE6794BBCFE9A-->  <DESCRIPTION><![CDATA[A fast method for finding a particular record.]]></DESCRIPTION>
<!--623132D3EA2C4FA5A8ABE6794BBCFE9A-->  <HELP><![CDATA[A search key allows for a fast method of finding a particular record. If you leave the search key empty, the system automatically creates a numeric number originating from a document sequence defined in the  "Document Sequence" window. The sequence naming convention follows a rule "DocumentNo_TableName", where TableName is the actual name of the database table (e.g. C_Order).

Usually, company's internal identifiers for various records (products, customers, etc) are stored here.]]></HELP>
<!--623132D3EA2C4FA5A8ABE6794BBCFE9A-->  <PROPERTY><![CDATA[searchKey]]></PROPERTY>
<!--623132D3EA2C4FA5A8ABE6794BBCFE9A-->  <ISCENTRALLYMAINTAINED><![CDATA[Y]]></ISCENTRALLYMAINTAINED>
<!--623132D3EA2C4FA5A8ABE6794BBCFE9A-->  <SORT><![CDATA[Y]]></SORT>
<!--623132D3EA2C4FA5A8ABE6794BBCFE9A-->  <FILTER><![CDATA[Y]]></FILTER>
<!--623132D3EA2C4FA5A8ABE6794BBCFE9A-->  <SEARCHINSUGGESTIONBOX><![CDATA[Y]]></SEARCHINSUGGESTIONBOX>
<!--623132D3EA2C4FA5A8ABE6794BBCFE9A-->  <SHOWINGRID><![CDATA[Y]]></SHOWINGRID>
<!--623132D3EA2C4FA5A8ABE6794BBCFE9A-->  <SORTNO><![CDATA[2]]></SORTNO>
<!--623132D3EA2C4FA5A8ABE6794BBCFE9A-->  <ISACTIVE><![CDATA[Y]]></ISACTIVE>
<!--623132D3EA2C4FA5A8ABE6794BBCFE9A-->  <ISOUTFIELD><![CDATA[N]]></ISOUTFIELD>
<!--623132D3EA2C4FA5A8ABE6794BBCFE9A-->  <SHOWINPICKLIST><![CDATA[N]]></SHOWINPICKLIST>
<!--623132D3EA2C4FA5A8ABE6794BBCFE9A--></OBUISEL_SELECTOR_FIELD>

<!--62B1856699BD4CAE863FAF5621E5A00D--><OBUISEL_SELECTOR_FIELD>
<!--62B1856699BD4CAE863FAF5621E5A00D-->  <OBUISEL_SELECTOR_FIELD_ID><![CDATA[62B1856699BD4CAE863FAF5621E5A00D]]></OBUISEL_SELECTOR_FIELD_ID>
<!--62B1856699BD4CAE863FAF5621E5A00D-->  <OBUISEL_SELECTOR_ID><![CDATA[EE54530EA4884AD5A10365E480015325]]></OBUISEL_SELECTOR_ID>
<!--62B1856699BD4CAE863FAF5621E5A00D-->  <AD_CLIENT_ID><![CDATA[0]]></AD_CLIENT_ID>
<!--62B1856699BD4CAE863FAF5621E5A00D-->  <AD_ORG_ID><![CDATA[0]]></AD_ORG_ID>
<!--62B1856699BD4CAE863FAF5621E5A00D-->  <AD_MODULE_ID><![CDATA[A918E3331C404B889D69AA9BFAFB23AC]]></AD_MODULE_ID>
<!--62B1856699BD4CAE863FAF5621E5A00D-->  <AD_COLUMN_ID><![CDATA[7891269C83DB655DE040007F010155CE]]></AD_COLUMN_ID>
<!--62B1856699BD4CAE863FAF5621E5A00D-->  <NAME><![CDATA[Payment Date]]></NAME>
<!--62B1856699BD4CAE863FAF5621E5A00D-->  <PROPERTY><![CDATA[paymentDate]]></PROPERTY>
<!--62B1856699BD4CAE863FAF5621E5A00D-->  <ISCENTRALLYMAINTAINED><![CDATA[Y]]></ISCENTRALLYMAINTAINED>
<!--62B1856699BD4CAE863FAF5621E5A00D-->  <SORT><![CDATA[Y]]></SORT>
<!--62B1856699BD4CAE863FAF5621E5A00D-->  <FILTER><![CDATA[Y]]></FILTER>
<!--62B1856699BD4CAE863FAF5621E5A00D-->  <SEARCHINSUGGESTIONBOX><![CDATA[N]]></SEARCHINSUGGESTIONBOX>
<!--62B1856699BD4CAE863FAF5621E5A00D-->  <SHOWINGRID><![CDATA[Y]]></SHOWINGRID>
<!--62B1856699BD4CAE863FAF5621E5A00D-->  <SORTNO><![CDATA[3]]></SORTNO>
<!--62B1856699BD4CAE863FAF5621E5A00D-->  <ISACTIVE><![CDATA[Y]]></ISACTIVE>
<!--62B1856699BD4CAE863FAF5621E5A00D-->  <ISOUTFIELD><![CDATA[N]]></ISOUTFIELD>
<!--62B1856699BD4CAE863FAF5621E5A00D-->  <SHOWINPICKLIST><![CDATA[N]]></SHOWINPICKLIST>
<!--62B1856699BD4CAE863FAF5621E5A00D--></OBUISEL_SELECTOR_FIELD>

<!--64F6733BE6654339AE67403E0925F525--><OBUISEL_SELECTOR_FIELD>
<!--64F6733BE6654339AE67403E0925F525-->  <OBUISEL_SELECTOR_FIELD_ID><![CDATA[64F6733BE6654339AE67403E0925F525]]></OBUISEL_SELECTOR_FIELD_ID>
<!--64F6733BE6654339AE67403E0925F525-->  <OBUISEL_SELECTOR_ID><![CDATA[6643B422022B41698FEFD6C7FAD7AC4B]]></OBUISEL_SELECTOR_ID>
<!--64F6733BE6654339AE67403E0925F525-->  <AD_CLIENT_ID><![CDATA[0]]></AD_CLIENT_ID>
<!--64F6733BE6654339AE67403E0925F525-->  <AD_ORG_ID><![CDATA[0]]></AD_ORG_ID>
<!--64F6733BE6654339AE67403E0925F525-->  <AD_MODULE_ID><![CDATA[A918E3331C404B889D69AA9BFAFB23AC]]></AD_MODULE_ID>
<!--64F6733BE6654339AE67403E0925F525-->  <AD_COLUMN_ID><![CDATA[7891269C8418655DE040007F010155CE]]></AD_COLUMN_ID>
<!--64F6733BE6654339AE67403E0925F525-->  <NAME><![CDATA[Payment]]></NAME>
<!--64F6733BE6654339AE67403E0925F525-->  <DESCRIPTION><![CDATA[Payment event]]></DESCRIPTION>
<!--64F6733BE6654339AE67403E0925F525-->  <HELP><![CDATA[Payment event]]></HELP>
<!--64F6733BE6654339AE67403E0925F525-->  <PROPERTY><![CDATA[finPayment.referenceNo]]></PROPERTY>
<!--64F6733BE6654339AE67403E0925F525-->  <ISCENTRALLYMAINTAINED><![CDATA[Y]]></ISCENTRALLYMAINTAINED>
<!--64F6733BE6654339AE67403E0925F525-->  <SORT><![CDATA[Y]]></SORT>
<!--64F6733BE6654339AE67403E0925F525-->  <FILTER><![CDATA[Y]]></FILTER>
<!--64F6733BE6654339AE67403E0925F525-->  <SEARCHINSUGGESTIONBOX><![CDATA[N]]></SEARCHINSUGGESTIONBOX>
<!--64F6733BE6654339AE67403E0925F525-->  <SHOWINGRID><![CDATA[Y]]></SHOWINGRID>
<!--64F6733BE6654339AE67403E0925F525-->  <SORTNO><![CDATA[3]]></SORTNO>
<!--64F6733BE6654339AE67403E0925F525-->  <ISACTIVE><![CDATA[Y]]></ISACTIVE>
<!--64F6733BE6654339AE67403E0925F525-->  <ISOUTFIELD><![CDATA[Y]]></ISOUTFIELD>
<!--64F6733BE6654339AE67403E0925F525-->  <SHOWINPICKLIST><![CDATA[N]]></SHOWINPICKLIST>
<!--64F6733BE6654339AE67403E0925F525--></OBUISEL_SELECTOR_FIELD>

<!--6C1DFF2A827C4A15AA54F8946BDBC58F--><OBUISEL_SELECTOR_FIELD>
<!--6C1DFF2A827C4A15AA54F8946BDBC58F-->  <OBUISEL_SELECTOR_FIELD_ID><![CDATA[6C1DFF2A827C4A15AA54F8946BDBC58F]]></OBUISEL_SELECTOR_FIELD_ID>
<!--6C1DFF2A827C4A15AA54F8946BDBC58F-->  <OBUISEL_SELECTOR_ID><![CDATA[EE54530EA4884AD5A10365E480015325]]></OBUISEL_SELECTOR_ID>
<!--6C1DFF2A827C4A15AA54F8946BDBC58F-->  <AD_CLIENT_ID><![CDATA[0]]></AD_CLIENT_ID>
<!--6C1DFF2A827C4A15AA54F8946BDBC58F-->  <AD_ORG_ID><![CDATA[0]]></AD_ORG_ID>
<!--6C1DFF2A827C4A15AA54F8946BDBC58F-->  <AD_MODULE_ID><![CDATA[A918E3331C404B889D69AA9BFAFB23AC]]></AD_MODULE_ID>
<!--6C1DFF2A827C4A15AA54F8946BDBC58F-->  <NAME><![CDATA[Received (Financial Account)]]></NAME>
<!--6C1DFF2A827C4A15AA54F8946BDBC58F-->  <DESCRIPTION><![CDATA[Amount received in currency of financial account]]></DESCRIPTION>
<!--6C1DFF2A827C4A15AA54F8946BDBC58F-->  <HELP><![CDATA[The total amount of the payment, converted to the currency of the financial account.]]></HELP>
<!--6C1DFF2A827C4A15AA54F8946BDBC58F-->  <PROPERTY><![CDATA[financialTransactionAmount]]></PROPERTY>
<!--6C1DFF2A827C4A15AA54F8946BDBC58F-->  <ISCENTRALLYMAINTAINED><![CDATA[Y]]></ISCENTRALLYMAINTAINED>
<!--6C1DFF2A827C4A15AA54F8946BDBC58F-->  <SORT><![CDATA[Y]]></SORT>
<!--6C1DFF2A827C4A15AA54F8946BDBC58F-->  <FILTER><![CDATA[Y]]></FILTER>
<!--6C1DFF2A827C4A15AA54F8946BDBC58F-->  <SEARCHINSUGGESTIONBOX><![CDATA[N]]></SEARCHINSUGGESTIONBOX>
<!--6C1DFF2A827C4A15AA54F8946BDBC58F-->  <SHOWINGRID><![CDATA[Y]]></SHOWINGRID>
<!--6C1DFF2A827C4A15AA54F8946BDBC58F-->  <SORTNO><![CDATA[7]]></SORTNO>
<!--6C1DFF2A827C4A15AA54F8946BDBC58F-->  <ISACTIVE><![CDATA[Y]]></ISACTIVE>
<!--6C1DFF2A827C4A15AA54F8946BDBC58F-->  <ISOUTFIELD><![CDATA[N]]></ISOUTFIELD>
<!--6C1DFF2A827C4A15AA54F8946BDBC58F-->  <SHOWINPICKLIST><![CDATA[N]]></SHOWINPICKLIST>
<!--6C1DFF2A827C4A15AA54F8946BDBC58F--></OBUISEL_SELECTOR_FIELD>

<!--8EE2C299C0D7421DBEFE0FEBC9DED657--><OBUISEL_SELECTOR_FIELD>
<!--8EE2C299C0D7421DBEFE0FEBC9DED657-->  <OBUISEL_SELECTOR_FIELD_ID><![CDATA[8EE2C299C0D7421DBEFE0FEBC9DED657]]></OBUISEL_SELECTOR_FIELD_ID>
<!--8EE2C299C0D7421DBEFE0FEBC9DED657-->  <OBUISEL_SELECTOR_ID><![CDATA[6643B422022B41698FEFD6C7FAD7AC4B]]></OBUISEL_SELECTOR_ID>
<!--8EE2C299C0D7421DBEFE0FEBC9DED657-->  <AD_CLIENT_ID><![CDATA[0]]></AD_CLIENT_ID>
<!--8EE2C299C0D7421DBEFE0FEBC9DED657-->  <AD_ORG_ID><![CDATA[0]]></AD_ORG_ID>
<!--8EE2C299C0D7421DBEFE0FEBC9DED657-->  <AD_MODULE_ID><![CDATA[A918E3331C404B889D69AA9BFAFB23AC]]></AD_MODULE_ID>
<!--8EE2C299C0D7421DBEFE0FEBC9DED657-->  <AD_COLUMN_ID><![CDATA[828EE0AE801E5FA1E040007F010067C7]]></AD_COLUMN_ID>
<!--8EE2C299C0D7421DBEFE0FEBC9DED657-->  <NAME><![CDATA[Description]]></NAME>
<!--8EE2C299C0D7421DBEFE0FEBC9DED657-->  <DESCRIPTION><![CDATA[A space to write additional related information.]]></DESCRIPTION>
<!--8EE2C299C0D7421DBEFE0FEBC9DED657-->  <HELP><![CDATA[A description is limited to 255 characters.]]></HELP>
<!--8EE2C299C0D7421DBEFE0FEBC9DED657-->  <PROPERTY><![CDATA[description]]></PROPERTY>
<!--8EE2C299C0D7421DBEFE0FEBC9DED657-->  <ISCENTRALLYMAINTAINED><![CDATA[Y]]></ISCENTRALLYMAINTAINED>
<!--8EE2C299C0D7421DBEFE0FEBC9DED657-->  <SORT><![CDATA[Y]]></SORT>
<!--8EE2C299C0D7421DBEFE0FEBC9DED657-->  <FILTER><![CDATA[Y]]></FILTER>
<!--8EE2C299C0D7421DBEFE0FEBC9DED657-->  <SEARCHINSUGGESTIONBOX><![CDATA[N]]></SEARCHINSUGGESTIONBOX>
<!--8EE2C299C0D7421DBEFE0FEBC9DED657-->  <SHOWINGRID><![CDATA[Y]]></SHOWINGRID>
<!--8EE2C299C0D7421DBEFE0FEBC9DED657-->  <SORTNO><![CDATA[4]]></SORTNO>
<!--8EE2C299C0D7421DBEFE0FEBC9DED657-->  <ISACTIVE><![CDATA[Y]]></ISACTIVE>
<!--8EE2C299C0D7421DBEFE0FEBC9DED657-->  <ISOUTFIELD><![CDATA[N]]></ISOUTFIELD>
<!--8EE2C299C0D7421DBEFE0FEBC9DED657-->  <SHOWINPICKLIST><![CDATA[N]]></SHOWINPICKLIST>
<!--8EE2C299C0D7421DBEFE0FEBC9DED657--></OBUISEL_SELECTOR_FIELD>

<!--8EE5B36E3B0B45F5B2643CD70B083B83--><OBUISEL_SELECTOR_FIELD>
<!--8EE5B36E3B0B45F5B2643CD70B083B83-->  <OBUISEL_SELECTOR_FIELD_ID><![CDATA[8EE5B36E3B0B45F5B2643CD70B083B83]]></OBUISEL_SELECTOR_FIELD_ID>
<!--8EE5B36E3B0B45F5B2643CD70B083B83-->  <OBUISEL_SELECTOR_ID><![CDATA[EE54530EA4884AD5A10365E480015325]]></OBUISEL_SELECTOR_ID>
<!--8EE5B36E3B0B45F5B2643CD70B083B83-->  <AD_CLIENT_ID><![CDATA[0]]></AD_CLIENT_ID>
<!--8EE5B36E3B0B45F5B2643CD70B083B83-->  <AD_ORG_ID><![CDATA[0]]></AD_ORG_ID>
<!--8EE5B36E3B0B45F5B2643CD70B083B83-->  <AD_MODULE_ID><![CDATA[A918E3331C404B889D69AA9BFAFB23AC]]></AD_MODULE_ID>
<!--8EE5B36E3B0B45F5B2643CD70B083B83-->  <AD_COLUMN_ID><![CDATA[7891269C83DD655DE040007F010155CE]]></AD_COLUMN_ID>
<!--8EE5B36E3B0B45F5B2643CD70B083B83-->  <NAME><![CDATA[Amount]]></NAME>
<!--8EE5B36E3B0B45F5B2643CD70B083B83-->  <PROPERTY><![CDATA[amount]]></PROPERTY>
<!--8EE5B36E3B0B45F5B2643CD70B083B83-->  <ISCENTRALLYMAINTAINED><![CDATA[Y]]></ISCENTRALLYMAINTAINED>
<!--8EE5B36E3B0B45F5B2643CD70B083B83-->  <SORT><![CDATA[Y]]></SORT>
<!--8EE5B36E3B0B45F5B2643CD70B083B83-->  <FILTER><![CDATA[Y]]></FILTER>
<!--8EE5B36E3B0B45F5B2643CD70B083B83-->  <SEARCHINSUGGESTIONBOX><![CDATA[N]]></SEARCHINSUGGESTIONBOX>
<!--8EE5B36E3B0B45F5B2643CD70B083B83-->  <SHOWINGRID><![CDATA[Y]]></SHOWINGRID>
<!--8EE5B36E3B0B45F5B2643CD70B083B83-->  <SORTNO><![CDATA[5]]></SORTNO>
<!--8EE5B36E3B0B45F5B2643CD70B083B83-->  <ISACTIVE><![CDATA[Y]]></ISACTIVE>
<!--8EE5B36E3B0B45F5B2643CD70B083B83-->  <ISOUTFIELD><![CDATA[N]]></ISOUTFIELD>
<!--8EE5B36E3B0B45F5B2643CD70B083B83-->  <SHOWINPICKLIST><![CDATA[N]]></SHOWINPICKLIST>
<!--8EE5B36E3B0B45F5B2643CD70B083B83--></OBUISEL_SELECTOR_FIELD>

<!--931DDACB7AE54909AD668A636EF460CE--><OBUISEL_SELECTOR_FIELD>
<!--931DDACB7AE54909AD668A636EF460CE-->  <OBUISEL_SELECTOR_FIELD_ID><![CDATA[931DDACB7AE54909AD668A636EF460CE]]></OBUISEL_SELECTOR_FIELD_ID>
<!--931DDACB7AE54909AD668A636EF460CE-->  <OBUISEL_SELECTOR_ID><![CDATA[EE54530EA4884AD5A10365E480015325]]></OBUISEL_SELECTOR_ID>
<!--931DDACB7AE54909AD668A636EF460CE-->  <AD_CLIENT_ID><![CDATA[0]]></AD_CLIENT_ID>
<!--931DDACB7AE54909AD668A636EF460CE-->  <AD_ORG_ID><![CDATA[0]]></AD_ORG_ID>
<!--931DDACB7AE54909AD668A636EF460CE-->  <AD_MODULE_ID><![CDATA[A918E3331C404B889D69AA9BFAFB23AC]]></AD_MODULE_ID>
<!--931DDACB7AE54909AD668A636EF460CE-->  <NAME><![CDATA[Document No.]]></NAME>
<!--931DDACB7AE54909AD668A636EF460CE-->  <DESCRIPTION><![CDATA[An often automatically generated identifier for all documents.]]></DESCRIPTION>
<!--931DDACB7AE54909AD668A636EF460CE-->  <HELP><![CDATA[The document number is usually automatically generated by the system and determined by the document type of the document. If the document is not saved, the preliminary number is displayed in "<>". If the document type of your document has no automatic document sequence defined, the field will be empty when creating a new document. This is for documents which usually have an external number (like vendor invoice).  If you leave the field empty, the system will generate a document number for you. The document sequence used for this fallback number is defined in the "Document Sequence" window with the name "DocumentNo_<TableName>", where TableName is the actual name of the table inside the database (e.g. C_Order).]]></HELP>
<!--931DDACB7AE54909AD668A636EF460CE-->  <PROPERTY><![CDATA[documentNo]]></PROPERTY>
<!--931DDACB7AE54909AD668A636EF460CE-->  <ISCENTRALLYMAINTAINED><![CDATA[Y]]></ISCENTRALLYMAINTAINED>
<!--931DDACB7AE54909AD668A636EF460CE-->  <SORT><![CDATA[Y]]></SORT>
<!--931DDACB7AE54909AD668A636EF460CE-->  <FILTER><![CDATA[Y]]></FILTER>
<!--931DDACB7AE54909AD668A636EF460CE-->  <SEARCHINSUGGESTIONBOX><![CDATA[Y]]></SEARCHINSUGGESTIONBOX>
<!--931DDACB7AE54909AD668A636EF460CE-->  <SHOWINGRID><![CDATA[Y]]></SHOWINGRID>
<!--931DDACB7AE54909AD668A636EF460CE-->  <SORTNO><![CDATA[2]]></SORTNO>
<!--931DDACB7AE54909AD668A636EF460CE-->  <ISACTIVE><![CDATA[Y]]></ISACTIVE>
<!--931DDACB7AE54909AD668A636EF460CE-->  <ISOUTFIELD><![CDATA[N]]></ISOUTFIELD>
<!--931DDACB7AE54909AD668A636EF460CE-->  <SHOWINPICKLIST><![CDATA[N]]></SHOWINPICKLIST>
<!--931DDACB7AE54909AD668A636EF460CE--></OBUISEL_SELECTOR_FIELD>

<!--A0BA9E0F3324435A960F5D024EDCE1F7--><OBUISEL_SELECTOR_FIELD>
<!--A0BA9E0F3324435A960F5D024EDCE1F7-->  <OBUISEL_SELECTOR_FIELD_ID><![CDATA[A0BA9E0F3324435A960F5D024EDCE1F7]]></OBUISEL_SELECTOR_FIELD_ID>
<!--A0BA9E0F3324435A960F5D024EDCE1F7-->  <OBUISEL_SELECTOR_ID><![CDATA[C994CAFA0DD14C83B0251EB1C6529575]]></OBUISEL_SELECTOR_ID>
<!--A0BA9E0F3324435A960F5D024EDCE1F7-->  <AD_CLIENT_ID><![CDATA[0]]></AD_CLIENT_ID>
<!--A0BA9E0F3324435A960F5D024EDCE1F7-->  <AD_ORG_ID><![CDATA[0]]></AD_ORG_ID>
<!--A0BA9E0F3324435A960F5D024EDCE1F7-->  <AD_MODULE_ID><![CDATA[A918E3331C404B889D69AA9BFAFB23AC]]></AD_MODULE_ID>
<!--A0BA9E0F3324435A960F5D024EDCE1F7-->  <AD_COLUMN_ID><![CDATA[2902]]></AD_COLUMN_ID>
<!--A0BA9E0F3324435A960F5D024EDCE1F7-->  <NAME><![CDATA[Commercial Name]]></NAME>
<!--A0BA9E0F3324435A960F5D024EDCE1F7-->  <DESCRIPTION><![CDATA[Commercial Name of the Business Partner]]></DESCRIPTION>
<!--A0BA9E0F3324435A960F5D024EDCE1F7-->  <HELP><![CDATA[Commercial Name of the Business Partner]]></HELP>
<!--A0BA9E0F3324435A960F5D024EDCE1F7-->  <PROPERTY><![CDATA[name]]></PROPERTY>
<!--A0BA9E0F3324435A960F5D024EDCE1F7-->  <ISCENTRALLYMAINTAINED><![CDATA[Y]]></ISCENTRALLYMAINTAINED>
<!--A0BA9E0F3324435A960F5D024EDCE1F7-->  <SORT><![CDATA[Y]]></SORT>
<!--A0BA9E0F3324435A960F5D024EDCE1F7-->  <FILTER><![CDATA[Y]]></FILTER>
<!--A0BA9E0F3324435A960F5D024EDCE1F7-->  <SEARCHINSUGGESTIONBOX><![CDATA[Y]]></SEARCHINSUGGESTIONBOX>
<!--A0BA9E0F3324435A960F5D024EDCE1F7-->  <SHOWINGRID><![CDATA[Y]]></SHOWINGRID>
<!--A0BA9E0F3324435A960F5D024EDCE1F7-->  <SORTNO><![CDATA[1]]></SORTNO>
<!--A0BA9E0F3324435A960F5D024EDCE1F7-->  <ISACTIVE><![CDATA[Y]]></ISACTIVE>
<!--A0BA9E0F3324435A960F5D024EDCE1F7-->  <ISOUTFIELD><![CDATA[N]]></ISOUTFIELD>
<!--A0BA9E0F3324435A960F5D024EDCE1F7-->  <SHOWINPICKLIST><![CDATA[N]]></SHOWINPICKLIST>
<!--A0BA9E0F3324435A960F5D024EDCE1F7--></OBUISEL_SELECTOR_FIELD>

<!--A5FE0619C78F451BBCD6292D9DFA77BB--><OBUISEL_SELECTOR_FIELD>
<!--A5FE0619C78F451BBCD6292D9DFA77BB-->  <OBUISEL_SELECTOR_FIELD_ID><![CDATA[A5FE0619C78F451BBCD6292D9DFA77BB]]></OBUISEL_SELECTOR_FIELD_ID>
<!--A5FE0619C78F451BBCD6292D9DFA77BB-->  <OBUISEL_SELECTOR_ID><![CDATA[C994CAFA0DD14C83B0251EB1C6529575]]></OBUISEL_SELECTOR_ID>
<!--A5FE0619C78F451BBCD6292D9DFA77BB-->  <AD_CLIENT_ID><![CDATA[0]]></AD_CLIENT_ID>
<!--A5FE0619C78F451BBCD6292D9DFA77BB-->  <AD_ORG_ID><![CDATA[0]]></AD_ORG_ID>
<!--A5FE0619C78F451BBCD6292D9DFA77BB-->  <AD_MODULE_ID><![CDATA[A918E3331C404B889D69AA9BFAFB23AC]]></AD_MODULE_ID>
<!--A5FE0619C78F451BBCD6292D9DFA77BB-->  <AD_COLUMN_ID><![CDATA[2916]]></AD_COLUMN_ID>
<!--A5FE0619C78F451BBCD6292D9DFA77BB-->  <NAME><![CDATA[Customer]]></NAME>
<!--A5FE0619C78F451BBCD6292D9DFA77BB-->  <DESCRIPTION><![CDATA[Indicates a business partner that is your customer, ie. that will be making purchases from you.]]></DESCRIPTION>
<!--A5FE0619C78F451BBCD6292D9DFA77BB-->  <HELP><![CDATA[Indicates a business partner that is your customer, ie. that will be making purchases from you. If selected, additional fields will display further details that need to be entered for a customer.]]></HELP>
<!--A5FE0619C78F451BBCD6292D9DFA77BB-->  <PROPERTY><![CDATA[customer]]></PROPERTY>
<!--A5FE0619C78F451BBCD6292D9DFA77BB-->  <ISCENTRALLYMAINTAINED><![CDATA[Y]]></ISCENTRALLYMAINTAINED>
<!--A5FE0619C78F451BBCD6292D9DFA77BB-->  <SORT><![CDATA[Y]]></SORT>
<!--A5FE0619C78F451BBCD6292D9DFA77BB-->  <FILTER><![CDATA[Y]]></FILTER>
<!--A5FE0619C78F451BBCD6292D9DFA77BB-->  <SEARCHINSUGGESTIONBOX><![CDATA[N]]></SEARCHINSUGGESTIONBOX>
<!--A5FE0619C78F451BBCD6292D9DFA77BB-->  <SHOWINGRID><![CDATA[Y]]></SHOWINGRID>
<!--A5FE0619C78F451BBCD6292D9DFA77BB-->  <SORTNO><![CDATA[4]]></SORTNO>
<!--A5FE0619C78F451BBCD6292D9DFA77BB-->  <ISACTIVE><![CDATA[Y]]></ISACTIVE>
<!--A5FE0619C78F451BBCD6292D9DFA77BB-->  <ISOUTFIELD><![CDATA[N]]></ISOUTFIELD>
<!--A5FE0619C78F451BBCD6292D9DFA77BB-->  <SHOWINPICKLIST><![CDATA[N]]></SHOWINPICKLIST>
<!--A5FE0619C78F451BBCD6292D9DFA77BB--></OBUISEL_SELECTOR_FIELD>

<!--AA8BBA6DD4D949AAAD27F6C05D72B24B--><OBUISEL_SELECTOR_FIELD>
<!--AA8BBA6DD4D949AAAD27F6C05D72B24B-->  <OBUISEL_SELECTOR_FIELD_ID><![CDATA[AA8BBA6DD4D949AAAD27F6C05D72B24B]]></OBUISEL_SELECTOR_FIELD_ID>
<!--AA8BBA6DD4D949AAAD27F6C05D72B24B-->  <OBUISEL_SELECTOR_ID><![CDATA[C994CAFA0DD14C83B0251EB1C6529575]]></OBUISEL_SELECTOR_ID>
<!--AA8BBA6DD4D949AAAD27F6C05D72B24B-->  <AD_CLIENT_ID><![CDATA[0]]></AD_CLIENT_ID>
<!--AA8BBA6DD4D949AAAD27F6C05D72B24B-->  <AD_ORG_ID><![CDATA[0]]></AD_ORG_ID>
<!--AA8BBA6DD4D949AAAD27F6C05D72B24B-->  <AD_MODULE_ID><![CDATA[A918E3331C404B889D69AA9BFAFB23AC]]></AD_MODULE_ID>
<!--AA8BBA6DD4D949AAAD27F6C05D72B24B-->  <AD_COLUMN_ID><![CDATA[2915]]></AD_COLUMN_ID>
<!--AA8BBA6DD4D949AAAD27F6C05D72B24B-->  <NAME><![CDATA[Vendor]]></NAME>
<!--AA8BBA6DD4D949AAAD27F6C05D72B24B-->  <DESCRIPTION><![CDATA[A business partner who sells products or services.]]></DESCRIPTION>
<!--AA8BBA6DD4D949AAAD27F6C05D72B24B-->  <HELP><![CDATA[The Vendor checkbox indicates if this Business Partner is a Vendor.  If it is selected, additional fields will display which further identify this vendor.]]></HELP>
<!--AA8BBA6DD4D949AAAD27F6C05D72B24B-->  <PROPERTY><![CDATA[vendor]]></PROPERTY>
<!--AA8BBA6DD4D949AAAD27F6C05D72B24B-->  <ISCENTRALLYMAINTAINED><![CDATA[Y]]></ISCENTRALLYMAINTAINED>
<!--AA8BBA6DD4D949AAAD27F6C05D72B24B-->  <SORT><![CDATA[Y]]></SORT>
<!--AA8BBA6DD4D949AAAD27F6C05D72B24B-->  <FILTER><![CDATA[Y]]></FILTER>
<!--AA8BBA6DD4D949AAAD27F6C05D72B24B-->  <SEARCHINSUGGESTIONBOX><![CDATA[N]]></SEARCHINSUGGESTIONBOX>
<!--AA8BBA6DD4D949AAAD27F6C05D72B24B-->  <SHOWINGRID><![CDATA[Y]]></SHOWINGRID>
<!--AA8BBA6DD4D949AAAD27F6C05D72B24B-->  <SORTNO><![CDATA[5]]></SORTNO>
<!--AA8BBA6DD4D949AAAD27F6C05D72B24B-->  <ISACTIVE><![CDATA[Y]]></ISACTIVE>
<!--AA8BBA6DD4D949AAAD27F6C05D72B24B-->  <ISOUTFIELD><![CDATA[N]]></ISOUTFIELD>
<!--AA8BBA6DD4D949AAAD27F6C05D72B24B-->  <SHOWINPICKLIST><![CDATA[N]]></SHOWINPICKLIST>
<!--AA8BBA6DD4D949AAAD27F6C05D72B24B--></OBUISEL_SELECTOR_FIELD>

<!--B67B839A695A44499277CF0D09FAC54F--><OBUISEL_SELECTOR_FIELD>
<!--B67B839A695A44499277CF0D09FAC54F-->  <OBUISEL_SELECTOR_FIELD_ID><![CDATA[B67B839A695A44499277CF0D09FAC54F]]></OBUISEL_SELECTOR_FIELD_ID>
<!--B67B839A695A44499277CF0D09FAC54F-->  <OBUISEL_SELECTOR_ID><![CDATA[A98899B1C75A4F4EBD3414F1B654EFAB]]></OBUISEL_SELECTOR_ID>
<!--B67B839A695A44499277CF0D09FAC54F-->  <AD_CLIENT_ID><![CDATA[0]]></AD_CLIENT_ID>
<!--B67B839A695A44499277CF0D09FAC54F-->  <AD_ORG_ID><![CDATA[0]]></AD_ORG_ID>
<!--B67B839A695A44499277CF0D09FAC54F-->  <AD_MODULE_ID><![CDATA[A918E3331C404B889D69AA9BFAFB23AC]]></AD_MODULE_ID>
<!--B67B839A695A44499277CF0D09FAC54F-->  <AD_COLUMN_ID><![CDATA[2916]]></AD_COLUMN_ID>
<!--B67B839A695A44499277CF0D09FAC54F-->  <NAME><![CDATA[Customer]]></NAME>
<!--B67B839A695A44499277CF0D09FAC54F-->  <DESCRIPTION><![CDATA[Indicates a business partner that is your customer, ie. that will be making purchases from you.]]></DESCRIPTION>
<!--B67B839A695A44499277CF0D09FAC54F-->  <HELP><![CDATA[Indicates a business partner that is your customer, ie. that will be making purchases from you. If selected, additional fields will display further details that need to be entered for a customer.]]></HELP>
<!--B67B839A695A44499277CF0D09FAC54F-->  <PROPERTY><![CDATA[customer]]></PROPERTY>
<!--B67B839A695A44499277CF0D09FAC54F-->  <ISCENTRALLYMAINTAINED><![CDATA[Y]]></ISCENTRALLYMAINTAINED>
<!--B67B839A695A44499277CF0D09FAC54F-->  <SORT><![CDATA[Y]]></SORT>
<!--B67B839A695A44499277CF0D09FAC54F-->  <FILTER><![CDATA[Y]]></FILTER>
<!--B67B839A695A44499277CF0D09FAC54F-->  <SEARCHINSUGGESTIONBOX><![CDATA[N]]></SEARCHINSUGGESTIONBOX>
<!--B67B839A695A44499277CF0D09FAC54F-->  <SHOWINGRID><![CDATA[Y]]></SHOWINGRID>
<!--B67B839A695A44499277CF0D09FAC54F-->  <SORTNO><![CDATA[4]]></SORTNO>
<!--B67B839A695A44499277CF0D09FAC54F-->  <ISACTIVE><![CDATA[Y]]></ISACTIVE>
<!--B67B839A695A44499277CF0D09FAC54F-->  <ISOUTFIELD><![CDATA[N]]></ISOUTFIELD>
<!--B67B839A695A44499277CF0D09FAC54F-->  <DEFAULT_EXPRESSION><![CDATA[OB.getFilterExpression('org.openbravo.advpaymentmngt.filterexpression.BusinessPartnerCustomerFilterExpression')]]></DEFAULT_EXPRESSION>
<!--B67B839A695A44499277CF0D09FAC54F-->  <SHOWINPICKLIST><![CDATA[N]]></SHOWINPICKLIST>
<!--B67B839A695A44499277CF0D09FAC54F--></OBUISEL_SELECTOR_FIELD>

<!--C55EADA2C49F47DF8423C6BB8B97342E--><OBUISEL_SELECTOR_FIELD>
<!--C55EADA2C49F47DF8423C6BB8B97342E-->  <OBUISEL_SELECTOR_FIELD_ID><![CDATA[C55EADA2C49F47DF8423C6BB8B97342E]]></OBUISEL_SELECTOR_FIELD_ID>
<!--C55EADA2C49F47DF8423C6BB8B97342E-->  <OBUISEL_SELECTOR_ID><![CDATA[9FAD469CE4414A25974CF45C0AD22D35]]></OBUISEL_SELECTOR_ID>
<!--C55EADA2C49F47DF8423C6BB8B97342E-->  <AD_CLIENT_ID><![CDATA[0]]></AD_CLIENT_ID>
<!--C55EADA2C49F47DF8423C6BB8B97342E-->  <AD_ORG_ID><![CDATA[0]]></AD_ORG_ID>
<!--C55EADA2C49F47DF8423C6BB8B97342E-->  <AD_MODULE_ID><![CDATA[A918E3331C404B889D69AA9BFAFB23AC]]></AD_MODULE_ID>
<!--C55EADA2C49F47DF8423C6BB8B97342E-->  <AD_COLUMN_ID><![CDATA[800445]]></AD_COLUMN_ID>
<!--C55EADA2C49F47DF8423C6BB8B97342E-->  <NAME><![CDATA[Name]]></NAME>
<!--C55EADA2C49F47DF8423C6BB8B97342E-->  <DESCRIPTION><![CDATA[A non-unique identifier for a record/document often used as a search tool.]]></DESCRIPTION>
<!--C55EADA2C49F47DF8423C6BB8B97342E-->  <HELP><![CDATA[A more descriptive identifier (that does need to be unique) of a record/document that is used as a default search option along with the search key (that is unique and mostly shorter). It is up to 60 characters in length.]]></HELP>
<!--C55EADA2C49F47DF8423C6BB8B97342E-->  <PROPERTY><![CDATA[name]]></PROPERTY>
<!--C55EADA2C49F47DF8423C6BB8B97342E-->  <ISCENTRALLYMAINTAINED><![CDATA[Y]]></ISCENTRALLYMAINTAINED>
<!--C55EADA2C49F47DF8423C6BB8B97342E-->  <SORT><![CDATA[Y]]></SORT>
<!--C55EADA2C49F47DF8423C6BB8B97342E-->  <FILTER><![CDATA[Y]]></FILTER>
<!--C55EADA2C49F47DF8423C6BB8B97342E-->  <SEARCHINSUGGESTIONBOX><![CDATA[Y]]></SEARCHINSUGGESTIONBOX>
<!--C55EADA2C49F47DF8423C6BB8B97342E-->  <SHOWINGRID><![CDATA[N]]></SHOWINGRID>
<!--C55EADA2C49F47DF8423C6BB8B97342E-->  <SORTNO><![CDATA[0]]></SORTNO>
<!--C55EADA2C49F47DF8423C6BB8B97342E-->  <ISACTIVE><![CDATA[Y]]></ISACTIVE>
<!--C55EADA2C49F47DF8423C6BB8B97342E-->  <ISOUTFIELD><![CDATA[N]]></ISOUTFIELD>
<!--C55EADA2C49F47DF8423C6BB8B97342E-->  <SHOWINPICKLIST><![CDATA[N]]></SHOWINPICKLIST>
<!--C55EADA2C49F47DF8423C6BB8B97342E--></OBUISEL_SELECTOR_FIELD>

<!--C5CFD3978631444EB97539BCEE3D5239--><OBUISEL_SELECTOR_FIELD>
<!--C5CFD3978631444EB97539BCEE3D5239-->  <OBUISEL_SELECTOR_FIELD_ID><![CDATA[C5CFD3978631444EB97539BCEE3D5239]]></OBUISEL_SELECTOR_FIELD_ID>
<!--C5CFD3978631444EB97539BCEE3D5239-->  <OBUISEL_SELECTOR_ID><![CDATA[6643B422022B41698FEFD6C7FAD7AC4B]]></OBUISEL_SELECTOR_ID>
<!--C5CFD3978631444EB97539BCEE3D5239-->  <AD_CLIENT_ID><![CDATA[0]]></AD_CLIENT_ID>
<!--C5CFD3978631444EB97539BCEE3D5239-->  <AD_ORG_ID><![CDATA[0]]></AD_ORG_ID>
<!--C5CFD3978631444EB97539BCEE3D5239-->  <AD_MODULE_ID><![CDATA[A918E3331C404B889D69AA9BFAFB23AC]]></AD_MODULE_ID>
<!--C5CFD3978631444EB97539BCEE3D5239-->  <AD_COLUMN_ID><![CDATA[828EE0AE801D5FA1E040007F010067C7]]></AD_COLUMN_ID>
<!--C5CFD3978631444EB97539BCEE3D5239-->  <NAME><![CDATA[Transaction Date]]></NAME>
<!--C5CFD3978631444EB97539BCEE3D5239-->  <DESCRIPTION><![CDATA[The date the transaction is carried out and registered in the cash journal.]]></DESCRIPTION>
<!--C5CFD3978631444EB97539BCEE3D5239-->  <HELP><![CDATA[The Statement Date field defines the date of the statement being processed.]]></HELP>
<!--C5CFD3978631444EB97539BCEE3D5239-->  <PROPERTY><![CDATA[transactionDate]]></PROPERTY>
<!--C5CFD3978631444EB97539BCEE3D5239-->  <ISCENTRALLYMAINTAINED><![CDATA[Y]]></ISCENTRALLYMAINTAINED>
<!--C5CFD3978631444EB97539BCEE3D5239-->  <SORT><![CDATA[Y]]></SORT>
<!--C5CFD3978631444EB97539BCEE3D5239-->  <FILTER><![CDATA[Y]]></FILTER>
<!--C5CFD3978631444EB97539BCEE3D5239-->  <SEARCHINSUGGESTIONBOX><![CDATA[N]]></SEARCHINSUGGESTIONBOX>
<!--C5CFD3978631444EB97539BCEE3D5239-->  <SHOWINGRID><![CDATA[Y]]></SHOWINGRID>
<!--C5CFD3978631444EB97539BCEE3D5239-->  <SORTNO><![CDATA[0]]></SORTNO>
<!--C5CFD3978631444EB97539BCEE3D5239-->  <ISACTIVE><![CDATA[Y]]></ISACTIVE>
<!--C5CFD3978631444EB97539BCEE3D5239-->  <ISOUTFIELD><![CDATA[Y]]></ISOUTFIELD>
<!--C5CFD3978631444EB97539BCEE3D5239-->  <SHOWINPICKLIST><![CDATA[N]]></SHOWINPICKLIST>
<!--C5CFD3978631444EB97539BCEE3D5239--></OBUISEL_SELECTOR_FIELD>

<!--E4E57D2170B94773B43F74FC0554DC72--><OBUISEL_SELECTOR_FIELD>
<!--E4E57D2170B94773B43F74FC0554DC72-->  <OBUISEL_SELECTOR_FIELD_ID><![CDATA[E4E57D2170B94773B43F74FC0554DC72]]></OBUISEL_SELECTOR_FIELD_ID>
<!--E4E57D2170B94773B43F74FC0554DC72-->  <OBUISEL_SELECTOR_ID><![CDATA[EE54530EA4884AD5A10365E480015325]]></OBUISEL_SELECTOR_ID>
<!--E4E57D2170B94773B43F74FC0554DC72-->  <AD_CLIENT_ID><![CDATA[0]]></AD_CLIENT_ID>
<!--E4E57D2170B94773B43F74FC0554DC72-->  <AD_ORG_ID><![CDATA[0]]></AD_ORG_ID>
<!--E4E57D2170B94773B43F74FC0554DC72-->  <AD_MODULE_ID><![CDATA[A918E3331C404B889D69AA9BFAFB23AC]]></AD_MODULE_ID>
<!--E4E57D2170B94773B43F74FC0554DC72-->  <AD_COLUMN_ID><![CDATA[8032E178607750D5E040007F01004282]]></AD_COLUMN_ID>
<!--E4E57D2170B94773B43F74FC0554DC72-->  <NAME><![CDATA[Document Type]]></NAME>
<!--E4E57D2170B94773B43F74FC0554DC72-->  <DESCRIPTION><![CDATA[A value defining what sequence and process setup are used to handle this document.]]></DESCRIPTION>
<!--E4E57D2170B94773B43F74FC0554DC72-->  <HELP><![CDATA[The Document Type determines document sequence and processing rules]]></HELP>
<!--E4E57D2170B94773B43F74FC0554DC72-->  <PROPERTY><![CDATA[documentType]]></PROPERTY>
<!--E4E57D2170B94773B43F74FC0554DC72-->  <ISCENTRALLYMAINTAINED><![CDATA[Y]]></ISCENTRALLYMAINTAINED>
<!--E4E57D2170B94773B43F74FC0554DC72-->  <SORT><![CDATA[Y]]></SORT>
<!--E4E57D2170B94773B43F74FC0554DC72-->  <FILTER><![CDATA[Y]]></FILTER>
<!--E4E57D2170B94773B43F74FC0554DC72-->  <SEARCHINSUGGESTIONBOX><![CDATA[N]]></SEARCHINSUGGESTIONBOX>
<!--E4E57D2170B94773B43F74FC0554DC72-->  <SHOWINGRID><![CDATA[Y]]></SHOWINGRID>
<!--E4E57D2170B94773B43F74FC0554DC72-->  <SORTNO><![CDATA[0]]></SORTNO>
<!--E4E57D2170B94773B43F74FC0554DC72-->  <ISACTIVE><![CDATA[Y]]></ISACTIVE>
<!--E4E57D2170B94773B43F74FC0554DC72-->  <ISOUTFIELD><![CDATA[N]]></ISOUTFIELD>
<!--E4E57D2170B94773B43F74FC0554DC72-->  <SHOWINPICKLIST><![CDATA[N]]></SHOWINPICKLIST>
<!--E4E57D2170B94773B43F74FC0554DC72--></OBUISEL_SELECTOR_FIELD>

<!--F229E4FBC3DB4BA6AA295C19E0798785--><OBUISEL_SELECTOR_FIELD>
<!--F229E4FBC3DB4BA6AA295C19E0798785-->  <OBUISEL_SELECTOR_FIELD_ID><![CDATA[F229E4FBC3DB4BA6AA295C19E0798785]]></OBUISEL_SELECTOR_FIELD_ID>
<!--F229E4FBC3DB4BA6AA295C19E0798785-->  <OBUISEL_SELECTOR_ID><![CDATA[B15DC1DA631A402C9B05AC11A2EA724C]]></OBUISEL_SELECTOR_ID>
<!--F229E4FBC3DB4BA6AA295C19E0798785-->  <AD_CLIENT_ID><![CDATA[0]]></AD_CLIENT_ID>
<!--F229E4FBC3DB4BA6AA295C19E0798785-->  <AD_ORG_ID><![CDATA[0]]></AD_ORG_ID>
<!--F229E4FBC3DB4BA6AA295C19E0798785-->  <AD_MODULE_ID><![CDATA[A918E3331C404B889D69AA9BFAFB23AC]]></AD_MODULE_ID>
<!--F229E4FBC3DB4BA6AA295C19E0798785-->  <AD_COLUMN_ID><![CDATA[2045]]></AD_COLUMN_ID>
<!--F229E4FBC3DB4BA6AA295C19E0798785-->  <NAME><![CDATA[Search Key]]></NAME>
<!--F229E4FBC3DB4BA6AA295C19E0798785-->  <DESCRIPTION><![CDATA[A fast method for finding a particular record.]]></DESCRIPTION>
<!--F229E4FBC3DB4BA6AA295C19E0798785-->  <HELP><![CDATA[A search key allows for a fast method of finding a particular record. If you leave the search key empty, the system automatically creates a numeric number originating from a document sequence defined in the  "Document Sequence" window. The sequence naming convention follows a rule "DocumentNo_TableName", where TableName is the actual name of the database table (e.g. C_Order).

Usually, company's internal identifiers for various records (products, customers, etc) are stored here.]]></HELP>
<!--F229E4FBC3DB4BA6AA295C19E0798785-->  <PROPERTY><![CDATA[searchKey]]></PROPERTY>
<!--F229E4FBC3DB4BA6AA295C19E0798785-->  <ISCENTRALLYMAINTAINED><![CDATA[Y]]></ISCENTRALLYMAINTAINED>
<!--F229E4FBC3DB4BA6AA295C19E0798785-->  <SORT><![CDATA[Y]]></SORT>
<!--F229E4FBC3DB4BA6AA295C19E0798785-->  <FILTER><![CDATA[Y]]></FILTER>
<!--F229E4FBC3DB4BA6AA295C19E0798785-->  <SEARCHINSUGGESTIONBOX><![CDATA[N]]></SEARCHINSUGGESTIONBOX>
<!--F229E4FBC3DB4BA6AA295C19E0798785-->  <SHOWINGRID><![CDATA[Y]]></SHOWINGRID>
<!--F229E4FBC3DB4BA6AA295C19E0798785-->  <SORTNO><![CDATA[2]]></SORTNO>
<!--F229E4FBC3DB4BA6AA295C19E0798785-->  <ISACTIVE><![CDATA[Y]]></ISACTIVE>
<!--F229E4FBC3DB4BA6AA295C19E0798785-->  <ISOUTFIELD><![CDATA[N]]></ISOUTFIELD>
<!--F229E4FBC3DB4BA6AA295C19E0798785-->  <SHOWINPICKLIST><![CDATA[N]]></SHOWINPICKLIST>
<!--F229E4FBC3DB4BA6AA295C19E0798785--></OBUISEL_SELECTOR_FIELD>

<!--F5C325DE855A4B6883666932F3E0D62F--><OBUISEL_SELECTOR_FIELD>
<!--F5C325DE855A4B6883666932F3E0D62F-->  <OBUISEL_SELECTOR_FIELD_ID><![CDATA[F5C325DE855A4B6883666932F3E0D62F]]></OBUISEL_SELECTOR_FIELD_ID>
<!--F5C325DE855A4B6883666932F3E0D62F-->  <OBUISEL_SELECTOR_ID><![CDATA[EE54530EA4884AD5A10365E480015325]]></OBUISEL_SELECTOR_ID>
<!--F5C325DE855A4B6883666932F3E0D62F-->  <AD_CLIENT_ID><![CDATA[0]]></AD_CLIENT_ID>
<!--F5C325DE855A4B6883666932F3E0D62F-->  <AD_ORG_ID><![CDATA[0]]></AD_ORG_ID>
<!--F5C325DE855A4B6883666932F3E0D62F-->  <AD_MODULE_ID><![CDATA[A918E3331C404B889D69AA9BFAFB23AC]]></AD_MODULE_ID>
<!--F5C325DE855A4B6883666932F3E0D62F-->  <AD_COLUMN_ID><![CDATA[7891269C83DC655DE040007F010155CE]]></AD_COLUMN_ID>
<!--F5C325DE855A4B6883666932F3E0D62F-->  <NAME><![CDATA[Currency]]></NAME>
<!--F5C325DE855A4B6883666932F3E0D62F-->  <DESCRIPTION><![CDATA[An accepted medium of monetary exchange that may vary across countries.]]></DESCRIPTION>
<!--F5C325DE855A4B6883666932F3E0D62F-->  <HELP><![CDATA[Indicates the currency to be used when processing this document.]]></HELP>
<!--F5C325DE855A4B6883666932F3E0D62F-->  <PROPERTY><![CDATA[currency]]></PROPERTY>
<!--F5C325DE855A4B6883666932F3E0D62F-->  <ISCENTRALLYMAINTAINED><![CDATA[Y]]></ISCENTRALLYMAINTAINED>
<!--F5C325DE855A4B6883666932F3E0D62F-->  <SORT><![CDATA[Y]]></SORT>
<!--F5C325DE855A4B6883666932F3E0D62F-->  <FILTER><![CDATA[Y]]></FILTER>
<!--F5C325DE855A4B6883666932F3E0D62F-->  <SEARCHINSUGGESTIONBOX><![CDATA[N]]></SEARCHINSUGGESTIONBOX>
<!--F5C325DE855A4B6883666932F3E0D62F-->  <SHOWINGRID><![CDATA[Y]]></SHOWINGRID>
<!--F5C325DE855A4B6883666932F3E0D62F-->  <SORTNO><![CDATA[6]]></SORTNO>
<!--F5C325DE855A4B6883666932F3E0D62F-->  <ISACTIVE><![CDATA[Y]]></ISACTIVE>
<!--F5C325DE855A4B6883666932F3E0D62F-->  <ISOUTFIELD><![CDATA[N]]></ISOUTFIELD>
<!--F5C325DE855A4B6883666932F3E0D62F-->  <SHOWINPICKLIST><![CDATA[N]]></SHOWINPICKLIST>
<!--F5C325DE855A4B6883666932F3E0D62F--></OBUISEL_SELECTOR_FIELD>

<!--FF808181312DEEAE01312DFAFE910022--><OBUISEL_SELECTOR_FIELD>
<!--FF808181312DEEAE01312DFAFE910022-->  <OBUISEL_SELECTOR_FIELD_ID><![CDATA[FF808181312DEEAE01312DFAFE910022]]></OBUISEL_SELECTOR_FIELD_ID>
<!--FF808181312DEEAE01312DFAFE910022-->  <OBUISEL_SELECTOR_ID><![CDATA[FF808181312DA8D801312DDE869B000C]]></OBUISEL_SELECTOR_ID>
<!--FF808181312DEEAE01312DFAFE910022-->  <AD_CLIENT_ID><![CDATA[0]]></AD_CLIENT_ID>
<!--FF808181312DEEAE01312DFAFE910022-->  <AD_ORG_ID><![CDATA[0]]></AD_ORG_ID>
<!--FF808181312DEEAE01312DFAFE910022-->  <AD_MODULE_ID><![CDATA[A918E3331C404B889D69AA9BFAFB23AC]]></AD_MODULE_ID>
<!--FF808181312DEEAE01312DFAFE910022-->  <AD_COLUMN_ID><![CDATA[1410]]></AD_COLUMN_ID>
<!--FF808181312DEEAE01312DFAFE910022-->  <NAME><![CDATA[Name]]></NAME>
<!--FF808181312DEEAE01312DFAFE910022-->  <DESCRIPTION><![CDATA[A non-unique identifier for a record/document often used as a search tool.]]></DESCRIPTION>
<!--FF808181312DEEAE01312DFAFE910022-->  <HELP><![CDATA[A more descriptive identifier (that does need to be unique) of a record/document that is used as a default search option along with the search key (that is unique and mostly shorter). It is up to 60 characters in length.]]></HELP>
<!--FF808181312DEEAE01312DFAFE910022-->  <PROPERTY><![CDATA[name]]></PROPERTY>
<!--FF808181312DEEAE01312DFAFE910022-->  <ISCENTRALLYMAINTAINED><![CDATA[Y]]></ISCENTRALLYMAINTAINED>
<!--FF808181312DEEAE01312DFAFE910022-->  <SORT><![CDATA[Y]]></SORT>
<!--FF808181312DEEAE01312DFAFE910022-->  <FILTER><![CDATA[Y]]></FILTER>
<!--FF808181312DEEAE01312DFAFE910022-->  <SEARCHINSUGGESTIONBOX><![CDATA[Y]]></SEARCHINSUGGESTIONBOX>
<!--FF808181312DEEAE01312DFAFE910022-->  <SHOWINGRID><![CDATA[Y]]></SHOWINGRID>
<!--FF808181312DEEAE01312DFAFE910022-->  <SORTNO><![CDATA[20]]></SORTNO>
<!--FF808181312DEEAE01312DFAFE910022-->  <ISACTIVE><![CDATA[Y]]></ISACTIVE>
<!--FF808181312DEEAE01312DFAFE910022-->  <ISOUTFIELD><![CDATA[N]]></ISOUTFIELD>
<!--FF808181312DEEAE01312DFAFE910022-->  <SHOWINPICKLIST><![CDATA[N]]></SHOWINPICKLIST>
<!--FF808181312DEEAE01312DFAFE910022--></OBUISEL_SELECTOR_FIELD>

<!--FF808181312DEEAE01312DFC9E08002D--><OBUISEL_SELECTOR_FIELD>
<!--FF808181312DEEAE01312DFC9E08002D-->  <OBUISEL_SELECTOR_FIELD_ID><![CDATA[FF808181312DEEAE01312DFC9E08002D]]></OBUISEL_SELECTOR_FIELD_ID>
<!--FF808181312DEEAE01312DFC9E08002D-->  <OBUISEL_SELECTOR_ID><![CDATA[FF808181312DA8D801312DDE869B000C]]></OBUISEL_SELECTOR_ID>
<!--FF808181312DEEAE01312DFC9E08002D-->  <AD_CLIENT_ID><![CDATA[0]]></AD_CLIENT_ID>
<!--FF808181312DEEAE01312DFC9E08002D-->  <AD_ORG_ID><![CDATA[0]]></AD_ORG_ID>
<!--FF808181312DEEAE01312DFC9E08002D-->  <AD_MODULE_ID><![CDATA[A918E3331C404B889D69AA9BFAFB23AC]]></AD_MODULE_ID>
<!--FF808181312DEEAE01312DFC9E08002D-->  <AD_COLUMN_ID><![CDATA[2011]]></AD_COLUMN_ID>
<!--FF808181312DEEAE01312DFC9E08002D-->  <NAME><![CDATA[Search Key]]></NAME>
<!--FF808181312DEEAE01312DFC9E08002D-->  <DESCRIPTION><![CDATA[A fast method for finding a particular record.]]></DESCRIPTION>
<!--FF808181312DEEAE01312DFC9E08002D-->  <HELP><![CDATA[A search key allows for a fast method of finding a particular record. If you leave the search key empty, the system automatically creates a numeric number originating from a document sequence defined in the  "Document Sequence" window. The sequence naming convention follows a rule "DocumentNo_TableName", where TableName is the actual name of the database table (e.g. C_Order).

Usually, company's internal identifiers for various records (products, customers, etc) are stored here.]]></HELP>
<!--FF808181312DEEAE01312DFC9E08002D-->  <PROPERTY><![CDATA[searchKey]]></PROPERTY>
<!--FF808181312DEEAE01312DFC9E08002D-->  <ISCENTRALLYMAINTAINED><![CDATA[Y]]></ISCENTRALLYMAINTAINED>
<!--FF808181312DEEAE01312DFC9E08002D-->  <SORT><![CDATA[Y]]></SORT>
<!--FF808181312DEEAE01312DFC9E08002D-->  <FILTER><![CDATA[Y]]></FILTER>
<!--FF808181312DEEAE01312DFC9E08002D-->  <SEARCHINSUGGESTIONBOX><![CDATA[N]]></SEARCHINSUGGESTIONBOX>
<!--FF808181312DEEAE01312DFC9E08002D-->  <SHOWINGRID><![CDATA[Y]]></SHOWINGRID>
<!--FF808181312DEEAE01312DFC9E08002D-->  <SORTNO><![CDATA[10]]></SORTNO>
<!--FF808181312DEEAE01312DFC9E08002D-->  <ISACTIVE><![CDATA[Y]]></ISACTIVE>
<!--FF808181312DEEAE01312DFC9E08002D-->  <ISOUTFIELD><![CDATA[N]]></ISOUTFIELD>
<!--FF808181312DEEAE01312DFC9E08002D-->  <SHOWINPICKLIST><![CDATA[N]]></SHOWINPICKLIST>
<!--FF808181312DEEAE01312DFC9E08002D--></OBUISEL_SELECTOR_FIELD>

<!--FF8081813141AEB3013141D8F08B001C--><OBUISEL_SELECTOR_FIELD>
<!--FF8081813141AEB3013141D8F08B001C-->  <OBUISEL_SELECTOR_FIELD_ID><![CDATA[FF8081813141AEB3013141D8F08B001C]]></OBUISEL_SELECTOR_FIELD_ID>
<!--FF8081813141AEB3013141D8F08B001C-->  <OBUISEL_SELECTOR_ID><![CDATA[FF808181312D569C01312D8C1EC40036]]></OBUISEL_SELECTOR_ID>
<!--FF8081813141AEB3013141D8F08B001C-->  <AD_CLIENT_ID><![CDATA[0]]></AD_CLIENT_ID>
<!--FF8081813141AEB3013141D8F08B001C-->  <AD_ORG_ID><![CDATA[0]]></AD_ORG_ID>
<!--FF8081813141AEB3013141D8F08B001C-->  <AD_MODULE_ID><![CDATA[A918E3331C404B889D69AA9BFAFB23AC]]></AD_MODULE_ID>
<!--FF8081813141AEB3013141D8F08B001C-->  <AD_COLUMN_ID><![CDATA[3465]]></AD_COLUMN_ID>
<!--FF8081813141AEB3013141D8F08B001C-->  <NAME><![CDATA[Name]]></NAME>
<!--FF8081813141AEB3013141D8F08B001C-->  <DESCRIPTION><![CDATA[A non-unique identifier for a record/document often used as a search tool.]]></DESCRIPTION>
<!--FF8081813141AEB3013141D8F08B001C-->  <HELP><![CDATA[A more descriptive identifier (that does need to be unique) of a record/document that is used as a default search option along with the search key (that is unique and mostly shorter). It is up to 60 characters in length.]]></HELP>
<!--FF8081813141AEB3013141D8F08B001C-->  <PROPERTY><![CDATA[name]]></PROPERTY>
<!--FF8081813141AEB3013141D8F08B001C-->  <ISCENTRALLYMAINTAINED><![CDATA[Y]]></ISCENTRALLYMAINTAINED>
<!--FF8081813141AEB3013141D8F08B001C-->  <SORT><![CDATA[Y]]></SORT>
<!--FF8081813141AEB3013141D8F08B001C-->  <FILTER><![CDATA[Y]]></FILTER>
<!--FF8081813141AEB3013141D8F08B001C-->  <SEARCHINSUGGESTIONBOX><![CDATA[Y]]></SEARCHINSUGGESTIONBOX>
<!--FF8081813141AEB3013141D8F08B001C-->  <SHOWINGRID><![CDATA[Y]]></SHOWINGRID>
<!--FF8081813141AEB3013141D8F08B001C-->  <SORTNO><![CDATA[20]]></SORTNO>
<!--FF8081813141AEB3013141D8F08B001C-->  <ISACTIVE><![CDATA[Y]]></ISACTIVE>
<!--FF8081813141AEB3013141D8F08B001C-->  <ISOUTFIELD><![CDATA[N]]></ISOUTFIELD>
<!--FF8081813141AEB3013141D8F08B001C-->  <SHOWINPICKLIST><![CDATA[N]]></SHOWINPICKLIST>
<!--FF8081813141AEB3013141D8F08B001C--></OBUISEL_SELECTOR_FIELD>

<!--FF8081813141AEB3013141D970060020--><OBUISEL_SELECTOR_FIELD>
<!--FF8081813141AEB3013141D970060020-->  <OBUISEL_SELECTOR_FIELD_ID><![CDATA[FF8081813141AEB3013141D970060020]]></OBUISEL_SELECTOR_FIELD_ID>
<!--FF8081813141AEB3013141D970060020-->  <OBUISEL_SELECTOR_ID><![CDATA[FF808181312D569C01312D8C1EC40036]]></OBUISEL_SELECTOR_ID>
<!--FF8081813141AEB3013141D970060020-->  <AD_CLIENT_ID><![CDATA[0]]></AD_CLIENT_ID>
<!--FF8081813141AEB3013141D970060020-->  <AD_ORG_ID><![CDATA[0]]></AD_ORG_ID>
<!--FF8081813141AEB3013141D970060020-->  <AD_MODULE_ID><![CDATA[A918E3331C404B889D69AA9BFAFB23AC]]></AD_MODULE_ID>
<!--FF8081813141AEB3013141D970060020-->  <AD_COLUMN_ID><![CDATA[5345]]></AD_COLUMN_ID>
<!--FF8081813141AEB3013141D970060020-->  <NAME><![CDATA[Search Key]]></NAME>
<!--FF8081813141AEB3013141D970060020-->  <DESCRIPTION><![CDATA[A fast method for finding a particular record.]]></DESCRIPTION>
<!--FF8081813141AEB3013141D970060020-->  <HELP><![CDATA[A search key allows for a fast method of finding a particular record. If you leave the search key empty, the system automatically creates a numeric number originating from a document sequence defined in the  "Document Sequence" window. The sequence naming convention follows a rule "DocumentNo_TableName", where TableName is the actual name of the database table (e.g. C_Order).

Usually, company's internal identifiers for various records (products, customers, etc) are stored here.]]></HELP>
<!--FF8081813141AEB3013141D970060020-->  <PROPERTY><![CDATA[searchKey]]></PROPERTY>
<!--FF8081813141AEB3013141D970060020-->  <ISCENTRALLYMAINTAINED><![CDATA[Y]]></ISCENTRALLYMAINTAINED>
<!--FF8081813141AEB3013141D970060020-->  <SORT><![CDATA[Y]]></SORT>
<!--FF8081813141AEB3013141D970060020-->  <FILTER><![CDATA[Y]]></FILTER>
<!--FF8081813141AEB3013141D970060020-->  <SEARCHINSUGGESTIONBOX><![CDATA[N]]></SEARCHINSUGGESTIONBOX>
<!--FF8081813141AEB3013141D970060020-->  <SHOWINGRID><![CDATA[Y]]></SHOWINGRID>
<!--FF8081813141AEB3013141D970060020-->  <SORTNO><![CDATA[10]]></SORTNO>
<!--FF8081813141AEB3013141D970060020-->  <ISACTIVE><![CDATA[Y]]></ISACTIVE>
<!--FF8081813141AEB3013141D970060020-->  <ISOUTFIELD><![CDATA[N]]></ISOUTFIELD>
<!--FF8081813141AEB3013141D970060020-->  <SHOWINPICKLIST><![CDATA[N]]></SHOWINPICKLIST>
<!--FF8081813141AEB3013141D970060020--></OBUISEL_SELECTOR_FIELD>

<!--FF8081813141AEB3013141DA5178002B--><OBUISEL_SELECTOR_FIELD>
<!--FF8081813141AEB3013141DA5178002B-->  <OBUISEL_SELECTOR_FIELD_ID><![CDATA[FF8081813141AEB3013141DA5178002B]]></OBUISEL_SELECTOR_FIELD_ID>
<!--FF8081813141AEB3013141DA5178002B-->  <OBUISEL_SELECTOR_ID><![CDATA[FF808181312D569C01312D8DCCD50045]]></OBUISEL_SELECTOR_ID>
<!--FF8081813141AEB3013141DA5178002B-->  <AD_CLIENT_ID><![CDATA[0]]></AD_CLIENT_ID>
<!--FF8081813141AEB3013141DA5178002B-->  <AD_ORG_ID><![CDATA[0]]></AD_ORG_ID>
<!--FF8081813141AEB3013141DA5178002B-->  <AD_MODULE_ID><![CDATA[A918E3331C404B889D69AA9BFAFB23AC]]></AD_MODULE_ID>
<!--FF8081813141AEB3013141DA5178002B-->  <AD_COLUMN_ID><![CDATA[2693]]></AD_COLUMN_ID>
<!--FF8081813141AEB3013141DA5178002B-->  <NAME><![CDATA[Search Key]]></NAME>
<!--FF8081813141AEB3013141DA5178002B-->  <DESCRIPTION><![CDATA[A fast method for finding a particular record.]]></DESCRIPTION>
<!--FF8081813141AEB3013141DA5178002B-->  <HELP><![CDATA[A search key allows for a fast method of finding a particular record. If you leave the search key empty, the system automatically creates a numeric number originating from a document sequence defined in the  "Document Sequence" window. The sequence naming convention follows a rule "DocumentNo_TableName", where TableName is the actual name of the database table (e.g. C_Order).

Usually, company's internal identifiers for various records (products, customers, etc) are stored here.]]></HELP>
<!--FF8081813141AEB3013141DA5178002B-->  <PROPERTY><![CDATA[searchKey]]></PROPERTY>
<!--FF8081813141AEB3013141DA5178002B-->  <ISCENTRALLYMAINTAINED><![CDATA[Y]]></ISCENTRALLYMAINTAINED>
<!--FF8081813141AEB3013141DA5178002B-->  <SORT><![CDATA[Y]]></SORT>
<!--FF8081813141AEB3013141DA5178002B-->  <FILTER><![CDATA[Y]]></FILTER>
<!--FF8081813141AEB3013141DA5178002B-->  <SEARCHINSUGGESTIONBOX><![CDATA[N]]></SEARCHINSUGGESTIONBOX>
<!--FF8081813141AEB3013141DA5178002B-->  <SHOWINGRID><![CDATA[Y]]></SHOWINGRID>
<!--FF8081813141AEB3013141DA5178002B-->  <SORTNO><![CDATA[10]]></SORTNO>
<!--FF8081813141AEB3013141DA5178002B-->  <ISACTIVE><![CDATA[Y]]></ISACTIVE>
<!--FF8081813141AEB3013141DA5178002B-->  <ISOUTFIELD><![CDATA[N]]></ISOUTFIELD>
<!--FF8081813141AEB3013141DA5178002B-->  <SHOWINPICKLIST><![CDATA[N]]></SHOWINPICKLIST>
<!--FF8081813141AEB3013141DA5178002B--></OBUISEL_SELECTOR_FIELD>

<!--FF8081813141AEB3013141DA9043002F--><OBUISEL_SELECTOR_FIELD>
<!--FF8081813141AEB3013141DA9043002F-->  <OBUISEL_SELECTOR_FIELD_ID><![CDATA[FF8081813141AEB3013141DA9043002F]]></OBUISEL_SELECTOR_FIELD_ID>
<!--FF8081813141AEB3013141DA9043002F-->  <OBUISEL_SELECTOR_ID><![CDATA[FF808181312D569C01312D8DCCD50045]]></OBUISEL_SELECTOR_ID>
<!--FF8081813141AEB3013141DA9043002F-->  <AD_CLIENT_ID><![CDATA[0]]></AD_CLIENT_ID>
<!--FF8081813141AEB3013141DA9043002F-->  <AD_ORG_ID><![CDATA[0]]></AD_ORG_ID>
<!--FF8081813141AEB3013141DA9043002F-->  <AD_MODULE_ID><![CDATA[A918E3331C404B889D69AA9BFAFB23AC]]></AD_MODULE_ID>
<!--FF8081813141AEB3013141DA9043002F-->  <AD_COLUMN_ID><![CDATA[2578]]></AD_COLUMN_ID>
<!--FF8081813141AEB3013141DA9043002F-->  <NAME><![CDATA[Name]]></NAME>
<!--FF8081813141AEB3013141DA9043002F-->  <DESCRIPTION><![CDATA[A non-unique identifier for a record/document often used as a search tool.]]></DESCRIPTION>
<!--FF8081813141AEB3013141DA9043002F-->  <HELP><![CDATA[A more descriptive identifier (that does need to be unique) of a record/document that is used as a default search option along with the search key (that is unique and mostly shorter). It is up to 60 characters in length.]]></HELP>
<!--FF8081813141AEB3013141DA9043002F-->  <PROPERTY><![CDATA[name]]></PROPERTY>
<!--FF8081813141AEB3013141DA9043002F-->  <ISCENTRALLYMAINTAINED><![CDATA[Y]]></ISCENTRALLYMAINTAINED>
<!--FF8081813141AEB3013141DA9043002F-->  <SORT><![CDATA[Y]]></SORT>
<!--FF8081813141AEB3013141DA9043002F-->  <FILTER><![CDATA[Y]]></FILTER>
<!--FF8081813141AEB3013141DA9043002F-->  <SEARCHINSUGGESTIONBOX><![CDATA[Y]]></SEARCHINSUGGESTIONBOX>
<!--FF8081813141AEB3013141DA9043002F-->  <SHOWINGRID><![CDATA[Y]]></SHOWINGRID>
<!--FF8081813141AEB3013141DA9043002F-->  <SORTNO><![CDATA[20]]></SORTNO>
<!--FF8081813141AEB3013141DA9043002F-->  <ISACTIVE><![CDATA[Y]]></ISACTIVE>
<!--FF8081813141AEB3013141DA9043002F-->  <ISOUTFIELD><![CDATA[N]]></ISOUTFIELD>
<!--FF8081813141AEB3013141DA9043002F-->  <SHOWINPICKLIST><![CDATA[N]]></SHOWINPICKLIST>
<!--FF8081813141AEB3013141DA9043002F--></OBUISEL_SELECTOR_FIELD>

<!--FF8081813141AEB3013141DC5D8E0043--><OBUISEL_SELECTOR_FIELD>
<!--FF8081813141AEB3013141DC5D8E0043-->  <OBUISEL_SELECTOR_FIELD_ID><![CDATA[FF8081813141AEB3013141DC5D8E0043]]></OBUISEL_SELECTOR_FIELD_ID>
<!--FF8081813141AEB3013141DC5D8E0043-->  <OBUISEL_SELECTOR_ID><![CDATA[FF808181312D569C01312D90408D005D]]></OBUISEL_SELECTOR_ID>
<!--FF8081813141AEB3013141DC5D8E0043-->  <AD_CLIENT_ID><![CDATA[0]]></AD_CLIENT_ID>
<!--FF8081813141AEB3013141DC5D8E0043-->  <AD_ORG_ID><![CDATA[0]]></AD_ORG_ID>
<!--FF8081813141AEB3013141DC5D8E0043-->  <AD_MODULE_ID><![CDATA[A918E3331C404B889D69AA9BFAFB23AC]]></AD_MODULE_ID>
<!--FF8081813141AEB3013141DC5D8E0043-->  <AD_COLUMN_ID><![CDATA[2010]]></AD_COLUMN_ID>
<!--FF8081813141AEB3013141DC5D8E0043-->  <NAME><![CDATA[Search Key]]></NAME>
<!--FF8081813141AEB3013141DC5D8E0043-->  <DESCRIPTION><![CDATA[A fast method for finding a particular record.]]></DESCRIPTION>
<!--FF8081813141AEB3013141DC5D8E0043-->  <HELP><![CDATA[A search key allows for a fast method of finding a particular record. If you leave the search key empty, the system automatically creates a numeric number originating from a document sequence defined in the  "Document Sequence" window. The sequence naming convention follows a rule "DocumentNo_TableName", where TableName is the actual name of the database table (e.g. C_Order).

Usually, company's internal identifiers for various records (products, customers, etc) are stored here.]]></HELP>
<!--FF8081813141AEB3013141DC5D8E0043-->  <PROPERTY><![CDATA[searchKey]]></PROPERTY>
<!--FF8081813141AEB3013141DC5D8E0043-->  <ISCENTRALLYMAINTAINED><![CDATA[Y]]></ISCENTRALLYMAINTAINED>
<!--FF8081813141AEB3013141DC5D8E0043-->  <SORT><![CDATA[Y]]></SORT>
<!--FF8081813141AEB3013141DC5D8E0043-->  <FILTER><![CDATA[Y]]></FILTER>
<!--FF8081813141AEB3013141DC5D8E0043-->  <SEARCHINSUGGESTIONBOX><![CDATA[N]]></SEARCHINSUGGESTIONBOX>
<!--FF8081813141AEB3013141DC5D8E0043-->  <SHOWINGRID><![CDATA[Y]]></SHOWINGRID>
<!--FF8081813141AEB3013141DC5D8E0043-->  <SORTNO><![CDATA[10]]></SORTNO>
<!--FF8081813141AEB3013141DC5D8E0043-->  <ISACTIVE><![CDATA[Y]]></ISACTIVE>
<!--FF8081813141AEB3013141DC5D8E0043-->  <ISOUTFIELD><![CDATA[N]]></ISOUTFIELD>
<!--FF8081813141AEB3013141DC5D8E0043-->  <SHOWINPICKLIST><![CDATA[N]]></SHOWINPICKLIST>
<!--FF8081813141AEB3013141DC5D8E0043--></OBUISEL_SELECTOR_FIELD>

<!--FF8081813141AEB3013141DC997B0047--><OBUISEL_SELECTOR_FIELD>
<!--FF8081813141AEB3013141DC997B0047-->  <OBUISEL_SELECTOR_FIELD_ID><![CDATA[FF8081813141AEB3013141DC997B0047]]></OBUISEL_SELECTOR_FIELD_ID>
<!--FF8081813141AEB3013141DC997B0047-->  <OBUISEL_SELECTOR_ID><![CDATA[FF808181312D569C01312D90408D005D]]></OBUISEL_SELECTOR_ID>
<!--FF8081813141AEB3013141DC997B0047-->  <AD_CLIENT_ID><![CDATA[0]]></AD_CLIENT_ID>
<!--FF8081813141AEB3013141DC997B0047-->  <AD_ORG_ID><![CDATA[0]]></AD_ORG_ID>
<!--FF8081813141AEB3013141DC997B0047-->  <AD_MODULE_ID><![CDATA[A918E3331C404B889D69AA9BFAFB23AC]]></AD_MODULE_ID>
<!--FF8081813141AEB3013141DC997B0047-->  <AD_COLUMN_ID><![CDATA[1356]]></AD_COLUMN_ID>
<!--FF8081813141AEB3013141DC997B0047-->  <NAME><![CDATA[Name]]></NAME>
<!--FF8081813141AEB3013141DC997B0047-->  <DESCRIPTION><![CDATA[A non-unique identifier for a record/document often used as a search tool.]]></DESCRIPTION>
<!--FF8081813141AEB3013141DC997B0047-->  <HELP><![CDATA[A more descriptive identifier (that does need to be unique) of a record/document that is used as a default search option along with the search key (that is unique and mostly shorter). It is up to 60 characters in length.]]></HELP>
<!--FF8081813141AEB3013141DC997B0047-->  <PROPERTY><![CDATA[name]]></PROPERTY>
<!--FF8081813141AEB3013141DC997B0047-->  <ISCENTRALLYMAINTAINED><![CDATA[Y]]></ISCENTRALLYMAINTAINED>
<!--FF8081813141AEB3013141DC997B0047-->  <SORT><![CDATA[Y]]></SORT>
<!--FF8081813141AEB3013141DC997B0047-->  <FILTER><![CDATA[Y]]></FILTER>
<!--FF8081813141AEB3013141DC997B0047-->  <SEARCHINSUGGESTIONBOX><![CDATA[Y]]></SEARCHINSUGGESTIONBOX>
<!--FF8081813141AEB3013141DC997B0047-->  <SHOWINGRID><![CDATA[Y]]></SHOWINGRID>
<!--FF8081813141AEB3013141DC997B0047-->  <SORTNO><![CDATA[20]]></SORTNO>
<!--FF8081813141AEB3013141DC997B0047-->  <ISACTIVE><![CDATA[Y]]></ISACTIVE>
<!--FF8081813141AEB3013141DC997B0047-->  <ISOUTFIELD><![CDATA[N]]></ISOUTFIELD>
<!--FF8081813141AEB3013141DC997B0047-->  <SHOWINPICKLIST><![CDATA[N]]></SHOWINPICKLIST>
<!--FF8081813141AEB3013141DC997B0047--></OBUISEL_SELECTOR_FIELD>

<!--FF8081813141AEB3013141DCFC09004D--><OBUISEL_SELECTOR_FIELD>
<!--FF8081813141AEB3013141DCFC09004D-->  <OBUISEL_SELECTOR_FIELD_ID><![CDATA[FF8081813141AEB3013141DCFC09004D]]></OBUISEL_SELECTOR_FIELD_ID>
<!--FF8081813141AEB3013141DCFC09004D-->  <OBUISEL_SELECTOR_ID><![CDATA[FF808181312D569C01312D8EE5430054]]></OBUISEL_SELECTOR_ID>
<!--FF8081813141AEB3013141DCFC09004D-->  <AD_CLIENT_ID><![CDATA[0]]></AD_CLIENT_ID>
<!--FF8081813141AEB3013141DCFC09004D-->  <AD_ORG_ID><![CDATA[0]]></AD_ORG_ID>
<!--FF8081813141AEB3013141DCFC09004D-->  <AD_MODULE_ID><![CDATA[A918E3331C404B889D69AA9BFAFB23AC]]></AD_MODULE_ID>
<!--FF8081813141AEB3013141DCFC09004D-->  <AD_COLUMN_ID><![CDATA[2023]]></AD_COLUMN_ID>
<!--FF8081813141AEB3013141DCFC09004D-->  <NAME><![CDATA[Search Key]]></NAME>
<!--FF8081813141AEB3013141DCFC09004D-->  <DESCRIPTION><![CDATA[A fast method for finding a particular record.]]></DESCRIPTION>
<!--FF8081813141AEB3013141DCFC09004D-->  <HELP><![CDATA[A search key allows for a fast method of finding a particular record. If you leave the search key empty, the system automatically creates a numeric number originating from a document sequence defined in the  "Document Sequence" window. The sequence naming convention follows a rule "DocumentNo_TableName", where TableName is the actual name of the database table (e.g. C_Order).

Usually, company's internal identifiers for various records (products, customers, etc) are stored here.]]></HELP>
<!--FF8081813141AEB3013141DCFC09004D-->  <PROPERTY><![CDATA[searchKey]]></PROPERTY>
<!--FF8081813141AEB3013141DCFC09004D-->  <ISCENTRALLYMAINTAINED><![CDATA[Y]]></ISCENTRALLYMAINTAINED>
<!--FF8081813141AEB3013141DCFC09004D-->  <SORT><![CDATA[Y]]></SORT>
<!--FF8081813141AEB3013141DCFC09004D-->  <FILTER><![CDATA[Y]]></FILTER>
<!--FF8081813141AEB3013141DCFC09004D-->  <SEARCHINSUGGESTIONBOX><![CDATA[N]]></SEARCHINSUGGESTIONBOX>
<!--FF8081813141AEB3013141DCFC09004D-->  <SHOWINGRID><![CDATA[Y]]></SHOWINGRID>
<!--FF8081813141AEB3013141DCFC09004D-->  <SORTNO><![CDATA[10]]></SORTNO>
<!--FF8081813141AEB3013141DCFC09004D-->  <ISACTIVE><![CDATA[Y]]></ISACTIVE>
<!--FF8081813141AEB3013141DCFC09004D-->  <ISOUTFIELD><![CDATA[N]]></ISOUTFIELD>
<!--FF8081813141AEB3013141DCFC09004D-->  <SHOWINPICKLIST><![CDATA[N]]></SHOWINPICKLIST>
<!--FF8081813141AEB3013141DCFC09004D--></OBUISEL_SELECTOR_FIELD>

<!--FF8081813141AEB3013141DD2D210054--><OBUISEL_SELECTOR_FIELD>
<!--FF8081813141AEB3013141DD2D210054-->  <OBUISEL_SELECTOR_FIELD_ID><![CDATA[FF8081813141AEB3013141DD2D210054]]></OBUISEL_SELECTOR_FIELD_ID>
<!--FF8081813141AEB3013141DD2D210054-->  <OBUISEL_SELECTOR_ID><![CDATA[FF808181312D569C01312D8EE5430054]]></OBUISEL_SELECTOR_ID>
<!--FF8081813141AEB3013141DD2D210054-->  <AD_CLIENT_ID><![CDATA[0]]></AD_CLIENT_ID>
<!--FF8081813141AEB3013141DD2D210054-->  <AD_ORG_ID><![CDATA[0]]></AD_ORG_ID>
<!--FF8081813141AEB3013141DD2D210054-->  <AD_MODULE_ID><![CDATA[A918E3331C404B889D69AA9BFAFB23AC]]></AD_MODULE_ID>
<!--FF8081813141AEB3013141DD2D210054-->  <AD_COLUMN_ID><![CDATA[1831]]></AD_COLUMN_ID>
<!--FF8081813141AEB3013141DD2D210054-->  <NAME><![CDATA[Name]]></NAME>
<!--FF8081813141AEB3013141DD2D210054-->  <DESCRIPTION><![CDATA[A non-unique identifier for a record/document often used as a search tool.]]></DESCRIPTION>
<!--FF8081813141AEB3013141DD2D210054-->  <HELP><![CDATA[A more descriptive identifier (that does need to be unique) of a record/document that is used as a default search option along with the search key (that is unique and mostly shorter). It is up to 60 characters in length.]]></HELP>
<!--FF8081813141AEB3013141DD2D210054-->  <PROPERTY><![CDATA[name]]></PROPERTY>
<!--FF8081813141AEB3013141DD2D210054-->  <ISCENTRALLYMAINTAINED><![CDATA[Y]]></ISCENTRALLYMAINTAINED>
<!--FF8081813141AEB3013141DD2D210054-->  <SORT><![CDATA[Y]]></SORT>
<!--FF8081813141AEB3013141DD2D210054-->  <FILTER><![CDATA[Y]]></FILTER>
<!--FF8081813141AEB3013141DD2D210054-->  <SEARCHINSUGGESTIONBOX><![CDATA[Y]]></SEARCHINSUGGESTIONBOX>
<!--FF8081813141AEB3013141DD2D210054-->  <SHOWINGRID><![CDATA[Y]]></SHOWINGRID>
<!--FF8081813141AEB3013141DD2D210054-->  <SORTNO><![CDATA[20]]></SORTNO>
<!--FF8081813141AEB3013141DD2D210054-->  <ISACTIVE><![CDATA[Y]]></ISACTIVE>
<!--FF8081813141AEB3013141DD2D210054-->  <ISOUTFIELD><![CDATA[N]]></ISOUTFIELD>
<!--FF8081813141AEB3013141DD2D210054-->  <SHOWINPICKLIST><![CDATA[N]]></SHOWINPICKLIST>
<!--FF8081813141AEB3013141DD2D210054--></OBUISEL_SELECTOR_FIELD>

</data>
