<?xml version="1.0" encoding="UTF-8"?>
<workbench progressCount="30" version="2.0">
<workbenchAdvisor/>
<window height="829" width="1296" x="8" y="78">
<fastViewData fastViewLocation="1024"/>
<perspectiveBar>
<itemSize x="160"/>
</perspectiveBar>
<coolbarLayout locked="0">
<coolItem id="group.file" itemType="typeGroupMarker"/>
<coolItem id="org.eclipse.ui.workbench.file" itemType="typeToolBarContribution" x="102" y="28"/>
<coolItem id="additions" itemType="typeGroupMarker"/>
<coolItem id="org.eclipse.debug.ui.launchActionSet" itemType="typeToolBarContribution" x="118" y="28"/>
<coolItem id="org.eclipse.jdt.ui.JavaElementCreationActionSet" itemType="typeToolBarContribution" x="102" y="28"/>
<coolItem id="org.eclipse.jst.j2ee.J2eeMainActionSet" itemType="typeToolBarContribution" x="82" y="28"/>
<coolItem id="org.eclipse.search.searchActionSet" itemType="typeToolBarContribution" x="102" y="28"/>
<coolItem id="org.eclipse.team.ui.actionSet" itemType="typeToolBarContribution" x="46" y="28"/>
<coolItem id="org.eclipse.ui.edit.text.actionSet.presentation" itemType="typeToolBarContribution" x="94" y="28"/>
<coolItem id="org.eclipse.wst.server.ui.internal.webbrowser.actionSet" itemType="typeToolBarContribution" x="38" y="28"/>
<coolItem id="org.eclipse.wst.ws.explorer.explorer" itemType="typeToolBarContribution" x="38" y="28"/>
<coolItem id="org.eclipse.wst.xml.ui.design.DesignToolBar" itemType="typeToolBarContribution" x="-1" y="-1"/>
<coolItem id="group.nav" itemType="typeGroupMarker"/>
<coolItem id="org.eclipse.ui.workbench.navigate" itemType="typeToolBarContribution" x="182" y="28"/>
<coolItem id="group.editor" itemType="typeGroupMarker"/>
<coolItem id="org.eclipse.wst.xml.ui.internal.tabletree.XMLMultiPageEditorPart" itemType="typePlaceholder" x="-1" y="-1"/>
<coolItem id="org.eclipse.ui.DefaultTextEditor" itemType="typeToolBarContribution" x="-1" y="-1"/>
<coolItem id="org.eclipse.ant.ui.internal.editor.AntEditor" itemType="typePlaceholder" x="-1" y="-1"/>
<coolItem id="org.eclipse.jdt.ui.ClassFileEditor" itemType="typePlaceholder" x="-1" y="-1"/>
<coolItem id="org.eclipse.compare.CompareEditor" itemType="typeToolBarContribution" x="94" y="28"/>
<coolItem id="org.eclipse.jdt.ui.CompilationUnitEditor" itemType="typeToolBarContribution" x="-1" y="-1"/>
<coolItem id="org.eclipse.wst.server.ui.editor" itemType="typePlaceholder" x="-1" y="-1"/>
<coolItem id="org.eclipse.jdt.ui.PropertiesFileEditor" itemType="typePlaceholder" x="-1" y="-1"/>
<coolItem id="group.help" itemType="typeGroupMarker"/>
<coolItem id="org.eclipse.ui.workbench.help" itemType="typeToolBarContribution" x="-1" y="-1"/>
</coolbarLayout>
<page aggregateWorkingSetId="Aggregate for window 1225964725028" focus="true" label="Workspace - Java EE">
<editors>
<editorArea activeWorkbook="DefaultEditorWorkbook">
<info part="DefaultEditorWorkbook">
<folder appearance="1" expanded="2">
<presentation id="org.eclipse.ui.presentations.WorkbenchPresentationFactory"/>
</folder>
</info>
</editorArea>
</editors>
<views>
<view id="org.eclipse.team.ui.GenericHistoryView" partName="History">
<viewState/>
</view>
<view id="org.eclipse.jdt.junit.ResultView" partName="JUnit">
<viewState failuresOnly="false" layout="1" orientation="2" ratio="500" scroll="false" time="true"/>
</view>
<view id="org.eclipse.team.sync.views.SynchronizeView" partName="Synchronize">
<viewState/>
</view>
<view id="org.eclipse.jdt.ui.TypeHierarchy" partName="Hierarchy"/>
<view id="org.eclipse.search.ui.views.SearchView" partName="Search">
<viewState isPinned="false">
<view IMemento.internal.id="org.eclipse.jdt.ui.JavaSearchResultPage" org.eclipse.jdt.search.resultpage.grouping="3" org.eclipse.jdt.search.resultpage.limit="1000" org.eclipse.jdt.search.resultpage.limit_enabled="TRUE" org.eclipse.jdt.search.resultpage.sorting="1" org.eclipse.search.lastActivation="1" org.eclipse.search.resultpage.layout="2"/>
<view IMemento.internal.id="" org.eclipse.search.lastActivation="0"/>
</viewState>
</view>
<view id="org.eclipse.debug.ui.DebugView" partName="Debug">
<viewState/>
</view>
<view id="org.eclipse.ui.views.TaskList" partName="Tasks">
<viewState PRIMARY_SORT_FIELD="org.eclipse.ui.ide.completionField" categoryGroup="none" markerContentGenerator="org.eclipse.ui.ide.tasksGenerator" partName="Tasks">
<columnWidths org.eclipse.ui.ide.completionField="40" org.eclipse.ui.ide.descriptionField="303" org.eclipse.ui.ide.locationField="63" org.eclipse.ui.ide.markerType="402" org.eclipse.ui.ide.pathField="123" org.eclipse.ui.ide.priorityField="19" org.eclipse.ui.ide.resourceField="93"/>
<visible IMemento.internal.id="org.eclipse.ui.ide.completionField"/>
<visible IMemento.internal.id="org.eclipse.ui.ide.priorityField"/>
<visible IMemento.internal.id="org.eclipse.ui.ide.descriptionField"/>
<visible IMemento.internal.id="org.eclipse.ui.ide.resourceField"/>
<visible IMemento.internal.id="org.eclipse.ui.ide.pathField"/>
<visible IMemento.internal.id="org.eclipse.ui.ide.locationField"/>
<visible IMemento.internal.id="org.eclipse.ui.ide.markerType"/>
</viewState>
</view>
<view id="org.eclipse.debug.ui.VariableView" partName="Variables">
<viewState/>
</view>
<view id="org.eclipse.debug.ui.BreakpointView" partName="Breakpoints">
<viewState>
<isTrackingSelection value="false"/>
</viewState>
</view>
<view id="org.eclipse.ui.views.ContentOutline" partName="Outline">
<viewState/>
</view>
<view id="org.eclipse.debug.ui.ExpressionView" partName="Expressions">
<viewState/>
</view>
<view id="org.eclipse.mylyn.tasks.ui.views.repositories" partName="Task Repositories">
<viewState/>
</view>
<view id="org.eclipse.ui.navigator.ProjectExplorer" partName="Project Explorer">
<viewState CommonNavigator.LINKING_ENABLED="0" org.eclipse.ui.navigator.resources.workingSets.showTopLevelWorkingSets="0"/>
</view>
<view id="org.eclipse.ui.views.PropertySheet" partName="Properties"/>
<view id="org.eclipse.ui.views.ProblemView" partName="Problems">
<viewState PRIMARY_SORT_FIELD="org.eclipse.ui.ide.severityAndDescriptionField" categoryGroup="org.eclipse.ui.ide.severity" markerContentGenerator="org.eclipse.ui.ide.problemsGenerator" partName="Problems">
<expanded>&#x0A;<category IMemento.internal.id="Errors"/>
</expanded>
<columnWidths org.eclipse.ui.ide.locationField="0" org.eclipse.ui.ide.markerType="0" org.eclipse.ui.ide.pathField="0" org.eclipse.ui.ide.resourceField="0" org.eclipse.ui.ide.severityAndDescriptionField="0"/>
<visible IMemento.internal.id="org.eclipse.ui.ide.severityAndDescriptionField"/>
<visible IMemento.internal.id="org.eclipse.ui.ide.resourceField"/>
<visible IMemento.internal.id="org.eclipse.ui.ide.pathField"/>
<visible IMemento.internal.id="org.eclipse.ui.ide.locationField"/>
<visible IMemento.internal.id="org.eclipse.ui.ide.markerType"/>
</viewState>
</view>
<view id="org.eclipse.jdt.ui.PackageExplorer" partName="Package Explorer">
<viewState group_libraries="1" isWindowWorkingSet="false" layout="1" linkWithEditor="0" rootMode="1" workingSetName="">
<customFilters userDefinedPatternsEnabled="false">&#x0A;<xmlDefinedFilters>&#x0A;<child filterId="org.eclipse.jdt.ui.PackageExplorer.LibraryFilter" isEnabled="false"/>
<child filterId="org.eclipse.jdt.ui.PackageExplorer.LocalTypesFilter" isEnabled="false"/>
<child filterId="org.eclipse.jdt.ui.PackageExplorer.StaticsFilter" isEnabled="false"/>
<child filterId="org.eclipse.pde.ui.ExternalPluginLibrariesFilter1" isEnabled="true"/>
<child filterId="org.eclipse.jdt.ui.PackageExplorer.ClosedProjectsFilter" isEnabled="false"/>
<child filterId="org.eclipse.jdt.ui.PackageExplorer.NonSharedProjectsFilter" isEnabled="false"/>
<child filterId="org.eclipse.jdt.ui.PackageExplorer.NonJavaElementFilter" isEnabled="false"/>
<child filterId="org.eclipse.jdt.ui.PackageExplorer.ContainedLibraryFilter" isEnabled="false"/>
<child filterId="org.eclipse.jdt.ui.PackageExplorer.CuAndClassFileFilter" isEnabled="false"/>
<child filterId="org.eclipse.jdt.ui.PackageExplorer.NonJavaProjectsFilter" isEnabled="false"/>
<child filterId="org.eclipse.jdt.internal.ui.PackageExplorer.EmptyInnerPackageFilter" isEnabled="true"/>
<child filterId="org.eclipse.jdt.ui.PackageExplorer.PackageDeclarationFilter" isEnabled="true"/>
<child filterId="org.eclipse.jdt.internal.ui.PackageExplorer.EmptyPackageFilter" isEnabled="false"/>
<child filterId="org.eclipse.jdt.ui.PackageExplorer_patternFilterId_RemoteSystemsConnections" isEnabled="true"/>
<child filterId="org.eclipse.jdt.ui.PackageExplorer.ImportDeclarationFilter" isEnabled="true"/>
<child filterId="org.eclipse.jdt.ui.PackageExplorer.FieldsFilter" isEnabled="false"/>
<child filterId="org.eclipse.jdt.internal.ui.PackageExplorer.HideInnerClassFilesFilter" isEnabled="true"/>
<child filterId="org.eclipse.jdt.ui.PackageExplorer.NonPublicFilter" isEnabled="false"/>
<child filterId="org.eclipse.jdt.ui.PackageExplorer_patternFilterId_.*" isEnabled="true"/>
<child filterId="org.eclipse.jdt.ui.PackageExplorer.EmptyLibraryContainerFilter" isEnabled="true"/>
<child filterId="org.eclipse.jdt.ui.PackageExplorer_patternFilterId_RemoteSystemsTempFiles" isEnabled="true"/>
<child filterId="org.eclipse.pde.ui.BinaryProjectFilter1" isEnabled="false"/>
<child filterId="org.eclipse.jdt.ui.PackageExplorer.SyntheticMembersFilter" isEnabled="true"/>
<child filterId="org.eclipse.mylyn.java.ui.MembersFilter" isEnabled="false"/>
</xmlDefinedFilters>
</customFilters>
</viewState>
</view>
<view id="org.eclipse.ui.console.ConsoleView" partName="Console">
<viewState/>
</view>
<view id="org.eclipse.wst.server.ui.ServersView" partName="Servers">
<viewState columnWidth0="200" columnWidth1="200" columnWidth2="771"/>
</view>
</views>
<perspectives activePart="org.eclipse.ui.navigator.ProjectExplorer" activePerspective="org.eclipse.jst.j2ee.J2EEPerspective">
<perspective editorAreaTrimState="2" editorAreaVisible="1" fixed="0" version="0.016">
<descriptor class="org.eclipse.jst.j2ee.internal.perspective.J2EEPerspective" id="org.eclipse.jst.j2ee.J2EEPerspective" label="Java EE"/>
<alwaysOnActionSet id="org.eclipse.ui.cheatsheets.actionSet"/>
<alwaysOnActionSet id="org.eclipse.search.searchActionSet"/>
<alwaysOnActionSet id="org.eclipse.ui.edit.text.actionSet.annotationNavigation"/>
<alwaysOnActionSet id="org.eclipse.ui.edit.text.actionSet.navigation"/>
<alwaysOnActionSet id="org.eclipse.ui.edit.text.actionSet.convertLineDelimitersTo"/>
<alwaysOnActionSet id="org.eclipse.ui.externaltools.ExternalToolsSet"/>
<alwaysOnActionSet id="org.eclipse.ui.actionSet.keyBindings"/>
<alwaysOnActionSet id="org.eclipse.ui.actionSet.openFiles"/>
<alwaysOnActionSet id="org.eclipse.jst.servlet.ui.internal.actions.ConvertToWebModuleTypeActionSet"/>
<alwaysOnActionSet id="org.eclipse.mylyn.context.ui.actionSet"/>
<alwaysOnActionSet id="org.eclipse.mylyn.doc.actionSet"/>
<alwaysOnActionSet id="org.eclipse.mylyn.tasks.ui.navigation"/>
<alwaysOnActionSet id="org.eclipse.rse.core.search.searchActionSet"/>
<alwaysOnActionSet id="org.openarchitectureware.xpand2.refactoring.CodingActionSet"/>
<alwaysOnActionSet id="org.eclipse.jst.j2ee.J2eeMainActionSet"/>
<alwaysOnActionSet id="org.eclipse.jdt.ui.JavaActionSet"/>
<alwaysOnActionSet id="org.eclipse.debug.ui.launchActionSet"/>
<alwaysOnActionSet id="org.eclipse.ui.NavigateActionSet"/>
<alwaysOnActionSet id="org.eclipse.wst.server.ui.internal.webbrowser.actionSet"/>
<alwaysOnActionSet id="org.eclipse.wst.ws.explorer.explorer"/>
<alwaysOnActionSet id="org.eclipse.debug.ui.debugActionSet"/>
<show_view_action id="org.eclipse.ui.navigator.ProjectExplorer"/>
<show_view_action id="org.eclipse.wst.server.ui.ServersView"/>
<show_view_action id="org.eclipse.datatools.connectivity.DataSourceExplorerNavigator"/>
<show_view_action id="org.eclipse.ui.views.BookmarkView"/>
<show_view_action id="org.eclipse.ui.views.ContentOutline"/>
<show_view_action id="org.eclipse.ui.views.ProblemView"/>
<show_view_action id="org.eclipse.ui.views.PropertySheet"/>
<show_view_action id="org.eclipse.ui.views.ResourceNavigator"/>
<show_view_action id="org.eclipse.ui.views.TaskList"/>
<show_view_action id="org.eclipse.wst.common.snippets.internal.ui.SnippetsView"/>
<show_view_action id="org.eclipse.search.ui.views.SearchView"/>
<show_view_action id="org.eclipse.ui.console.ConsoleView"/>
<new_wizard_action id="org.eclipse.jst.j2ee.ui.project.facet.EarProjectWizard"/>
<new_wizard_action id="org.eclipse.jst.servlet.ui.project.facet.WebProjectWizard"/>
<new_wizard_action id="org.eclipse.jst.ejb.ui.project.facet.EjbProjectWizard"/>
<new_wizard_action id="org.eclipse.jst.j2ee.jca.ui.internal.wizard.ConnectorProjectWizard"/>
<new_wizard_action id="org.eclipse.jst.j2ee.ui.project.facet.appclient.AppClientProjectWizard"/>
<new_wizard_action id="org.eclipse.wst.web.ui.internal.wizards.SimpleWebProjectWizard"/>
<new_wizard_action id="org.eclipse.ui.wizards.new.folder"/>
<new_wizard_action id="org.eclipse.ui.wizards.new.file"/>
<perspective_action id="org.eclipse.debug.ui.DebugPerspective"/>
<perspective_action id="org.eclipse.jdt.ui.JavaPerspective"/>
<perspective_action id="org.eclipse.ui.resourcePerspective"/>
<perspective_action id="org.eclipse.wst.web.ui.webDevPerspective"/>
<view id="org.eclipse.ui.navigator.ProjectExplorer"/>
<view id="org.eclipse.jdt.junit.ResultView"/>
<view id="org.eclipse.ui.views.ProblemView"/>
<view id="org.eclipse.ui.views.PropertySheet"/>
<view id="org.eclipse.wst.server.ui.ServersView"/>
<view id="org.eclipse.ui.console.ConsoleView"/>
<view id="org.eclipse.search.ui.views.SearchView"/>
<view id="org.eclipse.debug.ui.DebugView"/>
<view id="org.eclipse.debug.ui.VariableView"/>
<view id="org.eclipse.debug.ui.BreakpointView"/>
<view id="org.eclipse.ui.views.ContentOutline"/>
<fastViewBars/>
<layout>
<mainWindow>
<info folder="true" part="topLeft">
<folder activePageID="org.eclipse.ui.navigator.ProjectExplorer" appearance="2" expanded="2">
<page content="org.eclipse.ui.navigator.ProjectExplorer" label="Project Explorer"/>
<page content="org.eclipse.jdt.junit.ResultView" label="JUnit"/>
<page content="org.eclipse.ui.views.ResourceNavigator" label="LabelNotFound"/>
<page content="org.eclipse.jdt.ui.TypeHierarchy" label="LabelNotFound"/>
<page content="org.eclipse.jdt.ui.PackagesView" label="LabelNotFound"/>
<presentation id="org.eclipse.ui.presentations.WorkbenchPresentationFactory">
<part id="0"/>
<part id="1"/>
</presentation>
</folder>
</info>
<info folder="true" part="stickyFolderRight" ratio="0.7495049" ratioLeft="757" ratioRight="253" relationship="2" relative="topLeft">
<folder appearance="2" expanded="2">
<page content="org.eclipse.help.ui.HelpView" label="LabelNotFound"/>
<page content="org.eclipse.ui.internal.introview" label="LabelNotFound"/>
<page content="org.eclipse.ui.cheatsheets.views.CheatSheetView" label="LabelNotFound"/>
</folder>
</info>
<info part="org.eclipse.ui.editorss" ratio="0.27522936" ratioLeft="300" ratioRight="790" relationship="2" relative="topLeft"/>
<info folder="true" part="bottomRight" ratio="0.5389408" ratioLeft="346" ratioRight="296" relationship="4" relative="org.eclipse.ui.editorss">
<folder activePageID="org.eclipse.wst.server.ui.ServersView" appearance="2" expanded="2">
<page content="org.eclipse.ui.views.ProblemView" label="Problems"/>
<page content="org.eclipse.ui.views.PropertySheet" label="Properties"/>
<page content="org.eclipse.wst.server.ui.ServersView" label="Servers"/>
<page content="org.eclipse.ui.console.ConsoleView" label="Console"/>
<page content="org.eclipse.search.ui.views.SearchView" label="Search"/>
<page content="org.eclipse.debug.ui.DebugView" label="Debug"/>
<page content="org.eclipse.debug.ui.VariableView" label="Variables"/>
<page content="org.eclipse.debug.ui.BreakpointView" label="Breakpoints"/>
<page content="org.eclipse.ui.views.TaskList" label="LabelNotFound"/>
<page content="org.eclipse.datatools.connectivity.DataSourceExplorerNavigator" label="LabelNotFound"/>
<page content="org.eclipse.wst.common.snippets.internal.ui.SnippetsView" label="LabelNotFound"/>
<page content="org.eclipse.ui.views.BookmarkView" label="LabelNotFound"/>
<page content="org.eclipse.ui.views.ProgressView" label="LabelNotFound"/>
<presentation id="org.eclipse.ui.presentations.WorkbenchPresentationFactory">
<part id="0"/>
<part id="1"/>
<part id="2"/>
<part id="3"/>
<part id="4"/>
<part id="5"/>
<part id="6"/>
<part id="7"/>
</presentation>
</folder>
</info>
<info folder="true" part="topRight" ratio="0.79280823" ratioLeft="926" ratioRight="242" relationship="2" relative="org.eclipse.ui.editorss">
<folder activePageID="org.eclipse.ui.views.ContentOutline" appearance="2" expanded="2">
<page content="org.eclipse.ui.views.ContentOutline" label="Outline"/>
<presentation id="org.eclipse.ui.presentations.WorkbenchPresentationFactory">
<part id="0"/>
</presentation>
</folder>
</info>
</mainWindow>
</layout>
</perspective>
<perspective editorAreaTrimState="2" editorAreaVisible="1" fixed="0" version="0.016">
<descriptor class="org.eclipse.team.internal.ui.synchronize.TeamSynchronizingPerspective" id="org.eclipse.team.ui.TeamSynchronizingPerspective" label="Team Synchronizing"/>
<alwaysOnActionSet id="org.eclipse.ui.cheatsheets.actionSet"/>
<alwaysOnActionSet id="org.eclipse.search.searchActionSet"/>
<alwaysOnActionSet id="org.eclipse.ui.edit.text.actionSet.annotationNavigation"/>
<alwaysOnActionSet id="org.eclipse.ui.edit.text.actionSet.navigation"/>
<alwaysOnActionSet id="org.eclipse.ui.edit.text.actionSet.convertLineDelimitersTo"/>
<alwaysOnActionSet id="org.eclipse.ui.externaltools.ExternalToolsSet"/>
<alwaysOnActionSet id="org.eclipse.ui.actionSet.keyBindings"/>
<alwaysOnActionSet id="org.eclipse.ui.actionSet.openFiles"/>
<alwaysOnActionSet id="org.eclipse.jst.servlet.ui.internal.actions.ConvertToWebModuleTypeActionSet"/>
<alwaysOnActionSet id="org.eclipse.mylyn.context.ui.actionSet"/>
<alwaysOnActionSet id="org.eclipse.mylyn.doc.actionSet"/>
<alwaysOnActionSet id="org.eclipse.mylyn.tasks.ui.navigation"/>
<alwaysOnActionSet id="org.eclipse.rse.core.search.searchActionSet"/>
<alwaysOnActionSet id="org.openarchitectureware.xpand2.refactoring.CodingActionSet"/>
<alwaysOnActionSet id="org.eclipse.team.ui.actionSet"/>
<show_view_action id="org.eclipse.team.sync.views.SynchronizeView"/>
<show_view_action id="org.eclipse.ui.navigator.ProjectExplorer"/>
<show_view_action id="org.eclipse.ui.views.ContentOutline"/>
<show_view_action id="org.eclipse.ui.views.TaskList"/>
<show_view_action id="org.eclipse.ui.views.ProblemView"/>
<show_view_action id="org.eclipse.mylyn.tasks.ui.views.repositories"/>
<new_wizard_action id="org.eclipse.ui.wizards.new.project"/>
<new_wizard_action id="org.eclipse.ui.wizards.new.folder"/>
<new_wizard_action id="org.eclipse.ui.wizards.new.file"/>
<perspective_action id="org.eclipse.ui.resourcePerspective"/>
<perspective_action id="org.eclipse.team.cvs.ui.cvsPerspective"/>
<perspective_action id="org.tigris.subversion.subclipse.ui.svnPerspective"/>
<view id="org.eclipse.team.sync.views.SynchronizeView"/>
<view id="org.eclipse.team.ui.GenericHistoryView"/>
<view id="org.eclipse.ui.views.TaskList"/>
<view id="org.eclipse.ui.views.ProblemView"/>
<view id="org.eclipse.mylyn.tasks.ui.views.repositories"/>
<fastViewBars/>
<layout>&#x0A;<mainWindow>&#x0A;<info folder="true" part="top">&#x0A;<folder activePageID="org.eclipse.team.sync.views.SynchronizeView" appearance="2" expanded="2">&#x0A;<page content="org.eclipse.team.sync.views.SynchronizeView" label="Synchronize"/>
<page content="org.eclipse.team.ccvs.ui.RepositoriesView" label="LabelNotFound"/>
<page content="org.tigris.subversion.subclipse.ui.repository.RepositoriesView" label="LabelNotFound"/>
<presentation id="org.eclipse.ui.presentations.WorkbenchPresentationFactory">&#x0A;<part id="0"/>
</presentation>
</folder>
</info>
<info folder="true" part="stickyFolderRight" ratio="0.7495049" ratioLeft="757" ratioRight="253" relationship="2" relative="top">&#x0A;<folder appearance="2" expanded="2">&#x0A;<page content="org.eclipse.help.ui.HelpView" label="LabelNotFound"/>
<page content="org.eclipse.ui.internal.introview" label="LabelNotFound"/>
<page content="org.eclipse.ui.cheatsheets.views.CheatSheetView" label="LabelNotFound"/>
</folder>
</info>
<info part="org.eclipse.ui.editorss" ratio="0.23550212" ratioLeft="333" ratioRight="1081" relationship="2" relative="top"/>
<info folder="true" part="top2" ratio="0.8" ratioLeft="516" ratioRight="129" relationship="4" relative="org.eclipse.ui.editorss">&#x0A;<folder activePageID="org.eclipse.team.ui.GenericHistoryView" appearance="2" expanded="2">&#x0A;<page content="org.eclipse.team.ui.GenericHistoryView" label="History"/>
<page content="org.eclipse.ui.views.TaskList" label="Tasks"/>
<page content="org.eclipse.ui.views.ProblemView" label="Problems"/>
<page content="org.tigris.subversion.subclipse.ui.history.HistoryView" label="LabelNotFound"/>
<presentation id="org.eclipse.ui.presentations.WorkbenchPresentationFactory">&#x0A;<part id="0"/>
<part id="1"/>
<part id="2"/>
</presentation>
</folder>
</info>
<info folder="true" part="org.eclipse.ui.internal.ViewStack@1fcf7b3" ratio="0.6992248" ratioLeft="451" ratioRight="194" relationship="4" relative="top">&#x0A;<folder activePageID="org.eclipse.mylyn.tasks.ui.views.repositories" appearance="2" expanded="2">&#x0A;<page content="org.eclipse.mylyn.tasks.ui.views.repositories" label="Task Repositories"/>
<presentation id="org.eclipse.ui.presentations.WorkbenchPresentationFactory">&#x0A;<part id="0"/>
</presentation>
</folder>
</info>
</mainWindow>
</layout>
</perspective>
<perspective editorAreaTrimState="2" editorAreaVisible="1" fixed="0" version="0.016">
<descriptor class="org.eclipse.jdt.internal.ui.JavaPerspectiveFactory" id="org.eclipse.jdt.ui.JavaPerspective" label="Java"/>
<alwaysOnActionSet id="org.eclipse.ui.cheatsheets.actionSet"/>
<alwaysOnActionSet id="org.eclipse.search.searchActionSet"/>
<alwaysOnActionSet id="org.eclipse.ui.edit.text.actionSet.annotationNavigation"/>
<alwaysOnActionSet id="org.eclipse.ui.edit.text.actionSet.navigation"/>
<alwaysOnActionSet id="org.eclipse.ui.edit.text.actionSet.convertLineDelimitersTo"/>
<alwaysOnActionSet id="org.eclipse.ui.externaltools.ExternalToolsSet"/>
<alwaysOnActionSet id="org.eclipse.ui.actionSet.keyBindings"/>
<alwaysOnActionSet id="org.eclipse.ui.actionSet.openFiles"/>
<alwaysOnActionSet id="org.eclipse.jst.servlet.ui.internal.actions.ConvertToWebModuleTypeActionSet"/>
<alwaysOnActionSet id="org.eclipse.mylyn.context.ui.actionSet"/>
<alwaysOnActionSet id="org.eclipse.mylyn.doc.actionSet"/>
<alwaysOnActionSet id="org.eclipse.mylyn.tasks.ui.navigation"/>
<alwaysOnActionSet id="org.eclipse.rse.core.search.searchActionSet"/>
<alwaysOnActionSet id="org.openarchitectureware.xpand2.refactoring.CodingActionSet"/>
<alwaysOnActionSet id="org.eclipse.debug.ui.launchActionSet"/>
<alwaysOnActionSet id="org.eclipse.jdt.ui.JavaActionSet"/>
<alwaysOnActionSet id="org.eclipse.jdt.ui.JavaElementCreationActionSet"/>
<alwaysOnActionSet id="org.eclipse.ui.NavigateActionSet"/>
<alwaysOnActionSet id="org.eclipse.debug.ui.breakpointActionSet"/>
<alwaysOnActionSet id="org.eclipse.jdt.debug.ui.JDTDebugActionSet"/>
<alwaysOnActionSet id="org.eclipse.jdt.junit.JUnitActionSet"/>
<alwaysOnActionSet id="org.eclipse.debug.ui.debugActionSet"/>
<show_view_action id="org.eclipse.jdt.ui.PackageExplorer"/>
<show_view_action id="org.eclipse.jdt.ui.TypeHierarchy"/>
<show_view_action id="org.eclipse.jdt.ui.SourceView"/>
<show_view_action id="org.eclipse.jdt.ui.JavadocView"/>
<show_view_action id="org.eclipse.search.ui.views.SearchView"/>
<show_view_action id="org.eclipse.ui.console.ConsoleView"/>
<show_view_action id="org.eclipse.ui.views.ContentOutline"/>
<show_view_action id="org.eclipse.ui.views.ProblemView"/>
<show_view_action id="org.eclipse.ui.views.ResourceNavigator"/>
<show_view_action id="org.eclipse.ui.views.TaskList"/>
<show_view_action id="org.eclipse.ui.views.ProgressView"/>
<show_view_action id="org.eclipse.ui.navigator.ProjectExplorer"/>
<show_view_action id="org.eclipse.ui.texteditor.TemplatesView"/>
<show_view_action id="org.eclipse.ant.ui.views.AntView"/>
<show_view_action id="org.eclipse.pde.runtime.LogView"/>
<show_view_action id="org.eclipse.mylyn.tasks.ui.views.tasks"/>
<new_wizard_action id="org.eclipse.jdt.ui.wizards.JavaProjectWizard"/>
<new_wizard_action id="org.eclipse.jdt.ui.wizards.NewPackageCreationWizard"/>
<new_wizard_action id="org.eclipse.jdt.ui.wizards.NewClassCreationWizard"/>
<new_wizard_action id="org.eclipse.jdt.ui.wizards.NewInterfaceCreationWizard"/>
<new_wizard_action id="org.eclipse.jdt.ui.wizards.NewEnumCreationWizard"/>
<new_wizard_action id="org.eclipse.jdt.ui.wizards.NewAnnotationCreationWizard"/>
<new_wizard_action id="org.eclipse.jdt.ui.wizards.NewSourceFolderCreationWizard"/>
<new_wizard_action id="org.eclipse.jdt.ui.wizards.NewSnippetFileCreationWizard"/>
<new_wizard_action id="org.eclipse.jdt.ui.wizards.NewJavaWorkingSetWizard"/>
<new_wizard_action id="org.eclipse.ui.wizards.new.folder"/>
<new_wizard_action id="org.eclipse.ui.wizards.new.file"/>
<new_wizard_action id="org.eclipse.ui.editors.wizards.UntitledTextFileWizard"/>
<new_wizard_action id="org.eclipse.jdt.junit.wizards.NewTestCaseCreationWizard"/>
<new_wizard_action id="org.eclipse.mylyn.tasks.ui.wizards.new.repository.task"/>
<perspective_action id="org.eclipse.debug.ui.DebugPerspective"/>
<perspective_action id="org.eclipse.jdt.ui.JavaBrowsingPerspective"/>
<view id="org.eclipse.jdt.ui.PackageExplorer"/>
<view id="org.eclipse.jdt.ui.TypeHierarchy"/>
<view id="org.eclipse.jdt.junit.ResultView"/>
<view id="org.eclipse.ui.views.ProblemView"/>
<view id="org.eclipse.debug.ui.BreakpointView"/>
<view id="org.eclipse.debug.ui.DebugView"/>
<view id="org.eclipse.debug.ui.ExpressionView"/>
<view id="org.eclipse.debug.ui.VariableView"/>
<view id="org.eclipse.search.ui.views.SearchView"/>
<view id="org.eclipse.wst.server.ui.ServersView"/>
<view id="org.eclipse.ui.console.ConsoleView"/>
<view id="org.eclipse.team.ui.GenericHistoryView"/>
<view id="org.eclipse.ui.views.ContentOutline"/>
<fastViewBars/>
<layout>&#x0A;<mainWindow>&#x0A;<info folder="true" part="left">&#x0A;<folder activePageID="org.eclipse.jdt.ui.PackageExplorer" appearance="2" expanded="2">&#x0A;<page content="org.eclipse.jdt.ui.PackageExplorer" label="Package Explorer"/>
<page content="org.eclipse.jdt.ui.TypeHierarchy" label="Hierarchy"/>
<page content="org.eclipse.jdt.junit.ResultView" label="JUnit"/>
<page content="org.eclipse.ui.views.ResourceNavigator" label="LabelNotFound"/>
<page content="org.eclipse.ui.navigator.ProjectExplorer" label="LabelNotFound"/>
<presentation id="org.eclipse.ui.presentations.WorkbenchPresentationFactory">&#x0A;<part id="0"/>
<part id="1"/>
<part id="2"/>
</presentation>
</folder>
</info>
<info folder="true" part="stickyFolderRight" ratio="0.7498228" ratioLeft="1058" ratioRight="353" relationship="2" relative="left">&#x0A;<folder appearance="2" expanded="2">&#x0A;<page content="org.eclipse.help.ui.HelpView" label="LabelNotFound"/>
<page content="org.eclipse.ui.internal.introview" label="LabelNotFound"/>
<page content="org.eclipse.ui.cheatsheets.views.CheatSheetView" label="LabelNotFound"/>
</folder>
</info>
<info part="org.eclipse.ui.editorss" ratio="0.25260806" ratioLeft="339" ratioRight="1003" relationship="2" relative="left"/>
<info folder="true" part="bottom" ratio="0.69924814" ratioLeft="465" ratioRight="200" relationship="4" relative="org.eclipse.ui.editorss">&#x0A;<folder activePageID="org.eclipse.debug.ui.DebugView" appearance="2" expanded="2">&#x0A;<page content="org.eclipse.ui.views.ProblemView" label="Problems"/>
<page content="org.eclipse.debug.ui.BreakpointView" label="Breakpoints"/>
<page content="org.eclipse.debug.ui.DebugView" label="Debug"/>
<page content="org.eclipse.debug.ui.ExpressionView" label="Expressions"/>
<page content="org.eclipse.debug.ui.VariableView" label="Variables"/>
<page content="org.eclipse.search.ui.views.SearchView" label="Search"/>
<page content="org.eclipse.wst.server.ui.ServersView" label="Servers"/>
<page content="org.eclipse.ui.console.ConsoleView" label="Console"/>
<page content="org.eclipse.team.ui.GenericHistoryView" label="History"/>
<page content="org.eclipse.jdt.ui.JavadocView" label="LabelNotFound"/>
<page content="org.eclipse.jdt.ui.SourceView" label="LabelNotFound"/>
<page content="org.eclipse.ui.views.BookmarkView" label="LabelNotFound"/>
<page content="org.eclipse.ui.views.ProgressView" label="LabelNotFound"/>
<page content="org.eclipse.ui.console.ConsoleView:Console View #1" label="LabelNotFound"/>
<page content="org.eclipse.ant.ui.views.AntView" label="LabelNotFound"/>
<presentation id="org.eclipse.ui.presentations.WorkbenchPresentationFactory">&#x0A;<part id="0"/>
<part id="1"/>
<part id="2"/>
<part id="3"/>
<part id="4"/>
<part id="5"/>
<part id="6"/>
<part id="7"/>
<part id="8"/>
</presentation>
</folder>
</info>
<info folder="true" part="org.eclipse.ui.internal.ViewStack@88cfc2" ratio="0.7497639" ratioLeft="794" ratioRight="265" relationship="2" relative="org.eclipse.ui.editorss">&#x0A;<folder activePageID="org.eclipse.ui.views.ContentOutline" appearance="2" expanded="2">&#x0A;<page content="org.eclipse.ui.views.ContentOutline" label="Outline"/>
<page content="org.eclipse.mylyn.tasks.ui.views.tasks" label="LabelNotFound"/>
<presentation id="org.eclipse.ui.presentations.WorkbenchPresentationFactory">&#x0A;<part id="0"/>
</presentation>
</folder>
</info>
<info folder="true" part="right" ratio="0.5" ratioLeft="286" ratioRight="286" relationship="4" relative="org.eclipse.ui.internal.ViewStack@88cfc2">&#x0A;<folder appearance="2" expanded="2">&#x0A;<page content="org.eclipse.ui.texteditor.TemplatesView" label="LabelNotFound"/>
<presentation id="org.eclipse.ui.presentations.WorkbenchPresentationFactory"/>
</folder>
</info>
</mainWindow>
</layout>
</perspective>
</perspectives>
<workingSets/>
<navigationHistory/>
<input factoryID="org.eclipse.ui.internal.model.ResourceFactory" path="/" type="8"/>
</page>
<workbenchWindowAdvisor/>
<actionBarAdvisor/>
<trimLayout>
<trimArea IMemento.internal.id="128">
<trimItem IMemento.internal.id="org.eclipse.ui.internal.WorkbenchWindow.topBar"/>
</trimArea>
<trimArea IMemento.internal.id="1024">
<trimItem IMemento.internal.id="org.eclise.ui.internal.FastViewBar"/>
<trimItem IMemento.internal.id="org.eclipse.jface.action.StatusLineManager"/>
<trimItem IMemento.internal.id="org.eclipse.ui.internal.progress.ProgressRegion"/>
</trimArea>
</trimLayout>
</window>
<mruList>
<file factoryID="org.eclipse.wst.server.ui.editor.input.factory" id="org.eclipse.wst.server.ui.editor" name="Tomcat v5.5 Server at localhost" tooltip="Tomcat v5.5 Server at localhost">
<persistable server-id="Tomcat v5.5 Server at localhost"/>
</file>
<file factoryID="org.eclipse.jdt.ui.ClassFileEditorInputFactory" id="org.eclipse.jdt.ui.ClassFileEditor" name="XMLEntityConverter.class" tooltip="org.openbravo.dal.xml.XMLEntityConverter">
<persistable org.eclipse.jdt.ui.ClassFileIdentifier="=DBSourceManagerModularity/\/openbravo\/build\/classes&lt;org.openbravo.dal.xml(XMLEntityConverter.class"/>
</file>
<file factoryID="org.eclipse.ui.part.FileEditorInputFactory" id="org.eclipse.jdt.ui.CompilationUnitEditor" name="SessionFactoryController.java" tooltip="openbravo/src/org/openbravo/base/session/SessionFactoryController.java">
<persistable path="/openbravo/src/org/openbravo/base/session/SessionFactoryController.java"/>
</file>
<file factoryID="org.eclipse.ui.part.FileEditorInputFactory" id="org.eclipse.jdt.ui.CompilationUnitEditor" name="OBDal.java" tooltip="openbravo/src/org/openbravo/dal/service/OBDal.java">
<persistable path="/openbravo/src/org/openbravo/dal/service/OBDal.java"/>
</file>
<file factoryID="org.eclipse.ui.part.FileEditorInputFactory" id="org.eclipse.jdt.ui.CompilationUnitEditor" name="AttributeData.java" tooltip="openbravo/build/javasqlc/src/org/openbravo/base/secureApp/AttributeData.java">
<persistable path="/openbravo/build/javasqlc/src/org/openbravo/base/secureApp/AttributeData.java"/>
</file>
<file factoryID="org.eclipse.ui.part.FileEditorInputFactory" id="org.eclipse.jdt.ui.CompilationUnitEditor" name="OBCriteria.java" tooltip="openbravo/src/org/openbravo/dal/service/OBCriteria.java">
<persistable path="/openbravo/src/org/openbravo/dal/service/OBCriteria.java"/>
</file>
<file factoryID="org.eclipse.ui.part.FileEditorInputFactory" id="org.eclipse.jdt.ui.CompilationUnitEditor" name="SecurityChecker.java" tooltip="openbravo/src/org/openbravo/dal/security/SecurityChecker.java">
<persistable path="/openbravo/src/org/openbravo/dal/security/SecurityChecker.java"/>
</file>
<file factoryID="org.eclipse.ui.part.FileEditorInputFactory" id="org.eclipse.jdt.ui.CompilationUnitEditor" name="OrganisationStructureProvider.java" tooltip="openbravo/src/org/openbravo/dal/security/OrganisationStructureProvider.java">
<persistable path="/openbravo/src/org/openbravo/dal/security/OrganisationStructureProvider.java"/>
</file>
<file factoryID="org.eclipse.ui.part.FileEditorInputFactory" id="org.eclipse.jdt.ui.CompilationUnitEditor" name="EntityAccessChecker.java" tooltip="openbravo/src/org/openbravo/dal/security/EntityAccessChecker.java">
<persistable path="/openbravo/src/org/openbravo/dal/security/EntityAccessChecker.java"/>
</file>
<file factoryID="org.eclipse.ui.part.FileEditorInputFactory" id="org.eclipse.jdt.ui.CompilationUnitEditor" name="AccessLevel.java" tooltip="openbravo/src/org/openbravo/base/model/AccessLevel.java">
<persistable path="/openbravo/src/org/openbravo/base/model/AccessLevel.java"/>
</file>
<file factoryID="org.eclipse.jdt.ui.ClassFileEditorInputFactory" id="org.eclipse.jdt.ui.ClassFileEditor" name="AccessLevel.class" tooltip="org.openbravo.base.model.AccessLevel">
<persistable org.eclipse.jdt.ui.ClassFileIdentifier="=DBSourceManagerModularity/\/openbravo\/build\/classes&lt;org.openbravo.base.model(AccessLevel.class"/>
</file>
<file factoryID="org.eclipse.ui.part.FileEditorInputFactory" id="org.eclipse.jdt.ui.CompilationUnitEditor" name="ImportOrder.java" tooltip="openbravo/src/org/openbravo/erpCommon/ad_process/ImportOrder.java">
<persistable path="/openbravo/src/org/openbravo/erpCommon/ad_process/ImportOrder.java"/>
</file>
<file factoryID="org.eclipse.ui.part.FileEditorInputFactory" id="org.eclipse.jdt.ui.CompilationUnitEditor" name="AccountTree.java" tooltip="openbravo/src/org/openbravo/erpCommon/businessUtility/AccountTree.java">
<persistable path="/openbravo/src/org/openbravo/erpCommon/businessUtility/AccountTree.java"/>
</file>
<file factoryID="org.eclipse.ui.part.FileEditorInputFactory" id="org.eclipse.jdt.ui.CompilationUnitEditor" name="ModelProvider.java" tooltip="openbravo/src/org/openbravo/base/model/ModelProvider.java">
<persistable path="/openbravo/src/org/openbravo/base/model/ModelProvider.java"/>
</file>
<file factoryID="org.eclipse.ui.part.FileEditorInputFactory" id="org.eclipse.jdt.ui.CompilationUnitEditor" name="Property.java" tooltip="openbravo/src/org/openbravo/base/model/Property.java">
<persistable path="/openbravo/src/org/openbravo/base/model/Property.java"/>
</file>
</mruList>
</workbench>