<?xml version="1.0"?>
  <database name="TABLE OBUIAPP_UIPERSONALIZATION">
    <table name="OBUIAPP_UIPERSONALIZATION" primaryKey="OBUIAPP_UIPERS_KEY">
      <column name="OBUIAPP_UIPERSONALIZATION_ID" primaryKey="true" required="true" type="VARCHAR" size="32" autoIncrement="false">
        <default/>
        <onCreateDefault/>
      </column>
      <column name="AD_CLIENT_ID" primaryKey="false" required="true" type="VARCHAR" size="32" autoIncrement="false">
        <default/>
        <onCreateDefault/>
      </column>
      <column name="AD_ORG_ID" primaryKey="false" required="true" type="VARCHAR" size="32" autoIncrement="false">
        <default/>
        <onCreateDefault/>
      </column>
      <column name="ISACTIVE" primaryKey="false" required="true" type="CHAR" size="1" autoIncrement="false">
        <default><![CDATA[Y]]></default>
        <onCreateDefault/>
      </column>
      <column name="CREATED" primaryKey="false" required="true" type="TIMESTAMP" size="7" autoIncrement="false">
        <default><![CDATA[SYSDATE]]></default>
        <onCreateDefault/>
      </column>
      <column name="CREATEDBY" primaryKey="false" required="true" type="VARCHAR" size="32" autoIncrement="false">
        <default/>
        <onCreateDefault/>
      </column>
      <column name="UPDATED" primaryKey="false" required="true" type="TIMESTAMP" size="7" autoIncrement="false">
        <default><![CDATA[SYSDATE]]></default>
        <onCreateDefault/>
      </column>
      <column name="UPDATEDBY" primaryKey="false" required="true" type="VARCHAR" size="32" autoIncrement="false">
        <default/>
        <onCreateDefault/>
      </column>
      <column name="TYPE" primaryKey="false" required="false" type="VARCHAR" size="60" autoIncrement="false">
        <default/>
        <onCreateDefault/>
      </column>
      <column name="DESCRIPTION" primaryKey="false" required="false" type="NVARCHAR" size="255" autoIncrement="false">
        <default/>
        <onCreateDefault/>
      </column>
      <column name="AD_TAB_ID" primaryKey="false" required="false" type="VARCHAR" size="32" autoIncrement="false">
        <default/>
        <onCreateDefault/>
      </column>
      <column name="AD_WINDOW_ID" primaryKey="false" required="false" type="VARCHAR" size="32" autoIncrement="false">
        <default/>
        <onCreateDefault/>
      </column>
      <column name="AD_USER_ID" primaryKey="false" required="false" type="VARCHAR" size="32" autoIncrement="false">
        <default/>
        <onCreateDefault/>
      </column>
      <column name="VALUE" primaryKey="false" required="false" type="CLOB" size="4000" autoIncrement="false">
        <default/>
        <onCreateDefault/>
      </column>
      <column name="VISIBLEAT_CLIENT_ID" primaryKey="false" required="false" type="VARCHAR" size="32" autoIncrement="false">
        <default/>
        <onCreateDefault><![CDATA[AD_CLIENT_ID]]></onCreateDefault>
      </column>
      <column name="VISIBLEAT_ORG_ID" primaryKey="false" required="false" type="VARCHAR" size="32" autoIncrement="false">
        <default/>
        <onCreateDefault><![CDATA[AD_ORG_ID]]></onCreateDefault>
      </column>
      <column name="VISIBLEAT_ROLE_ID" primaryKey="false" required="false" type="VARCHAR" size="32" autoIncrement="false">
        <default/>
        <onCreateDefault/>
      </column>
      <column name="AD_MODULE_ID" primaryKey="false" required="false" type="VARCHAR" size="32" autoIncrement="false">
        <default/>
        <onCreateDefault/>
      </column>
      <foreign-key foreignTable="AD_CLIENT" name="OBUIAPP_UIPERS_CLIENT">
        <reference local="AD_CLIENT_ID" foreign="AD_CLIENT_ID"/>
      </foreign-key>
      <foreign-key foreignTable="AD_CLIENT" name="OBUIAPP_UIPERS_CLIENTVIS">
        <reference local="VISIBLEAT_CLIENT_ID" foreign="AD_CLIENT_ID"/>
      </foreign-key>
      <foreign-key foreignTable="AD_MODULE" name="OBUIAPP_UIPERS_MODULE">
        <reference local="AD_MODULE_ID" foreign="AD_MODULE_ID"/>
      </foreign-key>
      <foreign-key foreignTable="AD_ORG" name="OBUIAPP_UIPERS_ORG">
        <reference local="AD_ORG_ID" foreign="AD_ORG_ID"/>
      </foreign-key>
      <foreign-key foreignTable="AD_ORG" name="OBUIAPP_UIPERS_ORGVISIBLE">
        <reference local="VISIBLEAT_ORG_ID" foreign="AD_ORG_ID"/>
      </foreign-key>
      <foreign-key foreignTable="AD_ROLE" name="OBUIAPP_UIPERS_ROLEVISIBLE">
        <reference local="VISIBLEAT_ROLE_ID" foreign="AD_ROLE_ID"/>
      </foreign-key>
      <foreign-key foreignTable="AD_TAB" name="OBUIAPP_UIPERS_TAB" onDelete="cascade">
        <reference local="AD_TAB_ID" foreign="AD_TAB_ID"/>
      </foreign-key>
      <foreign-key foreignTable="AD_USER" name="OBUIAPP_UIPERS_USER">
        <reference local="AD_USER_ID" foreign="AD_USER_ID"/>
      </foreign-key>
      <foreign-key foreignTable="AD_WINDOW" name="OBUIAPP_UIPERS_WIN" onDelete="cascade">
        <reference local="AD_WINDOW_ID" foreign="AD_WINDOW_ID"/>
      </foreign-key>
      <check name="OBUIAPP_UIPERSO_ISACTIVE_CHECK"><![CDATA[ISACTIVE IN ('Y', 'N')]]></check>
    </table>
  </database>
