<?xml version="1.0"?>
  <database name="TABLE OBUIAPP_PARAMETER_VALUE">
    <table name="OBUIAPP_PARAMETER_VALUE" primaryKey="OBUIAPP_PARAMVAL_KEY">
      <column name="OBUIAPP_PARAMETER_VALUE_ID" primaryKey="true" required="true" type="VARCHAR" size="32" autoIncrement="false">
        <default/>
        <onCreateDefault/>
      </column>
      <column name="AD_CLIENT_ID" primaryKey="false" required="true" type="VARCHAR" size="32" autoIncrement="false">
        <default/>
        <onCreateDefault/>
      </column>
      <column name="AD_ORG_ID" primaryKey="false" required="true" type="VARCHAR" size="32" autoIncrement="false">
        <default/>
        <onCreateDefault/>
      </column>
      <column name="ISACTIVE" primaryKey="false" required="true" type="CHAR" size="1" autoIncrement="false">
        <default><![CDATA[Y]]></default>
        <onCreateDefault/>
      </column>
      <column name="CREATED" primaryKey="false" required="true" type="TIMESTAMP" size="7" autoIncrement="false">
        <default><![CDATA[SYSDATE]]></default>
        <onCreateDefault/>
      </column>
      <column name="CREATEDBY" primaryKey="false" required="true" type="VARCHAR" size="32" autoIncrement="false">
        <default/>
        <onCreateDefault/>
      </column>
      <column name="UPDATED" primaryKey="false" required="true" type="TIMESTAMP" size="7" autoIncrement="false">
        <default><![CDATA[SYSDATE]]></default>
        <onCreateDefault/>
      </column>
      <column name="UPDATEDBY" primaryKey="false" required="true" type="VARCHAR" size="32" autoIncrement="false">
        <default/>
        <onCreateDefault/>
      </column>
      <column name="OBUIAPP_PARAMETER_ID" primaryKey="false" required="true" type="VARCHAR" size="32" autoIncrement="false">
        <default/>
        <onCreateDefault/>
      </column>
      <column name="VALUE_STRING" primaryKey="false" required="false" type="NVARCHAR" size="2000" autoIncrement="false">
        <default/>
        <onCreateDefault/>
      </column>
      <column name="VALUE_NUMBER" primaryKey="false" required="false" type="DECIMAL" autoIncrement="false">
        <default/>
        <onCreateDefault/>
      </column>
      <column name="VALUE_DATE" primaryKey="false" required="false" type="TIMESTAMP" size="7" autoIncrement="false">
        <default/>
        <onCreateDefault/>
      </column>
      <column name="ATT_VALUE_KEY" primaryKey="false" required="false" type="VARCHAR" size="60" autoIncrement="false">
        <default/>
        <onCreateDefault/>
      </column>
      <column name="C_FILE_ID" primaryKey="false" required="false" type="VARCHAR" size="32" autoIncrement="false">
        <default/>
        <onCreateDefault/>
      </column>
      <foreign-key foreignTable="AD_CLIENT" name="OBUIAPP_PARAMVAL_CLIENT">
        <reference local="AD_CLIENT_ID" foreign="AD_CLIENT_ID"/>
      </foreign-key>
      <foreign-key foreignTable="C_FILE" name="OBUIAPP_PARAMVAL_FILE" onDelete="cascade">
        <reference local="C_FILE_ID" foreign="C_FILE_ID"/>
      </foreign-key>
      <foreign-key foreignTable="AD_ORG" name="OBUIAPP_PARAMVAL_ORG">
        <reference local="AD_ORG_ID" foreign="AD_ORG_ID"/>
      </foreign-key>
      <foreign-key foreignTable="OBUIAPP_PARAMETER" name="OBUIAPP_PARAMVAL_PARAM" onDelete="cascade">
        <reference local="OBUIAPP_PARAMETER_ID" foreign="OBUIAPP_PARAMETER_ID"/>
      </foreign-key>
      <index name="OBUIAPP_PARAMVAL_FILE_IDX" unique="false">
        <index-column name="C_FILE_ID"/>
        <whereClause><![CDATA[C_FILE_ID IS NOT NULL]]></whereClause>
      </index>
      <index name="OBUIAPP_PARAMVAL_PARAM_IDX" unique="false">
        <index-column name="OBUIAPP_PARAMETER_ID"/>
      </index>
      <check name="OBUIAPP_PARAMVAL_ACTIVE_CHK"><![CDATA[ISACTIVE IN ('Y', 'N')]]></check>
    </table>
  </database>
