<?xml version="1.0"?>
  <database name="TABLE OBUIAPP_NAVBAR_ROLE_ACCESS">
    <table name="OBUIAPP_NAVBAR_ROLE_ACCESS" primaryKey="OBUIAPP_NAVBAR_ROLE_ACCESS_KEY">
      <column name="OBUIAPP_NAVBAR_ROLE_ACCESS_ID" primaryKey="true" required="true" type="VARCHAR" size="32" autoIncrement="false">
        <default/>
        <onCreateDefault/>
      </column>
      <column name="AD_CLIENT_ID" primaryKey="false" required="true" type="VARCHAR" size="32" autoIncrement="false">
        <default/>
        <onCreateDefault/>
      </column>
      <column name="AD_ORG_ID" primaryKey="false" required="true" type="VARCHAR" size="32" autoIncrement="false">
        <default/>
        <onCreateDefault/>
      </column>
      <column name="OBUIAPP_NAVBAR_COMPONENT_ID" primaryKey="false" required="true" type="VARCHAR" size="32" autoIncrement="false">
        <default/>
        <onCreateDefault/>
      </column>
      <column name="AD_ROLE_ID" primaryKey="false" required="true" type="VARCHAR" size="32" autoIncrement="false">
        <default/>
        <onCreateDefault/>
      </column>
      <column name="ISACTIVE" primaryKey="false" required="true" type="CHAR" size="1" autoIncrement="false">
        <default><![CDATA[Y]]></default>
        <onCreateDefault/>
      </column>
      <column name="CREATED" primaryKey="false" required="true" type="TIMESTAMP" size="7" autoIncrement="false">
        <default><![CDATA[SYSDATE]]></default>
        <onCreateDefault/>
      </column>
      <column name="CREATEDBY" primaryKey="false" required="true" type="VARCHAR" size="32" autoIncrement="false">
        <default/>
        <onCreateDefault/>
      </column>
      <column name="UPDATED" primaryKey="false" required="true" type="TIMESTAMP" size="7" autoIncrement="false">
        <default><![CDATA[SYSDATE]]></default>
        <onCreateDefault/>
      </column>
      <column name="UPDATEDBY" primaryKey="false" required="true" type="VARCHAR" size="32" autoIncrement="false">
        <default/>
        <onCreateDefault/>
      </column>
      <foreign-key foreignTable="AD_CLIENT" name="OBUIAPP_NVBRA_AD_CLIENT">
        <reference local="AD_CLIENT_ID" foreign="AD_CLIENT_ID"/>
      </foreign-key>
      <foreign-key foreignTable="AD_ORG" name="OBUIAPP_NVBRA_AD_ORG">
        <reference local="AD_ORG_ID" foreign="AD_ORG_ID"/>
      </foreign-key>
      <foreign-key foreignTable="AD_ROLE" name="OBUIAPP_NVBRA_AD_ROLE" onDelete="cascade">
        <reference local="AD_ROLE_ID" foreign="AD_ROLE_ID"/>
      </foreign-key>
      <foreign-key foreignTable="OBUIAPP_NAVBAR_COMPONENT" name="OBUIAPP_NVBRA_NAVBACOMPONENT" onDelete="cascade">
        <reference local="OBUIAPP_NAVBAR_COMPONENT_ID" foreign="OBUIAPP_NAVBAR_COMPONENT_ID"/>
      </foreign-key>
      <index name="OBUIAPP_NAVBARACC_NAVBAR_IDX" unique="false">
        <index-column name="OBUIAPP_NAVBAR_COMPONENT_ID"/>
      </index>
      <check name="OBUIAPP_NVBRA_ISACTIVE_CHECK"><![CDATA[ISACTIVE IN ('Y', 'N')]]></check>
    </table>
  </database>
