<?xml version="1.0"?>
  <database name="TABLE OBUIAPP_PARAMETER">
    <table name="OBUIAPP_PARAMETER" primaryKey="OBUIAPP_PARAMETER_KEY">
      <column name="OBUIAPP_PARAMETER_ID" primaryKey="true" required="true" type="VARCHAR" size="32" autoIncrement="false">
        <default/>
        <onCreateDefault/>
      </column>
      <column name="AD_CLIENT_ID" primaryKey="false" required="true" type="VARCHAR" size="32" autoIncrement="false">
        <default/>
        <onCreateDefault/>
      </column>
      <column name="AD_ORG_ID" primaryKey="false" required="true" type="VARCHAR" size="32" autoIncrement="false">
        <default/>
        <onCreateDefault/>
      </column>
      <column name="ISACTIVE" primaryKey="false" required="true" type="CHAR" size="1" autoIncrement="false">
        <default><![CDATA[Y]]></default>
        <onCreateDefault/>
      </column>
      <column name="CREATED" primaryKey="false" required="true" type="TIMESTAMP" size="7" autoIncrement="false">
        <default><![CDATA[SYSDATE]]></default>
        <onCreateDefault/>
      </column>
      <column name="CREATEDBY" primaryKey="false" required="true" type="VARCHAR" size="32" autoIncrement="false">
        <default/>
        <onCreateDefault/>
      </column>
      <column name="UPDATED" primaryKey="false" required="true" type="TIMESTAMP" size="7" autoIncrement="false">
        <default><![CDATA[SYSDATE]]></default>
        <onCreateDefault/>
      </column>
      <column name="UPDATEDBY" primaryKey="false" required="true" type="VARCHAR" size="32" autoIncrement="false">
        <default/>
        <onCreateDefault/>
      </column>
      <column name="AD_MODULE_ID" primaryKey="false" required="true" type="VARCHAR" size="32" autoIncrement="false">
        <default/>
        <onCreateDefault/>
      </column>
      <column name="NAME" primaryKey="false" required="true" type="NVARCHAR" size="60" autoIncrement="false">
        <default/>
        <onCreateDefault/>
      </column>
      <column name="DESCRIPTION" primaryKey="false" required="false" type="NVARCHAR" size="255" autoIncrement="false">
        <default/>
        <onCreateDefault/>
      </column>
      <column name="HELP" primaryKey="false" required="false" type="NVARCHAR" size="2000" autoIncrement="false">
        <default/>
        <onCreateDefault/>
      </column>
      <column name="SEQNO" primaryKey="false" required="true" type="DECIMAL" size="10,0" autoIncrement="false">
        <default/>
        <onCreateDefault/>
      </column>
      <column name="AD_REFERENCE_ID" primaryKey="false" required="true" type="VARCHAR" size="32" autoIncrement="false">
        <default/>
        <onCreateDefault/>
      </column>
      <column name="AD_REFERENCE_VALUE_ID" primaryKey="false" required="false" type="VARCHAR" size="32" autoIncrement="false">
        <default/>
        <onCreateDefault/>
      </column>
      <column name="COLUMNNAME" primaryKey="false" required="true" type="VARCHAR" size="40" autoIncrement="false">
        <default/>
        <onCreateDefault/>
      </column>
      <column name="ISCENTRALLYMAINTAINED" primaryKey="false" required="true" type="CHAR" size="1" autoIncrement="false">
        <default><![CDATA[Y]]></default>
        <onCreateDefault/>
      </column>
      <column name="FIELDLENGTH" primaryKey="false" required="true" type="DECIMAL" size="10,0" autoIncrement="false">
        <default/>
        <onCreateDefault/>
      </column>
      <column name="ISMANDATORY" primaryKey="false" required="true" type="CHAR" size="1" autoIncrement="false">
        <default><![CDATA[N]]></default>
        <onCreateDefault/>
      </column>
      <column name="DEFAULTVALUE" primaryKey="false" required="false" type="NVARCHAR" size="1000" autoIncrement="false">
        <default/>
        <onCreateDefault/>
      </column>
      <column name="AD_ELEMENT_ID" primaryKey="false" required="false" type="VARCHAR" size="32" autoIncrement="false">
        <default/>
        <onCreateDefault/>
      </column>
      <column name="ISFIXED" primaryKey="false" required="true" type="CHAR" size="1" autoIncrement="false">
        <default><![CDATA[Y]]></default>
        <onCreateDefault/>
      </column>
      <column name="FIXEDVALUE" primaryKey="false" required="false" type="NVARCHAR" size="1000" autoIncrement="false">
        <default/>
        <onCreateDefault/>
      </column>
      <column name="EVALUATEFIXEDVALUE" primaryKey="false" required="true" type="CHAR" size="1" autoIncrement="false">
        <default><![CDATA[N]]></default>
        <onCreateDefault><![CDATA['N']]></onCreateDefault>
      </column>
      <column name="OBUIAPP_PROCESS_ID" primaryKey="false" required="false" type="VARCHAR" size="32" autoIncrement="false">
        <default/>
        <onCreateDefault/>
      </column>
      <column name="STARTINNEWLINE" primaryKey="false" required="true" type="CHAR" size="1" autoIncrement="false">
        <default><![CDATA[N]]></default>
        <onCreateDefault><![CDATA['N']]></onCreateDefault>
      </column>
      <column name="DISPLAYLOGIC" primaryKey="false" required="false" type="VARCHAR" size="2000" autoIncrement="false">
        <default/>
        <onCreateDefault/>
      </column>
      <column name="AD_VAL_RULE_ID" primaryKey="false" required="false" type="VARCHAR" size="32" autoIncrement="false">
        <default/>
        <onCreateDefault/>
      </column>
      <column name="AD_FIELDGROUP_ID" primaryKey="false" required="false" type="VARCHAR" size="32" autoIncrement="false">
        <default/>
        <onCreateDefault/>
      </column>
      <column name="READONLYLOGIC" primaryKey="false" required="false" type="VARCHAR" size="2000" autoIncrement="false">
        <default/>
        <onCreateDefault/>
      </column>
      <column name="NUMCOLUMN" primaryKey="false" required="false" type="DECIMAL" size="10,0" autoIncrement="false">
        <default/>
        <onCreateDefault/>
      </column>
      <column name="ONCHANGEFUNCTION" primaryKey="false" required="false" type="NVARCHAR" size="255" autoIncrement="false">
        <default/>
        <onCreateDefault/>
      </column>
      <column name="DISPLAYEDROWS" primaryKey="false" required="false" type="DECIMAL" size="10,0" autoIncrement="false">
        <default/>
        <onCreateDefault><![CDATA['5']]></onCreateDefault>
      </column>
      <column name="DISPLAYTITLE" primaryKey="false" required="true" type="CHAR" size="1" autoIncrement="false">
        <default><![CDATA[Y]]></default>
        <onCreateDefault><![CDATA['N']]></onCreateDefault>
      </column>
      <column name="ONGRIDLOADFUNCTION" primaryKey="false" required="false" type="NVARCHAR" size="255" autoIncrement="false">
        <default/>
        <onCreateDefault/>
      </column>
      <column name="ATT_SHOWINDESCRIPTION" primaryKey="false" required="true" type="CHAR" size="1" autoIncrement="false">
        <default><![CDATA[N]]></default>
        <onCreateDefault><![CDATA['N']]></onCreateDefault>
      </column>
      <column name="ATT_PROPERTYPATH" primaryKey="false" required="false" type="VARCHAR" size="255" autoIncrement="false">
        <default/>
        <onCreateDefault/>
      </column>
      <column name="C_ATTACHMENT_METHOD_ID" primaryKey="false" required="false" type="VARCHAR" size="32" autoIncrement="false">
        <default/>
        <onCreateDefault/>
      </column>
      <column name="AD_TAB_ID" primaryKey="false" required="false" type="VARCHAR" size="32" autoIncrement="false">
        <default/>
        <onCreateDefault/>
      </column>
      <foreign-key foreignTable="AD_VAL_RULE" name="OBUIAPP_PARAM_AD_VALRULE">
        <reference local="AD_VAL_RULE_ID" foreign="AD_VAL_RULE_ID"/>
      </foreign-key>
      <foreign-key foreignTable="C_ATTACHMENT_METHOD" name="OBUIAPP_PARAM_C_ATTACH_METHOD">
        <reference local="C_ATTACHMENT_METHOD_ID" foreign="C_ATTACHMENT_METHOD_ID"/>
      </foreign-key>
      <foreign-key foreignTable="AD_CLIENT" name="OBUIAPP_PARAMETER_AD_CLIENT">
        <reference local="AD_CLIENT_ID" foreign="AD_CLIENT_ID"/>
      </foreign-key>
      <foreign-key foreignTable="AD_ELEMENT" name="OBUIAPP_PARAMETER_AD_ELEMENT">
        <reference local="AD_ELEMENT_ID" foreign="AD_ELEMENT_ID"/>
      </foreign-key>
      <foreign-key foreignTable="AD_MODULE" name="OBUIAPP_PARAMETER_AD_MODULE" onDelete="cascade">
        <reference local="AD_MODULE_ID" foreign="AD_MODULE_ID"/>
      </foreign-key>
      <foreign-key foreignTable="AD_ORG" name="OBUIAPP_PARAMETER_AD_ORG">
        <reference local="AD_ORG_ID" foreign="AD_ORG_ID"/>
      </foreign-key>
      <foreign-key foreignTable="AD_TAB" name="OBUIAPP_PARAMETER_AD_TAB">
        <reference local="AD_TAB_ID" foreign="AD_TAB_ID"/>
      </foreign-key>
      <foreign-key foreignTable="AD_FIELDGROUP" name="OBUIAPP_PARAMETER_FLDGRP">
        <reference local="AD_FIELDGROUP_ID" foreign="AD_FIELDGROUP_ID"/>
      </foreign-key>
      <foreign-key foreignTable="OBUIAPP_PROCESS" name="OBUIAPP_PARAMETER_PROCESS">
        <reference local="OBUIAPP_PROCESS_ID" foreign="OBUIAPP_PROCESS_ID"/>
      </foreign-key>
      <foreign-key foreignTable="AD_REFERENCE" name="OBUIAPP_PARAMETER_REFERENCE">
        <reference local="AD_REFERENCE_ID" foreign="AD_REFERENCE_ID"/>
      </foreign-key>
      <foreign-key foreignTable="AD_REFERENCE" name="OBUIAPP_PARAMETER_REFERENCE_V">
        <reference local="AD_REFERENCE_VALUE_ID" foreign="AD_REFERENCE_ID"/>
      </foreign-key>
      <index name="OBUIAPP_PARAMETER_ATTMET_IDX" unique="false">
        <index-column name="C_ATTACHMENT_METHOD_ID"/>
        <whereClause><![CDATA[C_ATTACHMENT_METHOD_ID IS NOT NULL]]></whereClause>
      </index>
      <index name="OBUIAPP_PARAMETER_PROCESS" unique="false">
        <index-column name="OBUIAPP_PROCESS_ID"/>
        <whereClause><![CDATA[OBUIAPP_PROCESS_ID IS NOT NULL]]></whereClause>
      </index>
      <index name="OBUIAPP_PARAMETER_TAB_IDX" unique="false">
        <index-column name="AD_TAB_ID"/>
        <whereClause><![CDATA[AD_TAB_ID IS NOT NULL]]></whereClause>
      </index>
      <check name="OBUIAPP_PARAM_SHOWTITLE_CHK"><![CDATA[DISPLAYTITLE IN ('Y', 'N')]]></check>
      <check name="OBUIAPP_PARAMETER_CENTR_CHK"><![CDATA[ISCENTRALLYMAINTAINED IN ('Y', 'N')]]></check>
      <check name="OBUIAPP_PARAMETER_EVFIXVAL_CHK"><![CDATA[EVALUATEFIXEDVALUE IN ('Y', 'N')]]></check>
      <check name="OBUIAPP_PARAMETER_ISACTIVE_CHK"><![CDATA[ISACTIVE IN ('Y', 'N')]]></check>
      <check name="OBUIAPP_PARAMETER_ISFIXED_CHK"><![CDATA[ISFIXED IN ('Y', 'N')]]></check>
      <check name="OBUIAPP_PARAMETER_MANDAT_CHK"><![CDATA[ISMANDATORY IN ('Y', 'N')]]></check>
      <check name="OBUIAPP_PARAMETER_METADATA_CHK"><![CDATA[AD_TAB_ID IS NULL OR AD_TAB_ID IS NOT NULL AND C_ATTACHMENT_METHOD_ID IS NOT NULL]]></check>
      <check name="OBUIAPP_PARAMETER_NEWLINE_CHK"><![CDATA[STARTINNEWLINE IN ('Y', 'N')]]></check>
      <check name="OBUIAPP_PARAMETER_NUMCOL_CHK"><![CDATA[NUMCOLUMN >= 1 AND NUMCOLUMN <= 4]]></check>
      <check name="OBUIAPP_PARAMETER_SHOWDESC_CHK"><![CDATA[ATT_SHOWINDESCRIPTION IN ('Y', 'N')]]></check>
    </table>
  </database>
