<?xml version="1.0"?>
  <database name="TABLE OBUIAPP_PROCESS_ACCESS">
    <table name="OBUIAPP_PROCESS_ACCESS" primaryKey="OBUIAPP_PROC_ACCESS_KEY">
      <column name="OBUIAPP_PROCESS_ACCESS_ID" primaryKey="true" required="true" type="VARCHAR" size="32" autoIncrement="false">
        <default/>
        <onCreateDefault/>
      </column>
      <column name="OBUIAPP_PROCESS_ID" primaryKey="false" required="true" type="VARCHAR" size="32" autoIncrement="false">
        <default/>
        <onCreateDefault/>
      </column>
      <column name="AD_ROLE_ID" primaryKey="false" required="true" type="VARCHAR" size="32" autoIncrement="false">
        <default/>
        <onCreateDefault/>
      </column>
      <column name="AD_CLIENT_ID" primaryKey="false" required="true" type="VARCHAR" size="32" autoIncrement="false">
        <default/>
        <onCreateDefault/>
      </column>
      <column name="AD_ORG_ID" primaryKey="false" required="true" type="VARCHAR" size="32" autoIncrement="false">
        <default/>
        <onCreateDefault/>
      </column>
      <column name="ISACTIVE" primaryKey="false" required="true" type="CHAR" size="1" autoIncrement="false">
        <default><![CDATA[Y]]></default>
        <onCreateDefault/>
      </column>
      <column name="CREATED" primaryKey="false" required="true" type="TIMESTAMP" size="7" autoIncrement="false">
        <default><![CDATA[SYSDATE]]></default>
        <onCreateDefault/>
      </column>
      <column name="CREATEDBY" primaryKey="false" required="true" type="VARCHAR" size="32" autoIncrement="false">
        <default/>
        <onCreateDefault/>
      </column>
      <column name="UPDATED" primaryKey="false" required="true" type="TIMESTAMP" size="7" autoIncrement="false">
        <default><![CDATA[SYSDATE]]></default>
        <onCreateDefault/>
      </column>
      <column name="UPDATEDBY" primaryKey="false" required="true" type="VARCHAR" size="32" autoIncrement="false">
        <default/>
        <onCreateDefault/>
      </column>
      <column name="ISREADWRITE" primaryKey="false" required="true" type="CHAR" size="1" autoIncrement="false">
        <default><![CDATA[Y]]></default>
        <onCreateDefault/>
      </column>
      <column name="INHERITED_FROM" primaryKey="false" required="false" type="VARCHAR" size="32" autoIncrement="false">
        <default/>
        <onCreateDefault/>
      </column>
      <foreign-key foreignTable="AD_ROLE" name="OBUIAPP_PROC_ACC_INH_FROM">
        <reference local="INHERITED_FROM" foreign="AD_ROLE_ID"/>
      </foreign-key>
      <foreign-key foreignTable="AD_ROLE" name="OBUIAPP_PROC_ACCESS_AD_ROLE" onDelete="cascade">
        <reference local="AD_ROLE_ID" foreign="AD_ROLE_ID"/>
      </foreign-key>
      <foreign-key foreignTable="OBUIAPP_PROCESS" name="OBUIAPP_PROC_ACCESS_PROCESS" onDelete="cascade">
        <reference local="OBUIAPP_PROCESS_ID" foreign="OBUIAPP_PROCESS_ID"/>
      </foreign-key>
      <foreign-key foreignTable="AD_CLIENT" name="OBUIAPP_PROC_CLIENT">
        <reference local="AD_CLIENT_ID" foreign="AD_CLIENT_ID"/>
      </foreign-key>
      <foreign-key foreignTable="AD_ORG" name="OBUIAPP_PROC_ORG">
        <reference local="AD_ORG_ID" foreign="AD_ORG_ID"/>
      </foreign-key>
      <index name="OBUIAPP_PROCESSACC_PROCESS_IDX" unique="false">
        <index-column name="OBUIAPP_PROCESS_ID"/>
      </index>
      <index name="OBUIAPP_PROCESSACCESS_ROLE_IDX" unique="false">
        <index-column name="AD_ROLE_ID"/>
      </index>
      <check name="OBUIAPP_PROC_ACC_ISACTIVE_CHK"><![CDATA[ISACTIVE IN ('Y', 'N')]]></check>
      <check name="OBUIAPP_PROC_ACC_ISREADWR_CHK"><![CDATA[ISREADWRITE IN ('Y', 'N')]]></check>
    </table>
  </database>
