<?xml version="1.0"?>
  <database name="TABLE OBUIAPP_PROCESS">
    <table name="OBUIAPP_PROCESS" primaryKey="OBUIAPP_PROC_KEY">
      <column name="OBUIAPP_PROCESS_ID" primaryKey="true" required="true" type="VARCHAR" size="32" autoIncrement="false">
        <default/>
        <onCreateDefault/>
      </column>
      <column name="AD_CLIENT_ID" primaryKey="false" required="true" type="VARCHAR" size="32" autoIncrement="false">
        <default/>
        <onCreateDefault/>
      </column>
      <column name="AD_ORG_ID" primaryKey="false" required="true" type="VARCHAR" size="32" autoIncrement="false">
        <default/>
        <onCreateDefault/>
      </column>
      <column name="ISACTIVE" primaryKey="false" required="true" type="CHAR" size="1" autoIncrement="false">
        <default><![CDATA[Y]]></default>
        <onCreateDefault/>
      </column>
      <column name="CREATED" primaryKey="false" required="true" type="TIMESTAMP" size="7" autoIncrement="false">
        <default><![CDATA[SYSDATE]]></default>
        <onCreateDefault/>
      </column>
      <column name="CREATEDBY" primaryKey="false" required="true" type="VARCHAR" size="32" autoIncrement="false">
        <default/>
        <onCreateDefault/>
      </column>
      <column name="UPDATED" primaryKey="false" required="true" type="TIMESTAMP" size="7" autoIncrement="false">
        <default><![CDATA[SYSDATE]]></default>
        <onCreateDefault/>
      </column>
      <column name="UPDATEDBY" primaryKey="false" required="true" type="VARCHAR" size="32" autoIncrement="false">
        <default/>
        <onCreateDefault/>
      </column>
      <column name="VALUE" primaryKey="false" required="true" type="VARCHAR" size="40" autoIncrement="false">
        <default/>
        <onCreateDefault/>
      </column>
      <column name="NAME" primaryKey="false" required="true" type="VARCHAR" size="60" autoIncrement="false">
        <default/>
        <onCreateDefault/>
      </column>
      <column name="DESCRIPTION" primaryKey="false" required="false" type="VARCHAR" size="255" autoIncrement="false">
        <default/>
        <onCreateDefault/>
      </column>
      <column name="HELP" primaryKey="false" required="false" type="VARCHAR" size="2000" autoIncrement="false">
        <default/>
        <onCreateDefault/>
      </column>
      <column name="ACCESSLEVEL" primaryKey="false" required="true" type="VARCHAR" size="60" autoIncrement="false">
        <default/>
        <onCreateDefault/>
      </column>
      <column name="CLASSNAME" primaryKey="false" required="false" type="VARCHAR" size="200" autoIncrement="false">
        <default/>
        <onCreateDefault/>
      </column>
      <column name="ISBACKGROUND" primaryKey="false" required="true" type="CHAR" size="1" autoIncrement="false">
        <default><![CDATA[N]]></default>
        <onCreateDefault/>
      </column>
      <column name="AD_MODULE_ID" primaryKey="false" required="true" type="VARCHAR" size="32" autoIncrement="false">
        <default><![CDATA[0]]></default>
        <onCreateDefault/>
      </column>
      <column name="UIPATTERN" primaryKey="false" required="true" type="VARCHAR" size="60" autoIncrement="false">
        <default><![CDATA[S]]></default>
        <onCreateDefault/>
      </column>
      <column name="ISMULTIRECORD" primaryKey="false" required="true" type="CHAR" size="1" autoIncrement="false">
        <default><![CDATA[N]]></default>
        <onCreateDefault><![CDATA['N']]></onCreateDefault>
      </column>
      <column name="IS_EXPLICIT_ACCESS" primaryKey="false" required="true" type="CHAR" size="1" autoIncrement="false">
        <default><![CDATA[N]]></default>
        <onCreateDefault><![CDATA['N']]></onCreateDefault>
      </column>
      <column name="CLIENTSIDEVALIDATION" primaryKey="false" required="false" type="VARCHAR" size="200" autoIncrement="false">
        <default/>
        <onCreateDefault/>
      </column>
      <column name="ISGRIDLEGACY" primaryKey="false" required="true" type="CHAR" size="1" autoIncrement="false">
        <default><![CDATA[N]]></default>
        <onCreateDefault><![CDATA['Y']]></onCreateDefault>
      </column>
      <column name="ON_LOAD_FUNCTION" primaryKey="false" required="false" type="VARCHAR" size="200" autoIncrement="false">
        <default/>
        <onCreateDefault/>
      </column>
      <column name="ISCANADDRECORDSTOSELECTOR" primaryKey="false" required="true" type="CHAR" size="1" autoIncrement="false">
        <default><![CDATA[N]]></default>
        <onCreateDefault><![CDATA['N']]></onCreateDefault>
      </column>
      <column name="ON_REFRESH_FUNCTION" primaryKey="false" required="false" type="VARCHAR" size="200" autoIncrement="false">
        <default/>
        <onCreateDefault/>
      </column>
      <foreign-key foreignTable="AD_CLIENT" name="OBUIAPP_PROC_AD_CLIENT">
        <reference local="AD_CLIENT_ID" foreign="AD_CLIENT_ID"/>
      </foreign-key>
      <foreign-key foreignTable="AD_MODULE" name="OBUIAPP_PROC_AD_MODULE">
        <reference local="AD_MODULE_ID" foreign="AD_MODULE_ID"/>
      </foreign-key>
      <foreign-key foreignTable="AD_ORG" name="OBUIAPP_PROC_AD_ORG">
        <reference local="AD_ORG_ID" foreign="AD_ORG_ID"/>
      </foreign-key>
      <check name="OBUIAPP_PROC_GRIDLEGACY_CHK"><![CDATA[ISGRIDLEGACY IN ('Y', 'N')]]></check>
      <check name="OBUIAPP_PROC_ISACTIVE_CHK"><![CDATA[ISACTIVE IN ('Y', 'N')]]></check>
      <check name="OBUIAPP_PROC_ISBACKGROUND_CHK"><![CDATA[ISBACKGROUND IN ('Y', 'N')]]></check>
      <check name="OBUIAPP_PROC_ISCANADDR2SEL_CHK"><![CDATA[ISCANADDRECORDSTOSELECTOR IN ('Y', 'N')]]></check>
      <check name="OBUIAPP_PROC_MULTI_CHK"><![CDATA[ISMULTIRECORD IN ('Y', 'N')]]></check>
      <check name="OBUIAPP_PROCESS_EXPLICITACC_CK"><![CDATA[IS_EXPLICIT_ACCESS IN ('Y', 'N')]]></check>
    </table>
  </database>
