<?xml version="1.0"?>
  <database name="TABLE OBUIAPP_REPORT">
    <table name="OBUIAPP_REPORT" primaryKey="OBUIAPP_REPORT_KEY">
      <column name="OBUIAPP_REPORT_ID" primaryKey="true" required="true" type="VARCHAR" size="32" autoIncrement="false">
        <default/>
        <onCreateDefault/>
      </column>
      <column name="AD_CLIENT_ID" primaryKey="false" required="true" type="VARCHAR" size="32" autoIncrement="false">
        <default/>
        <onCreateDefault/>
      </column>
      <column name="AD_ORG_ID" primaryKey="false" required="true" type="VARCHAR" size="32" autoIncrement="false">
        <default/>
        <onCreateDefault/>
      </column>
      <column name="ISACTIVE" primaryKey="false" required="false" type="CHAR" size="1" autoIncrement="false">
        <default><![CDATA[Y]]></default>
        <onCreateDefault/>
      </column>
      <column name="CREATED" primaryKey="false" required="true" type="TIMESTAMP" size="7" autoIncrement="false">
        <default><![CDATA[SYSDATE]]></default>
        <onCreateDefault/>
      </column>
      <column name="CREATEDBY" primaryKey="false" required="true" type="VARCHAR" size="32" autoIncrement="false">
        <default/>
        <onCreateDefault/>
      </column>
      <column name="UPDATED" primaryKey="false" required="true" type="TIMESTAMP" size="7" autoIncrement="false">
        <default><![CDATA[SYSDATE]]></default>
        <onCreateDefault/>
      </column>
      <column name="UPDATEDBY" primaryKey="false" required="true" type="VARCHAR" size="32" autoIncrement="false">
        <default/>
        <onCreateDefault/>
      </column>
      <column name="OBUIAPP_PROCESS_ID" primaryKey="false" required="true" type="VARCHAR" size="32" autoIncrement="false">
        <default/>
        <onCreateDefault/>
      </column>
      <column name="PDF_TEMPLATE" primaryKey="false" required="false" type="VARCHAR" size="255" autoIncrement="false">
        <default/>
        <onCreateDefault/>
      </column>
      <column name="XLS_TEMPLATE" primaryKey="false" required="false" type="VARCHAR" size="255" autoIncrement="false">
        <default/>
        <onCreateDefault/>
      </column>
      <column name="USE_PDF_AS_XLS_TEMPLATE" primaryKey="false" required="true" type="CHAR" size="1" autoIncrement="false">
        <default><![CDATA[N]]></default>
        <onCreateDefault/>
      </column>
      <column name="HTML_TEMPLATE" primaryKey="false" required="false" type="VARCHAR" size="255" autoIncrement="false">
        <default/>
        <onCreateDefault/>
      </column>
      <column name="USE_PDF_AS_HTML_TEMPLATE" primaryKey="false" required="true" type="CHAR" size="1" autoIncrement="false">
        <default><![CDATA[N]]></default>
        <onCreateDefault><![CDATA['N']]></onCreateDefault>
      </column>
      <foreign-key foreignTable="AD_CLIENT" name="OBUIAPP_REPORT_AD_CLIENT">
        <reference local="AD_CLIENT_ID" foreign="AD_CLIENT_ID"/>
      </foreign-key>
      <foreign-key foreignTable="AD_ORG" name="OBUIAPP_REPORT_AD_ORG">
        <reference local="AD_ORG_ID" foreign="AD_ORG_ID"/>
      </foreign-key>
      <foreign-key foreignTable="OBUIAPP_PROCESS" name="OBUIAPP_REPORT_PROCESS">
        <reference local="OBUIAPP_PROCESS_ID" foreign="OBUIAPP_PROCESS_ID"/>
      </foreign-key>
      <unique name="OBUIAPP_REPORT_PROCESS_IDX">
        <unique-column name="OBUIAPP_PROCESS_ID"/>
      </unique>
      <check name="OBUIAPP_REPORT_ISACTIVE_CHK"><![CDATA[ISACTIVE IN ('Y', 'N')]]></check>
      <check name="OBUIAPP_REPORT_PDF_AS_HTML_CHK"><![CDATA[USE_PDF_AS_HTML_TEMPLATE IN ('Y', 'N')]]></check>
      <check name="OBUIAPP_REPORT_PDF_AS_XLS_CHK"><![CDATA[USE_PDF_AS_XLS_TEMPLATE IN ('Y', 'N')]]></check>
      <check name="OBUIAPP_REPORT_TMP_CHK"><![CDATA[PDF_TEMPLATE IS NOT NULL OR XLS_TEMPLATE IS NOT NULL OR HTML_TEMPLATE IS NOT NULL]]></check>
    </table>
  </database>
