<?xml version="1.0"?>
  <database name="TABLE OBUIAPP_NAVBAR_COMPONENT">
    <table name="OBUIAPP_NAVBAR_COMPONENT" primaryKey="OBUIAPP_NAVBAR_COMPONENT_KEY">
      <column name="OBUIAPP_NAVBAR_COMPONENT_ID" primaryKey="true" required="true" type="VARCHAR" size="32" autoIncrement="false">
        <default/>
        <onCreateDefault/>
      </column>
      <column name="AD_CLIENT_ID" primaryKey="false" required="true" type="VARCHAR" size="32" autoIncrement="false">
        <default/>
        <onCreateDefault/>
      </column>
      <column name="AD_ORG_ID" primaryKey="false" required="true" type="VARCHAR" size="32" autoIncrement="false">
        <default/>
        <onCreateDefault/>
      </column>
      <column name="AD_MODULE_ID" primaryKey="false" required="true" type="VARCHAR" size="32" autoIncrement="false">
        <default/>
        <onCreateDefault/>
      </column>
      <column name="OBCLKER_TEMPLATE_ID" primaryKey="false" required="false" type="VARCHAR" size="32" autoIncrement="false">
        <default/>
        <onCreateDefault/>
      </column>
      <column name="NAME" primaryKey="false" required="true" type="VARCHAR" size="60" autoIncrement="false">
        <default/>
        <onCreateDefault/>
      </column>
      <column name="DESCRIPTION" primaryKey="false" required="false" type="VARCHAR" size="255" autoIncrement="false">
        <default/>
        <onCreateDefault/>
      </column>
      <column name="CLASSNAME" primaryKey="false" required="true" type="VARCHAR" size="300" autoIncrement="false">
        <default/>
        <onCreateDefault/>
      </column>
      <column name="ALLROLES" primaryKey="false" required="true" type="CHAR" size="1" autoIncrement="false">
        <default><![CDATA[Y]]></default>
        <onCreateDefault><![CDATA['Y']]></onCreateDefault>
      </column>
      <column name="SORTNO" primaryKey="false" required="true" type="DECIMAL" size="10,0" autoIncrement="false">
        <default><![CDATA[0]]></default>
        <onCreateDefault><![CDATA[0]]></onCreateDefault>
      </column>
      <column name="ISACTIVE" primaryKey="false" required="true" type="CHAR" size="1" autoIncrement="false">
        <default><![CDATA[Y]]></default>
        <onCreateDefault/>
      </column>
      <column name="CREATED" primaryKey="false" required="true" type="TIMESTAMP" size="7" autoIncrement="false">
        <default><![CDATA[SYSDATE]]></default>
        <onCreateDefault/>
      </column>
      <column name="CREATEDBY" primaryKey="false" required="true" type="VARCHAR" size="32" autoIncrement="false">
        <default/>
        <onCreateDefault/>
      </column>
      <column name="UPDATED" primaryKey="false" required="true" type="TIMESTAMP" size="7" autoIncrement="false">
        <default><![CDATA[SYSDATE]]></default>
        <onCreateDefault/>
      </column>
      <column name="UPDATEDBY" primaryKey="false" required="true" type="VARCHAR" size="32" autoIncrement="false">
        <default/>
        <onCreateDefault/>
      </column>
      <column name="ISSTATICCOMPONENT" primaryKey="false" required="true" type="CHAR" size="1" autoIncrement="false">
        <default><![CDATA[N]]></default>
        <onCreateDefault><![CDATA['N']]></onCreateDefault>
      </column>
      <foreign-key foreignTable="AD_CLIENT" name="OBUIAPP_T_AD_CLIENT">
        <reference local="AD_CLIENT_ID" foreign="AD_CLIENT_ID"/>
      </foreign-key>
      <foreign-key foreignTable="AD_MODULE" name="OBUIAPP_T_AD_MODULE">
        <reference local="AD_MODULE_ID" foreign="AD_MODULE_ID"/>
      </foreign-key>
      <foreign-key foreignTable="AD_ORG" name="OBUIAPP_T_AD_ORG">
        <reference local="AD_ORG_ID" foreign="AD_ORG_ID"/>
      </foreign-key>
      <foreign-key foreignTable="OBCLKER_TEMPLATE" name="OBUIAPP_T_OBCLKER_TEMPLATE">
        <reference local="OBCLKER_TEMPLATE_ID" foreign="OBCLKER_TEMPLATE_ID"/>
      </foreign-key>
      <unique name="OBUIAPP_NAVBAR_COMPONENT_NAME">
        <unique-column name="AD_CLIENT_ID"/>
        <unique-column name="NAME"/>
        <unique-column name="AD_MODULE_ID"/>
      </unique>
      <check name="OBUIAPP_ALLROLES_CHECK"><![CDATA[ALLROLES IN ('Y', 'N')]]></check>
      <check name="OBUIAPP_CT_ISACTIVE_CHECK"><![CDATA[ISACTIVE IN ('Y', 'N')]]></check>
      <check name="OBUIAPP_NAVBAR_COMPONT_STATIC"><![CDATA[ISSTATICCOMPONENT IN ('Y', 'N')]]></check>
    </table>
  </database>
