<?xml version="1.0"?>
  <database name="TABLE OBUIAPP_PARAMETER_TRL">
    <table name="OBUIAPP_PARAMETER_TRL" primaryKey="OBUIAPP_PARAMTRL_KEY">
      <column name="OBUIAPP_PARAMETER_TRL_ID" primaryKey="true" required="true" type="VARCHAR" size="32" autoIncrement="false">
        <default/>
        <onCreateDefault/>
      </column>
      <column name="AD_CLIENT_ID" primaryKey="false" required="true" type="VARCHAR" size="32" autoIncrement="false">
        <default/>
        <onCreateDefault/>
      </column>
      <column name="AD_ORG_ID" primaryKey="false" required="true" type="VARCHAR" size="32" autoIncrement="false">
        <default/>
        <onCreateDefault/>
      </column>
      <column name="ISACTIVE" primaryKey="false" required="true" type="CHAR" size="1" autoIncrement="false">
        <default><![CDATA[Y]]></default>
        <onCreateDefault/>
      </column>
      <column name="CREATED" primaryKey="false" required="true" type="TIMESTAMP" size="7" autoIncrement="false">
        <default><![CDATA[SYSDATE]]></default>
        <onCreateDefault/>
      </column>
      <column name="CREATEDBY" primaryKey="false" required="true" type="VARCHAR" size="32" autoIncrement="false">
        <default/>
        <onCreateDefault/>
      </column>
      <column name="UPDATED" primaryKey="false" required="true" type="TIMESTAMP" size="7" autoIncrement="false">
        <default><![CDATA[SYSDATE]]></default>
        <onCreateDefault/>
      </column>
      <column name="UPDATEDBY" primaryKey="false" required="true" type="VARCHAR" size="32" autoIncrement="false">
        <default/>
        <onCreateDefault/>
      </column>
      <column name="OBUIAPP_PARAMETER_ID" primaryKey="false" required="true" type="VARCHAR" size="32" autoIncrement="false">
        <default/>
        <onCreateDefault/>
      </column>
      <column name="NAME" primaryKey="false" required="true" type="NVARCHAR" size="60" autoIncrement="false">
        <default/>
        <onCreateDefault/>
      </column>
      <column name="DESCRIPTION" primaryKey="false" required="false" type="NVARCHAR" size="255" autoIncrement="false">
        <default/>
        <onCreateDefault/>
      </column>
      <column name="HELP" primaryKey="false" required="false" type="NVARCHAR" size="2000" autoIncrement="false">
        <default/>
        <onCreateDefault/>
      </column>
      <column name="ISTRANSLATED" primaryKey="false" required="true" type="CHAR" size="1" autoIncrement="false">
        <default><![CDATA[N]]></default>
        <onCreateDefault/>
      </column>
      <column name="AD_LANGUAGE" primaryKey="false" required="true" type="VARCHAR" size="6" autoIncrement="false">
        <default/>
        <onCreateDefault/>
      </column>
      <foreign-key foreignTable="AD_LANGUAGE" name="OBUIAPP_PARAMETER_TRL_LANG">
        <reference local="AD_LANGUAGE" foreign="AD_LANGUAGE"/>
      </foreign-key>
      <foreign-key foreignTable="AD_CLIENT" name="OBUIAPP_PARAMTRL_AD_CLIENT">
        <reference local="AD_CLIENT_ID" foreign="AD_CLIENT_ID"/>
      </foreign-key>
      <foreign-key foreignTable="AD_ORG" name="OBUIAPP_PARAMTRL_AD_ORG">
        <reference local="AD_ORG_ID" foreign="AD_ORG_ID"/>
      </foreign-key>
      <foreign-key foreignTable="OBUIAPP_PARAMETER" name="OBUIAPP_PARAMTRL_PARAM" onDelete="cascade">
        <reference local="OBUIAPP_PARAMETER_ID" foreign="OBUIAPP_PARAMETER_ID"/>
      </foreign-key>
      <unique name="OBUIAPP_PARAMETER_LANG_UN">
        <unique-column name="OBUIAPP_PARAMETER_ID"/>
        <unique-column name="AD_LANGUAGE"/>
      </unique>
      <check name="OBUIAPP_PARAMTRL_ACTIVE_CHK"><![CDATA[ISACTIVE IN ('Y', 'N')]]></check>
      <check name="OBUIAPP_PARAMTRL_TRANSLAT_CHK"><![CDATA[ISTRANSLATED IN ('Y', 'N')]]></check>
    </table>
  </database>
