<?xml version="1.0"?>
  <database name="MODIFIED TABLE AD_COLUMN">
    <table name="AD_COLUMN" primaryKey="AD_COLUMN_KEY">
      <column name="EM_OBUIAPP_PROCESS_ID" primaryKey="false" required="false" type="VARCHAR" size="32" autoIncrement="false">
        <default/>
        <onCreateDefault/>
      </column>
      <foreign-key foreignTable="OBUIAPP_PROCESS" name="EM_OBUIAPP_PROCESS" onDelete="cascade">
        <reference local="EM_OBUIAPP_PROCESS_ID" foreign="OBUIAPP_PROCESS_ID"/>
      </foreign-key>
    </table>
  </database>
