<?xml version="1.0"?>
  <database name="MODIFIED TABLE AD_MENU">
    <table name="AD_MENU" primaryKey="AD_MENU_KEY">
      <column name="EM_OBUIAPP_VIEW_IMPL_ID" primaryKey="false" required="false" type="VARCHAR" size="32" autoIncrement="false">
        <default/>
        <onCreateDefault/>
      </column>
      <column name="EM_OBUIAPP_PROCESS_ID" primaryKey="false" required="false" type="VARCHAR" size="32" autoIncrement="false">
        <default/>
        <onCreateDefault/>
      </column>
      <foreign-key foreignTable="OBUIAPP_PROCESS" name="EM_OBUIAPP_MENU_PROCESS">
        <reference local="EM_OBUIAPP_PROCESS_ID" foreign="OBUIAPP_PROCESS_ID"/>
      </foreign-key>
      <foreign-key foreignTable="OBUIAPP_VIEW_IMPL" name="EM_OBUIAPP_VIEW_IMPL">
        <reference local="EM_OBUIAPP_VIEW_IMPL_ID" foreign="OBUIAPP_VIEW_IMPL_ID"/>
      </foreign-key>
    </table>
  </database>
