<?xml version="1.0"?>
  <database name="MODIFIED TABLE AD_TAB">
    <table name="AD_TAB" primaryKey="AD_TAB_KEY">
      <column name="EM_OBUIAPP_SELECTION" primaryKey="false" required="false" type="VARCHAR" size="255" autoIncrement="false">
        <default/>
        <onCreateDefault/>
      </column>
      <column name="EM_OBUIAPP_CAN_ADD" primaryKey="false" required="true" type="CHAR" size="1" autoIncrement="false">
        <default><![CDATA[N]]></default>
        <onCreateDefault><![CDATA['N']]></onCreateDefault>
      </column>
      <column name="EM_OBUIAPP_CAN_DELETE" primaryKey="false" required="true" type="CHAR" size="1" autoIncrement="false">
        <default><![CDATA[N]]></default>
        <onCreateDefault><![CDATA['N']]></onCreateDefault>
      </column>
      <column name="EM_OBUIAPP_SHOW_SELECT" primaryKey="false" required="true" type="CHAR" size="1" autoIncrement="false">
        <default><![CDATA[Y]]></default>
        <onCreateDefault><![CDATA['Y']]></onCreateDefault>
      </column>
      <column name="EM_OBUIAPP_NEWFN" primaryKey="false" required="false" type="VARCHAR" size="255" autoIncrement="false">
        <default/>
        <onCreateDefault/>
      </column>
      <column name="EM_OBUIAPP_REMOVEFN" primaryKey="false" required="false" type="VARCHAR" size="255" autoIncrement="false">
        <default/>
        <onCreateDefault/>
      </column>
      <column name="EM_OBUIAPP_SELECTION_TYPE" primaryKey="false" required="false" type="VARCHAR" size="60" autoIncrement="false">
        <default/>
        <onCreateDefault/>
      </column>
      <check name="EM_OBUIAPP_AD_TAB_CAN_ADD"><![CDATA[EM_OBUIAPP_CAN_ADD IN ('Y', 'N')]]></check>
      <check name="EM_OBUIAPP_AD_TAB_CAN_DELETE"><![CDATA[EM_OBUIAPP_CAN_DELETE IN ('Y', 'N')]]></check>
      <check name="EM_OBUIAPP_AD_TAB_SHOW_SELECT"><![CDATA[EM_OBUIAPP_SHOW_SELECT IN ('Y', 'N')]]></check>
    </table>
  </database>
