<?xml version='1.0' encoding='UTF-8'?>
<data>
<!--5717805411944D0298C5670BC6B6F2B6--><AD_MODULE_DBPREFIX>
<!--5717805411944D0298C5670BC6B6F2B6-->  <AD_MODULE_DBPREFIX_ID><![CDATA[5717805411944D0298C5670BC6B6F2B6]]></AD_MODULE_DBPREFIX_ID>
<!--5717805411944D0298C5670BC6B6F2B6-->  <AD_CLIENT_ID><![CDATA[0]]></AD_CLIENT_ID>
<!--5717805411944D0298C5670BC6B6F2B6-->  <AD_ORG_ID><![CDATA[0]]></AD_ORG_ID>
<!--5717805411944D0298C5670BC6B6F2B6-->  <ISACTIVE><![CDATA[Y]]></ISACTIVE>
<!--5717805411944D0298C5670BC6B6F2B6-->  <AD_MODULE_ID><![CDATA[8A098711BB324335A19833286BDB093D]]></AD_MODULE_ID>
<!--5717805411944D0298C5670BC6B6F2B6-->  <NAME><![CDATA[JDBCCP]]></NAME>
<!--5717805411944D0298C5670BC6B6F2B6--></AD_MODULE_DBPREFIX>

</data>
