<?xml version="1.0"?>
  <database name="MODIFIED TABLE C_INVOICE">
    <table name="C_INVOICE" primaryKey="C_INVOICE_KEY">
      <column name="EM_APRM_ADDPAYMENT" primaryKey="false" required="false" type="CHAR" size="1" autoIncrement="false">
        <default><![CDATA[Y]]></default>
        <onCreateDefault/>
      </column>
      <column name="EM_APRM_PROCESSINVOICE" primaryKey="false" required="false" type="VARCHAR" size="60" autoIncrement="false">
        <default/>
        <onCreateDefault/>
      </column>
    </table>
  </database>
