<?xml version="1.0"?>
  <database name="MODIFIED TABLE FIN_PAYMENT_PROPOSAL">
    <table name="FIN_PAYMENT_PROPOSAL" primaryKey="FIN_PAYMENT_PROPOSAL_KEY">
      <column name="EM_APRM_PROCESS_PROPOSAL" primaryKey="false" required="false" type="VARCHAR" size="60" autoIncrement="false">
        <default/>
        <onCreateDefault/>
      </column>
      <column name="EM_APRM_SELEXPECTEDPAYMENTS" primaryKey="false" required="false" type="CHAR" size="1" autoIncrement="false">
        <default><![CDATA[Y]]></default>
        <onCreateDefault/>
      </column>
      <column name="EM_APRM_EXECUTEPAYMENT" primaryKey="false" required="false" type="CHAR" size="1" autoIncrement="false">
        <default/>
        <onCreateDefault/>
      </column>
    </table>
  </database>
