<?xml version="1.0"?>
  <database name="MODIFIED TABLE FIN_PAYMENT">
    <table name="FIN_PAYMENT" primaryKey="FIN_PAYMENT_KEY">
      <column name="EM_APRM_PROCESS_PAYMENT" primaryKey="false" required="false" type="VARCHAR" size="60" autoIncrement="false">
        <default><![CDATA[P]]></default>
        <onCreateDefault/>
      </column>
      <column name="EM_APRM_RECONCILE_PAYMENT" primaryKey="false" required="false" type="CHAR" size="1" autoIncrement="false">
        <default/>
        <onCreateDefault/>
      </column>
      <column name="EM_APRM_ADD_SCHEDULEDPAYMENTS" primaryKey="false" required="false" type="CHAR" size="1" autoIncrement="false">
        <default/>
        <onCreateDefault/>
      </column>
      <column name="EM_APRM_EXECUTEPAYMENT" primaryKey="false" required="false" type="CHAR" size="1" autoIncrement="false">
        <default/>
        <onCreateDefault/>
      </column>
      <column name="EM_APRM_REVERSEPAYMENT" primaryKey="false" required="true" type="CHAR" size="1" autoIncrement="false">
        <default><![CDATA[N]]></default>
        <onCreateDefault><![CDATA['N']]></onCreateDefault>
      </column>
    </table>
  </database>
