<?xml version="1.0"?>
  <database name="MODIFIED TABLE FIN_BANKSTATEMENT">
    <table name="FIN_BANKSTATEMENT" primaryKey="FIN_BANKSTATEMENT_KEY">
      <column name="EM_APRM_PROCESS_BS" primaryKey="false" required="false" type="VARCHAR" size="60" autoIncrement="false">
        <default><![CDATA[P]]></default>
        <onCreateDefault/>
      </column>
      <column name="EM_APRM_PROCESS_BS_FORCE" primaryKey="false" required="false" type="VARCHAR" size="60" autoIncrement="false">
        <default><![CDATA[P]]></default>
        <onCreateDefault/>
      </column>
    </table>
  </database>
