<?xml version="1.0"?>
  <database name="MODIFIED TABLE FIN_RECONCILIATION">
    <table name="FIN_RECONCILIATION" primaryKey="FIN_RECONCILIATION_KEY">
      <column name="EM_APRM_PROCESS_RECONCILIATION" primaryKey="false" required="false" type="VARCHAR" size="60" autoIncrement="false">
        <default><![CDATA[P]]></default>
        <onCreateDefault/>
      </column>
      <column name="EM_APRM_PRINTDETAILED" primaryKey="false" required="true" type="CHAR" size="1" autoIncrement="false">
        <default><![CDATA[N]]></default>
        <onCreateDefault/>
      </column>
      <column name="EM_APRM_PRINTSUMMARY" primaryKey="false" required="true" type="CHAR" size="1" autoIncrement="false">
        <default><![CDATA[N]]></default>
        <onCreateDefault/>
      </column>
      <column name="EM_APRM_PROCESS_REC" primaryKey="false" required="false" type="VARCHAR" size="60" autoIncrement="false">
        <default><![CDATA[P]]></default>
        <onCreateDefault/>
      </column>
      <column name="EM_APRM_PROCESS_REC_FORCE" primaryKey="false" required="false" type="VARCHAR" size="60" autoIncrement="false">
        <default><![CDATA[P]]></default>
        <onCreateDefault/>
      </column>
      <check name="EM_APRM_REC_PRINTDET_CHK"><![CDATA[EM_APRM_PRINTDETAILED IN ('Y', 'N')]]></check>
      <check name="EM_APRM_REC_PRINTSUM_CHK"><![CDATA[EM_APRM_PRINTSUMMARY IN ('Y', 'N')]]></check>
    </table>
  </database>
