<?xml version='1.0' encoding='UTF-8'?>
<data>
<!--3F88D97C7E9E4DD9847A5488771F4AB3--><AD_MODEL_OBJECT>
<!--3F88D97C7E9E4DD9847A5488771F4AB3-->  <AD_MODEL_OBJECT_ID><![CDATA[3F88D97C7E9E4DD9847A5488771F4AB3]]></AD_MODEL_OBJECT_ID>
<!--3F88D97C7E9E4DD9847A5488771F4AB3-->  <AD_CLIENT_ID><![CDATA[0]]></AD_CLIENT_ID>
<!--3F88D97C7E9E4DD9847A5488771F4AB3-->  <AD_ORG_ID><![CDATA[0]]></AD_ORG_ID>
<!--3F88D97C7E9E4DD9847A5488771F4AB3-->  <ISACTIVE><![CDATA[Y]]></ISACTIVE>
<!--3F88D97C7E9E4DD9847A5488771F4AB3-->  <ACTION><![CDATA[M]]></ACTION>
<!--3F88D97C7E9E4DD9847A5488771F4AB3-->  <CLASSNAME><![CDATA[org.jboss.weld.environment.servlet.Listener]]></CLASSNAME>
<!--3F88D97C7E9E4DD9847A5488771F4AB3-->  <ISDEFAULT><![CDATA[N]]></ISDEFAULT>
<!--3F88D97C7E9E4DD9847A5488771F4AB3-->  <AD_MODULE_ID><![CDATA[C70732EA90A14EC0916078B85CC33D2D]]></AD_MODULE_ID>
<!--3F88D97C7E9E4DD9847A5488771F4AB3-->  <OBJECT_TYPE><![CDATA[L]]></OBJECT_TYPE>
<!--3F88D97C7E9E4DD9847A5488771F4AB3-->  <SEQNO><![CDATA[1]]></SEQNO>
<!--3F88D97C7E9E4DD9847A5488771F4AB3-->  <NAME><![CDATA[org.jboss.weld.environment.servlet.Listener]]></NAME>
<!--3F88D97C7E9E4DD9847A5488771F4AB3--></AD_MODEL_OBJECT>

</data>
