<?xml version='1.0' encoding='UTF-8'?>
<data>
<!--1024A58AACBB4CBBA7A5B6D58682D1D1--><AD_MODULE_MERGE>
<!--1024A58AACBB4CBBA7A5B6D58682D1D1-->  <AD_MODULE_MERGE_ID><![CDATA[1024A58AACBB4CBBA7A5B6D58682D1D1]]></AD_MODULE_MERGE_ID>
<!--1024A58AACBB4CBBA7A5B6D58682D1D1-->  <AD_CLIENT_ID><![CDATA[0]]></AD_CLIENT_ID>
<!--1024A58AACBB4CBBA7A5B6D58682D1D1-->  <AD_ORG_ID><![CDATA[0]]></AD_ORG_ID>
<!--1024A58AACBB4CBBA7A5B6D58682D1D1-->  <ISACTIVE><![CDATA[Y]]></ISACTIVE>
<!--1024A58AACBB4CBBA7A5B6D58682D1D1-->  <AD_MODULE_ID><![CDATA[C70732EA90A14EC0916078B85CC33D2D]]></AD_MODULE_ID>
<!--1024A58AACBB4CBBA7A5B6D58682D1D1-->  <MERGED_MODULE_UUID><![CDATA[3D1C583F6590438482D997B56332B761]]></MERGED_MODULE_UUID>
<!--1024A58AACBB4CBBA7A5B6D58682D1D1-->  <MERGED_MODULE_NAME><![CDATA[Seam]]></MERGED_MODULE_NAME>
<!--1024A58AACBB4CBBA7A5B6D58682D1D1--></AD_MODULE_MERGE>

</data>
