<?xml version="1.0"?>
  <database name="TABLE APRM_PENDING_PAYMENTINVOICE">
    <table name="APRM_PENDING_PAYMENTINVOICE" primaryKey="APRM_PENDING_PAYINV_KEY">
      <column name="APRM_PENDING_PAYMENTINVOICE_ID" primaryKey="true" required="true" type="VARCHAR" size="32" autoIncrement="false">
        <default/>
        <onCreateDefault/>
      </column>
      <column name="AD_CLIENT_ID" primaryKey="false" required="true" type="VARCHAR" size="32" autoIncrement="false">
        <default/>
        <onCreateDefault/>
      </column>
      <column name="AD_ORG_ID" primaryKey="false" required="true" type="VARCHAR" size="32" autoIncrement="false">
        <default/>
        <onCreateDefault/>
      </column>
      <column name="CREATED" primaryKey="false" required="true" type="TIMESTAMP" size="7" autoIncrement="false">
        <default><![CDATA[SYSDATE]]></default>
        <onCreateDefault/>
      </column>
      <column name="CREATEDBY" primaryKey="false" required="true" type="VARCHAR" size="32" autoIncrement="false">
        <default/>
        <onCreateDefault/>
      </column>
      <column name="UPDATED" primaryKey="false" required="true" type="TIMESTAMP" size="7" autoIncrement="false">
        <default><![CDATA[SYSDATE]]></default>
        <onCreateDefault/>
      </column>
      <column name="UPDATEDBY" primaryKey="false" required="true" type="VARCHAR" size="32" autoIncrement="false">
        <default/>
        <onCreateDefault/>
      </column>
      <column name="ISACTIVE" primaryKey="false" required="true" type="CHAR" size="1" autoIncrement="false">
        <default><![CDATA[Y]]></default>
        <onCreateDefault/>
      </column>
      <column name="FIN_PAYMENT_ID" primaryKey="false" required="true" type="VARCHAR" size="32" autoIncrement="false">
        <default/>
        <onCreateDefault/>
      </column>
      <column name="C_INVOICE_ID" primaryKey="false" required="true" type="VARCHAR" size="32" autoIncrement="false">
        <default/>
        <onCreateDefault/>
      </column>
      <column name="FIN_PAY_EXEC_PROCESS_ID" primaryKey="false" required="true" type="VARCHAR" size="32" autoIncrement="false">
        <default/>
        <onCreateDefault/>
      </column>
      <column name="PROCESSING" primaryKey="false" required="true" type="CHAR" size="1" autoIncrement="false">
        <default><![CDATA[Y]]></default>
        <onCreateDefault/>
      </column>
      <foreign-key foreignTable="FIN_PAY_EXEC_PROCESS" name="APRM_PENDING_PAY_INV_EXECPROC">
        <reference local="FIN_PAY_EXEC_PROCESS_ID" foreign="FIN_PAY_EXEC_PROCESS_ID"/>
      </foreign-key>
      <foreign-key foreignTable="AD_CLIENT" name="APRM_PENDING_PAYINV_CLIENT">
        <reference local="AD_CLIENT_ID" foreign="AD_CLIENT_ID"/>
      </foreign-key>
      <foreign-key foreignTable="C_INVOICE" name="APRM_PENDING_PAYINV_INVOICE">
        <reference local="C_INVOICE_ID" foreign="C_INVOICE_ID"/>
      </foreign-key>
      <foreign-key foreignTable="AD_ORG" name="APRM_PENDING_PAYINV_ORG">
        <reference local="AD_ORG_ID" foreign="AD_ORG_ID"/>
      </foreign-key>
      <foreign-key foreignTable="FIN_PAYMENT" name="APRM_PENDING_PAYINV_PAYMENT" onDelete="cascade">
        <reference local="FIN_PAYMENT_ID" foreign="FIN_PAYMENT_ID"/>
      </foreign-key>
      <check name="APRM_PENDINGPAYINV_ACTIVE_CHK"><![CDATA[ISACTIVE IN ('Y', 'N')]]></check>
      <check name="APRM_PENDINGPAYINV_PROING_CHK"><![CDATA[PROCESSING IN ('Y', 'N')]]></check>
    </table>
  </database>
